Stimulus_ID,Angle,Proximity,n_candidates,Candidates,Actor,path,label,annotator,list_id,Site,HeadTarget,face_x_min,face_y_min,face_x_max,face_y_max,option1_x,option1_y,option2_x,option2_y,option3_x,option3_y,option4_x,option4_y,DistEyeHead
0,front,1,2,water+coffee,X,./stimuli/A_cropped/bottle_coffee_X/1/front/IMG_9963.JPG,water,annotator1,7,Site0,-1,0.436420346,0.202936541,0.616500463,0.453954955,0.690440377,0.769305963,0.335647346,0.890518084,-1.0,-1.0,-1.0,-1.0,
1,front,1,2,water+coffee,X,./stimuli/A_cropped/bottle_coffee_X/1/front/IMG_9964.JPG,water,annotator1,3,Site0,-1,0.434953232,0.21115888,0.608199837,0.445732615,0.694896239,0.721407625,0.319252308,0.866080156,-1.0,-1.0,-1.0,-1.0,
2,front,1,2,water+coffee,X,./stimuli/A_cropped/bottle_coffee_X/1/front/IMG_9965.JPG,coffee,annotator1,9,Site0,-1,0.449574349,0.18769847,0.618859558,0.422272205,0.704264842,0.744868035,0.347579026,0.853372434,-1.0,-1.0,-1.0,-1.0,
3,front,1,2,water+coffee,X,./stimuli/A_cropped/bottle_coffee_X/1/front/IMG_9966.JPG,coffee,annotator1,3,Site0,-1,0.455114327,0.200729397,0.615843728,0.422926517,0.711799042,0.671554252,0.379227957,0.832844575,-1.0,-1.0,-1.0,-1.0,
4,left,1,2,water+coffee,X,./stimuli/A_cropped/bottle_coffee_X/1/left/IMG_9959.JPG,water,annotator1,14,Site0,-1,0.598051477,0.258012467,0.723909288,0.43211461,0.110851345,0.542521994,0.175784609,0.548387097,-1.0,-1.0,-1.0,-1.0,
5,left,1,2,water+coffee,X,./stimuli/A_cropped/bottle_coffee_X/1/left/IMG_9960.JPG,water,annotator1,6,Site0,-1,0.603392415,0.251169847,0.735413506,0.42527199,0.108056958,0.542521994,0.173456492,0.548387097,-1.0,-1.0,-1.0,-1.0,
6,left,1,2,water+coffee,X,./stimuli/A_cropped/bottle_coffee_X/1/left/IMG_9961.JPG,coffee,annotator1,17,Site0,-1,0.592748413,0.251169847,0.710556423,0.42527199,0.102200497,0.542521994,0.168577239,0.548387097,-1.0,-1.0,-1.0,-1.0,
7,left,1,2,water+coffee,X,./stimuli/A_cropped/bottle_coffee_X/1/left/IMG_9962.JPG,coffee,annotator1,3,Site0,-1,0.606330461,0.256831531,0.723362898,0.427430443,0.122447927,0.542521994,0.192060601,0.560117302,-1.0,-1.0,-1.0,-1.0,
8,right,1,2,water+coffee,X,./stimuli/A_cropped/bottle_coffee_X/1/right/IMG_9967.JPG,water,annotator1,5,Site0,-1,0.203426986,0.276778931,0.329,0.503302392,0.935483871,0.623647223,0.832844575,0.805239824,-1.0,-1.0,-1.0,-1.0,
9,right,1,2,water+coffee,X,./stimuli/A_cropped/bottle_coffee_X/1/right/IMG_9968.JPG,water,annotator1,9,Site0,-1,0.219056989,0.319795482,0.334217694,0.501980984,0.890518084,0.617801409,0.801564027,0.790808645,-1.0,-1.0,-1.0,-1.0,
10,right,1,2,water+coffee,X,./stimuli/A_cropped/bottle_coffee_X/1/right/IMG_9969.JPG,coffee,annotator1,4,Site0,-1,0.130344822,0.266197186,0.291942568,0.464539507,0.884652981,0.577103588,0.788856305,0.75448179,-1.0,-1.0,-1.0,-1.0,
11,right,1,2,water+coffee,X,./stimuli/A_cropped/bottle_coffee_X/1/right/IMG_9970.JPG,coffee,annotator1,0,Site0,-1,0.149895164,0.343699777,0.31149291,0.534931128,0.900293255,0.660152452,0.810361681,0.829886675,-1.0,-1.0,-1.0,-1.0,
12,front,2,2,water+coffee,X,./stimuli/A_cropped/bottle_coffee_X/2/front/bottle0.JPG,water,annotator1,10,Site0,-1,0.400369087,0.263362606,0.540953084,0.456089984,0.807420805,0.721407625,0.156011852,0.788856305,-1.0,-1.0,-1.0,-1.0,
13,front,2,2,water+coffee,X,./stimuli/A_cropped/bottle_coffee_X/2/front/bottle1.JPG,water,annotator1,13,Site0,-1,0.391188215,0.320343736,0.53804968,0.518365941,0.832214299,0.769305963,0.128269201,0.866080156,-1.0,-1.0,-1.0,-1.0,
14,front,2,2,water+coffee,X,./stimuli/A_cropped/bottle_coffee_X/2/front/coffee0.JPG,coffee,annotator1,16,Site0,-1,0.389808347,0.329639679,0.540160702,0.534485444,0.828781673,0.769305963,0.132110134,0.866080156,-1.0,-1.0,-1.0,-1.0,
15,front,2,2,water+coffee,X,./stimuli/A_cropped/bottle_coffee_X/2/front/coffee1.JPG,coffee,annotator1,1,Site0,-1,0.40513829,0.342541492,0.551484114,0.53526887,0.831528771,0.788856305,0.141913517,0.866080156,-1.0,-1.0,-1.0,-1.0,
16,front,2,2,water+coffee,X,./stimuli/A_cropped/bottle_coffee_X/2/front/coffee2.JPG,coffee,annotator1,16,Site0,-1,0.384785625,0.257701661,0.539945558,0.471878007,0.866080156,0.759584674,0.105571848,0.840616551,-1.0,-1.0,-1.0,-1.0,
17,left,2,2,water+coffee,X,./stimuli/A_cropped/bottle_coffee_X/2/left/IMG_9971.JPG,water,annotator1,0,Site0,-1,0.610195572,0.214024197,0.755074308,0.38812634,0.203578957,0.632453568,0.203578957,0.470185728,-1.0,-1.0,-1.0,-1.0,
18,left,2,2,water+coffee,X,./stimuli/A_cropped/bottle_coffee_X/2/left/IMG_9972.JPG,water,annotator1,18,Site0,-1,0.596839807,0.20515944,0.748845433,0.385260892,0.203403715,0.590420332,0.191853372,0.470185728,-1.0,-1.0,-1.0,-1.0,
19,left,2,2,water+coffee,X,./stimuli/A_cropped/bottle_coffee_X/2/left/IMG_9973.JPG,coffee,annotator1,10,Site0,-1,0.60961838,0.208159095,0.737255809,0.382261238,0.215097339,0.671554252,0.20594718,0.481915934,-1.0,-1.0,-1.0,-1.0,
20,left,2,2,water+coffee,X,./stimuli/A_cropped/bottle_coffee_X/2/left/IMG_9974.JPG,coffee,annotator1,8,Site0,-1,0.573394066,0.211024543,0.699987915,0.391125995,0.190243665,0.674486804,0.186414786,0.481915934,-1.0,-1.0,-1.0,-1.0,
21,right,2,2,water+coffee,X,./stimuli/A_cropped/bottle_coffee_X/2/right/IMG_9980.JPG,water,annotator1,17,Site0,-1,0.218523408,0.355764178,0.345119755,0.529866321,0.887090742,0.594330401,0.735069651,0.942326491,-1.0,-1.0,-1.0,-1.0,
22,right,2,2,water+coffee,X,./stimuli/A_cropped/bottle_coffee_X/2/right/IMG_9981.JPG,water,annotator1,12,Site0,-1,0.190335567,0.33257223,0.341720816,0.537417995,0.874995912,0.542521994,0.729393104,0.942326491,-1.0,-1.0,-1.0,-1.0,
23,right,2,2,water+coffee,X,./stimuli/A_cropped/bottle_coffee_X/2/right/IMG_9982.JPG,coffee,annotator1,17,Site0,-1,0.205013402,0.356210698,0.338,0.545060074,0.88559108,0.594330401,0.740582468,0.942326491,-1.0,-1.0,-1.0,-1.0,
24,right,2,2,water+coffee,X,./stimuli/A_cropped/bottle_coffee_X/2/right/IMG_9983.JPG,coffee,annotator1,18,Site0,-1,0.203890623,0.340392367,0.34,0.545238132,0.888222595,0.594330401,0.737484152,0.942326491,-1.0,-1.0,-1.0,-1.0,
25,front,3,2,water+coffee,X,./stimuli/A_cropped/bottle_coffee_X/3/front/bottle0.JPG,water,annotator1,1,Site0,-1,0.440081367,0.430214091,0.549165945,0.57067685,0.942326491,0.74545405,0.064516129,0.803365168,-1.0,-1.0,-1.0,-1.0,
26,front,3,2,water+coffee,X,./stimuli/A_cropped/bottle_coffee_X/3/front/bottle1.JPG,water,annotator1,12,Site0,-1,0.442908406,0.425392129,0.558069111,0.575473672,0.942326491,0.738528139,0.099706745,0.812987013,-1.0,-1.0,-1.0,-1.0,
27,front,3,2,water+coffee,X,./stimuli/A_cropped/bottle_coffee_X/3/front/coffee0.JPG,coffee,annotator1,12,Site0,-1,0.419553508,0.426667372,0.528638086,0.574219153,0.935483871,0.744237589,0.078201369,0.797429078,-1.0,-1.0,-1.0,-1.0,
28,front,3,2,water+coffee,X,./stimuli/A_cropped/bottle_coffee_X/3/front/coffee1.JPG,coffee,annotator1,0,Site0,-1,0.414523419,0.439095995,0.525848038,0.579622202,0.935483871,0.763391778,0.078201369,0.803502201,-1.0,-1.0,-1.0,-1.0,
29,left,3,2,water+coffee,X,./stimuli/A_cropped/bottle_coffee_X/3/left/bottle0.JPG,water,annotator1,16,Site0,-1,0.5307316,0.178833582,0.679812908,0.352935724,0.3286898,0.632453568,0.189621656,0.411534702,-1.0,-1.0,-1.0,-1.0,
30,left,3,2,water+coffee,X,./stimuli/A_cropped/bottle_coffee_X/3/left/bottle1.JPG,water,annotator1,10,Site0,-1,0.544850553,0.171013445,0.677624208,0.345115588,0.337360509,0.671554252,0.211264705,0.401759531,-1.0,-1.0,-1.0,-1.0,
31,left,3,2,water+coffee,X,./stimuli/A_cropped/bottle_coffee_X/3/left/coffee0.JPG,coffee,annotator1,11,Site0,-1,0.488654401,0.227929248,0.603030982,0.382041427,0.309547842,0.721407625,0.178355749,0.450635386,-1.0,-1.0,-1.0,-1.0,
32,left,3,2,water+coffee,X,./stimuli/A_cropped/bottle_coffee_X/3/left/coffee1.JPG,coffee,annotator1,11,Site0,-1,0.499127405,0.234771867,0.607279555,0.388884047,0.309881271,0.769305963,0.182639381,0.458455523,-1.0,-1.0,-1.0,-1.0,
33,right,3,2,water+coffee,X,./stimuli/A_cropped/bottle_coffee_X/3/right/IMG_9992.JPG,water,annotator1,2,Site0,-1,0.342820938,0.250564916,0.473750462,0.420011819,0.91878011,0.500488759,0.579097518,0.935483871,-1.0,-1.0,-1.0,-1.0,
34,right,3,2,water+coffee,X,./stimuli/A_cropped/bottle_coffee_X/3/right/IMG_9993.JPG,water,annotator1,8,Site0,-1,0.344936587,0.253940172,0.48305865,0.416636563,0.930011908,0.442815249,0.599306617,0.921798631,-1.0,-1.0,-1.0,-1.0,
35,right,3,2,water+coffee,X,./stimuli/A_cropped/bottle_coffee_X/3/right/IMG_9994.JPG,coffee,annotator1,1,Site0,-1,0.299747727,0.217347188,0.455785778,0.439544308,0.92050125,0.442815249,0.592028893,0.942326491,-1.0,-1.0,-1.0,-1.0,
36,right,3,2,water+coffee,X,./stimuli/A_cropped/bottle_coffee_X/3/right/IMG_9995.JPG,coffee,annotator1,10,Site0,-1,0.291517589,0.22723964,0.427935001,0.431175653,0.884652981,0.441122864,0.548387097,0.919925359,-1.0,-1.0,-1.0,-1.0,
37,front,1,2,coffee+remote,X,./stimuli/A_cropped/coffee_remote_X/1/front/IMG_0001.JPG,coffee,annotator1,12,Site0,-1,0.444833673,0.202361226,0.613838968,0.436934961,0.713049016,0.884652981,0.361975017,0.900293255,-1.0,-1.0,-1.0,-1.0,
38,front,1,2,coffee+remote,X,./stimuli/A_cropped/coffee_remote_X/1/front/IMG_0002.JPG,coffee,annotator1,15,Site0,-1,0.448082524,0.179931352,0.613192418,0.388983604,0.696171271,0.811339198,0.368761877,0.853372434,-1.0,-1.0,-1.0,-1.0,
39,front,1,2,coffee+remote,X,./stimuli/A_cropped/coffee_remote_X/1/front/IMG_0003.JPG,remote,annotator1,17,Site0,-1,0.426937279,0.155440405,0.600767384,0.39001414,0.679186614,0.853372434,0.349411748,0.866080156,-1.0,-1.0,-1.0,-1.0,
40,front,1,2,coffee+remote,X,./stimuli/A_cropped/coffee_remote_X/1/front/IMG_0004.JPG,remote,annotator1,11,Site0,-1,0.437501535,0.16717061,0.619610446,0.401744346,0.734533628,0.866080156,0.365646405,0.890518084,-1.0,-1.0,-1.0,-1.0,
41,left,1,2,coffee+remote,X,./stimuli/A_cropped/coffee_remote_X/1/left/IMG_9996.JPG,coffee,annotator1,6,Site0,-1,0.664069162,0.290245197,0.825666908,0.508228784,0.099706745,0.739092716,0.165200391,0.655533147,-1.0,-1.0,-1.0,-1.0,
42,left,1,2,coffee+remote,X,./stimuli/A_cropped/coffee_remote_X/1/left/IMG_9997.JPG,coffee,annotator1,18,Site0,-1,0.653123556,0.27607034,0.824882309,0.511056282,0.10459433,0.752555349,0.165200391,0.664290778,-1.0,-1.0,-1.0,-1.0,
43,left,1,2,coffee+remote,X,./stimuli/A_cropped/coffee_remote_X/1/left/IMG_9998.JPG,remote,annotator1,13,Site0,-1,0.675291423,0.284591843,0.822264784,0.505534636,0.11827957,0.748996286,0.203323558,0.669288224,-1.0,-1.0,-1.0,-1.0,
44,left,1,2,coffee+remote,X,./stimuli/A_cropped/coffee_remote_X/1/left/IMG_9999.JPG,remote,annotator1,1,Site0,-1,0.660716698,0.297174307,0.829019373,0.51738795,0.078201369,0.778156615,0.1485826,0.691208627,-1.0,-1.0,-1.0,-1.0,
45,right,1,2,coffee+remote,X,./stimuli/A_cropped/coffee_remote_X/1/right/IMG_0005.JPG,coffee,annotator1,15,Site0,-1,0.226877126,0.331236651,0.355,0.482191866,0.890518084,0.654515765,0.866080156,0.769772279,-1.0,-1.0,-1.0,-1.0,
46,right,1,2,coffee+remote,X,./stimuli/A_cropped/coffee_remote_X/1/right/IMG_0006.JPG,coffee,annotator1,4,Site0,-1,0.206790648,0.296277239,0.338663898,0.505234395,0.884652981,0.690535,0.866080156,0.799807341,-1.0,-1.0,-1.0,-1.0,
47,right,1,2,coffee+remote,X,./stimuli/A_cropped/coffee_remote_X/1/right/IMG_0007.JPG,remote,annotator1,5,Site0,-1,0.210269606,0.304854824,0.335184939,0.489159497,0.853372434,0.650362369,0.853372434,0.75945583,-1.0,-1.0,-1.0,-1.0,
48,right,1,2,coffee+remote,X,./stimuli/A_cropped/coffee_remote_X/1/right/IMG_0008.JPG,remote,annotator1,13,Site0,-1,0.198594026,0.294790352,0.33317528,0.491374593,0.866080156,0.656092139,0.853372434,0.769342761,-1.0,-1.0,-1.0,-1.0,
49,front,2,2,coffee+remote,X,./stimuli/A_cropped/coffee_remote_X/2/front/IMG_0013.JPG,coffee,annotator1,3,Site0,-1,0.399162026,0.209049998,0.560759772,0.424884044,0.866080156,0.806254198,0.105571848,0.836834647,-1.0,-1.0,-1.0,-1.0,
50,front,2,2,coffee+remote,X,./stimuli/A_cropped/coffee_remote_X/2/front/IMG_0014.JPG,coffee,annotator1,18,Site0,-1,0.395190007,0.245918664,0.54518145,0.450110141,0.832844575,0.813276436,0.109481916,0.831886918,-1.0,-1.0,-1.0,-1.0,
51,front,2,2,coffee+remote,X,./stimuli/A_cropped/coffee_remote_X/2/front/IMG_0015.JPG,remote,annotator1,4,Site0,-1,0.372769064,0.235430238,0.534366811,0.46537382,0.866080156,0.846900558,0.099706745,0.86450032,-1.0,-1.0,-1.0,-1.0,
52,front,2,2,coffee+remote,X,./stimuli/A_cropped/coffee_remote_X/2/front/IMG_0016.JPG,remote,annotator1,5,Site0,-1,0.40795968,0.207796631,0.569557426,0.425218194,0.884652981,0.798230196,0.109481916,0.828009423,-1.0,-1.0,-1.0,-1.0,
53,left,2,2,coffee+remote,X,./stimuli/A_cropped/coffee_remote_X/2/left/IMG_0009.JPG,coffee,annotator1,7,Site0,-1,0.669872314,0.242439311,0.819863757,0.471217615,0.11827957,0.805514191,0.1485826,0.575460781,-1.0,-1.0,-1.0,-1.0,
54,left,2,2,coffee+remote,X,./stimuli/A_cropped/coffee_remote_X/2/left/IMG_0010.JPG,coffee,annotator1,4,Site0,-1,0.634681698,0.255826319,0.784673141,0.471903002,0.109481916,0.822765982,0.105571848,0.594123246,-1.0,-1.0,-1.0,-1.0,
55,left,2,2,coffee+remote,X,./stimuli/A_cropped/coffee_remote_X/2/left/IMG_0011.JPG,remote,annotator1,0,Site0,-1,0.658204059,0.222418165,0.819801806,0.448169652,0.109481916,0.820428214,0.1485826,0.58256695,-1.0,-1.0,-1.0,-1.0,
56,left,2,2,coffee+remote,X,./stimuli/A_cropped/coffee_remote_X/2/left/IMG_0012.JPG,remote,annotator1,19,Site0,-1,0.638638634,0.236941306,0.780716205,0.456290386,0.11827957,0.811340735,0.109481916,0.580225316,-1.0,-1.0,-1.0,-1.0,
57,right,2,2,coffee+remote,X,./stimuli/A_cropped/coffee_remote_X/2/right/IMG_0017.JPG,coffee,annotator1,16,Site0,-1,0.2,0.25,0.37,0.5,0.913000978,0.63055995,0.853372434,0.917695487,-1.0,-1.0,-1.0,-1.0,
58,right,2,2,coffee+remote,X,./stimuli/A_cropped/coffee_remote_X/2/right/IMG_0018.JPG,coffee,annotator1,9,Site0,-1,0.2,0.25,0.37,0.5,0.913000978,0.62999608,0.853372434,0.927404087,-1.0,-1.0,-1.0,-1.0,
59,right,2,2,coffee+remote,X,./stimuli/A_cropped/coffee_remote_X/2/right/IMG_0019.JPG,remote,annotator1,11,Site0,-1,0.1919284,0.249592192,0.353526146,0.472611901,0.903225806,0.631154514,0.853372434,0.931212811,-1.0,-1.0,-1.0,-1.0,
60,right,2,2,coffee+remote,X,./stimuli/A_cropped/coffee_remote_X/2/right/IMG_0020.JPG,remote,annotator1,4,Site0,-1,0.155177732,0.251895948,0.345311026,0.471204176,0.890518084,0.618188972,0.810361681,0.918244238,-1.0,-1.0,-1.0,-1.0,
61,front,3,2,coffee+remote,X,./stimuli/A_cropped/coffee_remote_X/3/front/IMG_0025.JPG,coffee,annotator1,3,Site0,-1,0.492915711,0.339938554,0.592128277,0.481422708,0.942326491,0.708204382,0.109481916,0.722520378,-1.0,-1.0,-1.0,-1.0,
62,front,3,2,coffee+remote,X,./stimuli/A_cropped/coffee_remote_X/3/front/IMG_0026.JPG,coffee,annotator1,8,Site0,-1,0.483309969,0.338969132,0.58804878,0.472918824,0.921798631,0.68727475,0.109481916,0.709044393,-1.0,-1.0,-1.0,-1.0,
63,front,3,2,coffee+remote,X,./stimuli/A_cropped/coffee_remote_X/3/front/IMG_0027.JPG,remote,annotator1,4,Site0,-1,0.437442909,0.337506657,0.540074197,0.476966896,0.913000978,0.697947733,0.099706745,0.711161868,-1.0,-1.0,-1.0,-1.0,
64,front,3,2,coffee+remote,X,./stimuli/A_cropped/coffee_remote_X/3/front/IMG_0028.JPG,remote,annotator1,-1,Site0,-1,0.442908406,0.382886371,0.558069111,0.524250239,0.942326491,0.765494051,0.064516129,0.783749247,-1.0,-1.0,-1.0,-1.0,
65,left,3,2,coffee+remote,X,./stimuli/A_cropped/coffee_remote_X/3/left/IMG_0021.JPG,coffee,annotator1,19,Site0,-1,0.609118315,0.164561264,0.773332848,0.386758384,0.231102218,0.849462366,0.162716911,0.458455523,-1.0,-1.0,-1.0,-1.0,
66,left,3,2,coffee+remote,X,./stimuli/A_cropped/coffee_remote_X/3/left/IMG_0022.JPG,coffee,annotator1,11,Site0,-1,0.598256556,0.173358918,0.766452904,0.395556038,0.217134789,0.866080156,0.155871257,0.476050831,-1.0,-1.0,-1.0,-1.0,
67,left,3,2,coffee+remote,X,./stimuli/A_cropped/coffee_remote_X/3/left/IMG_0023.JPG,remote,annotator1,3,Site0,-1,0.604877439,0.196894415,0.744096168,0.37982776,0.230694037,0.859450217,0.188660802,0.474564938,-1.0,-1.0,-1.0,-1.0,
68,left,3,2,coffee+remote,X,./stimuli/A_cropped/coffee_remote_X/3/left/IMG_0024.JPG,remote,annotator1,-1,Site0,-1,0.535486805,0.188093789,0.668327341,0.380821167,0.193364817,0.853372434,0.143096754,0.474095797,-1.0,-1.0,-1.0,-1.0,
69,right,3,2,coffee+remote,X,./stimuli/A_cropped/coffee_remote_X/3/right/IMG_0029.JPG,coffee,annotator1,7,Site0,-1,0.255481775,0.182963461,0.397236569,0.33707564,0.862287653,0.417399804,0.500428743,0.890518084,-1.0,-1.0,-1.0,-1.0,
70,right,3,2,coffee+remote,X,./stimuli/A_cropped/coffee_remote_X/3/right/IMG_0030.JPG,coffee,annotator1,5,Site0,-1,0.255235393,0.240252637,0.380150726,0.391034088,0.796676442,0.469651364,0.500488759,0.892720405,-1.0,-1.0,-1.0,-1.0,
71,right,3,2,coffee+remote,X,./stimuli/A_cropped/coffee_remote_X/3/right/IMG_0031.JPG,remote,annotator1,3,Site0,-1,0.144838063,0.15388069,0.292038102,0.346608068,0.776765292,0.407624633,0.500479663,0.900293255,-1.0,-1.0,-1.0,-1.0,
72,right,3,2,coffee+remote,X,./stimuli/A_cropped/coffee_remote_X/3/right/IMG_0032.JPG,remote,annotator1,9,Site0,-1,0.293341391,0.188271674,0.426111199,0.378911571,0.884652981,0.445333166,0.500488759,0.870017664,-1.0,-1.0,-1.0,-1.0,
73,front,1,2,doll+water,X,./stimuli/A_cropped/doll_bottle_X/1/front/bottle_0075.JPG,water,annotator1,17,Site0,-1,0.397497686,0.14233048,0.576829896,0.393348894,0.655362392,0.826979472,0.372965794,0.632453568,-1.0,-1.0,-1.0,-1.0,
74,front,1,2,doll+water,X,./stimuli/A_cropped/doll_bottle_X/1/front/bottle_0076.JPG,water,annotator1,19,Site0,-1,0.404993778,0.157263971,0.579733813,0.39992078,0.657665159,0.788856305,0.371082904,0.632453568,-1.0,-1.0,-1.0,-1.0,
75,front,1,2,doll+water,X,./stimuli/A_cropped/doll_bottle_X/1/front/bottle_0077.JPG,water,annotator1,2,Site0,-1,0.422431677,0.151398868,0.604288985,0.394055677,0.695233222,0.788856305,0.431474432,0.579667644,-1.0,-1.0,-1.0,-1.0,
76,front,1,2,doll+water,X,./stimuli/A_cropped/doll_bottle_X/1/front/doll_0073.JPG,doll,annotator1,14,Site0,-1,0.409092943,0.163129074,0.591846634,0.405785882,0.664895754,0.827956989,0.409330825,0.594330401,-1.0,-1.0,-1.0,-1.0,
77,front,1,2,doll+water,X,./stimuli/A_cropped/doll_bottle_X/1/front/doll_0074.JPG,doll,annotator1,16,Site0,-1,0.397868304,0.170306691,0.563486365,0.398608265,0.627718109,0.788856305,0.364741338,0.590420332,-1.0,-1.0,-1.0,-1.0,
78,left,1,2,doll+water,X,./stimuli/A_cropped/doll_bottle_X/1/left/IMG_0069.JPG,doll,annotator1,0,Site0,-1,0.698267177,0.236290179,0.840344749,0.432510372,0.1485826,0.607106266,0.31769306,0.500395226,-1.0,-1.0,-1.0,-1.0,
79,left,1,2,doll+water,X,./stimuli/A_cropped/doll_bottle_X/1/left/IMG_0070.JPG,doll,annotator1,12,Site0,-1,0.693379592,0.180876938,0.835457163,0.370575031,0.1485826,0.500468213,0.311827957,0.500468213,-1.0,-1.0,-1.0,-1.0,
80,left,1,2,doll+water,X,./stimuli/A_cropped/doll_bottle_X/1/left/IMG_0071.JPG,water,annotator1,13,Site0,-1,0.612131805,0.30868113,0.73193487,0.471377521,0.125464206,0.632453568,0.282028605,0.542521994,-1.0,-1.0,-1.0,-1.0,
81,left,1,2,doll+water,X,./stimuli/A_cropped/doll_bottle_X/1/left/IMG_0072.JPG,water,annotator1,11,Site0,-1,0.628856804,0.336051609,0.740530193,0.498748,0.150718878,0.632453568,0.293797892,0.548387097,-1.0,-1.0,-1.0,-1.0,
82,right,1,2,doll+water,X,./stimuli/A_cropped/doll_bottle_X/1/right/IMG_0078.JPG,doll,annotator1,6,Site0,-1,0.159701368,0.218674212,0.316772869,0.404981702,0.873879107,0.500488759,0.710455456,0.548387097,-1.0,-1.0,-1.0,-1.0,
83,right,1,2,doll+water,X,./stimuli/A_cropped/doll_bottle_X/1/right/IMG_0079.JPG,doll,annotator1,5,Site0,-1,0.144814661,0.282230399,0.316573413,0.476181672,0.890518084,0.614059807,0.721407625,0.614059807,-1.0,-1.0,-1.0,-1.0,
84,right,1,2,doll+water,X,./stimuli/A_cropped/doll_bottle_X/1/right/IMG_0080.JPG,water,annotator1,1,Site0,-1,0.187786713,0.282764051,0.312702046,0.490476922,0.884652981,0.580746296,0.721407625,0.64684948,-1.0,-1.0,-1.0,-1.0,
85,right,1,2,doll+water,X,./stimuli/A_cropped/doll_bottle_X/1/right/IMG_0081.JPG,water,annotator1,12,Site0,-1,0.142059943,0.316058604,0.284137515,0.489513244,0.884652981,0.57170088,0.716520039,0.654398827,-1.0,-1.0,-1.0,-1.0,
86,front,2,2,doll+water,X,./stimuli/A_cropped/doll_bottle_X/2/front/IMG_0086.JPG,doll,annotator1,13,Site0,-1,0.374556814,0.255257487,0.528668993,0.466151115,0.853372434,0.817699655,0.064516129,0.69905663,-1.0,-1.0,-1.0,-1.0,
87,front,2,2,doll+water,X,./stimuli/A_cropped/doll_bottle_X/2/front/IMG_0087.JPG,doll,annotator1,2,Site0,-1,0.389324904,0.234048469,0.539316347,0.435454592,0.853372434,0.744106988,0.109481916,0.62005988,-1.0,-1.0,-1.0,-1.0,
88,front,2,2,doll+water,X,./stimuli/A_cropped/doll_bottle_X/2/front/IMG_0088.JPG,water,annotator1,4,Site0,-1,0.370752079,0.248845769,0.520743522,0.452813217,0.853372434,0.751167435,0.109481916,0.615171531,-1.0,-1.0,-1.0,-1.0,
89,front,2,2,doll+water,X,./stimuli/A_cropped/doll_bottle_X/2/front/IMG_0089.JPG,water,annotator1,14,Site0,-1,0.344253783,0.25907901,0.498365963,0.466679647,0.853372434,0.812738945,0.064516129,0.695948468,-1.0,-1.0,-1.0,-1.0,
90,left,2,2,doll+water,X,./stimuli/A_cropped/doll_bottle_X/2/left/IMG_0082.JPG,doll,annotator1,2,Site0,-1,0.565519771,0.242592004,0.677745162,0.396704183,0.184282515,0.594330401,0.220289238,0.442815249,-1.0,-1.0,-1.0,-1.0,
91,left,2,2,doll+water,X,./stimuli/A_cropped/doll_bottle_X/2/left/IMG_0083.JPG,doll,annotator1,16,Site0,-1,0.571970206,0.243187484,0.681974006,0.405883875,0.16384673,0.594330401,0.211192261,0.440860215,-1.0,-1.0,-1.0,-1.0,
92,left,2,2,doll+water,X,./stimuli/A_cropped/doll_bottle_X/2/left/IMG_0084.JPG,water,annotator1,3,Site0,-1,0.571381947,0.249571873,0.67052836,0.397544452,0.187342339,0.594330401,0.222944233,0.440860215,-1.0,-1.0,-1.0,-1.0,
93,left,2,2,doll+water,X,./stimuli/A_cropped/doll_bottle_X/2/left/IMG_0085.JPG,water,annotator1,0,Site0,-1,0.561007057,0.202740513,0.681956674,0.391589888,0.177692026,0.594330401,0.214450376,0.440860215,-1.0,-1.0,-1.0,-1.0,
94,right,2,2,doll+water,X,./stimuli/A_cropped/doll_bottle_X/2/right/IMG_0090.JPG,doll,annotator1,3,Site0,-1,0.308410651,0.259089154,0.411041939,0.410814753,0.788856305,0.423490847,0.832844575,0.630402392,-1.0,-1.0,-1.0,-1.0,
95,right,2,2,doll+water,X,./stimuli/A_cropped/doll_bottle_X/2/right/IMG_0091.JPG,doll,annotator1,16,Site0,-1,0.306642388,0.259124709,0.412810203,0.412668018,0.788856305,0.422574249,0.832844575,0.631964645,-1.0,-1.0,-1.0,-1.0,
96,right,2,2,doll+water,X,./stimuli/A_cropped/doll_bottle_X/2/right/IMG_0092.JPG,water,annotator1,10,Site0,-1,0.278026635,0.260782792,0.40008484,0.423479183,0.804218087,0.42228739,0.825231581,0.632453568,-1.0,-1.0,-1.0,-1.0,
97,right,2,2,doll+water,X,./stimuli/A_cropped/doll_bottle_X/2/right/IMG_0093.JPG,water,annotator1,11,Site0,-1,0.23194465,0.288179671,0.381936093,0.434467364,0.782013685,0.423172262,0.811339198,0.630945389,-1.0,-1.0,-1.0,-1.0,
98,front,3,2,doll+water,X,./stimuli/A_cropped/doll_bottle_X/3/front/IMG_0098.JPG,doll,annotator1,-1,Site0,-1,0.418433487,0.347294961,0.529758106,0.504006284,0.884652981,0.699291527,0.078201369,0.654417938,-1.0,-1.0,-1.0,-1.0,
99,front,3,2,doll+water,X,./stimuli/A_cropped/doll_bottle_X/3/front/IMG_0099.JPG,doll,annotator1,6,Site0,-1,0.418470478,0.347615043,0.533631183,0.477070566,0.884652981,0.693701023,0.078201369,0.650086223,-1.0,-1.0,-1.0,-1.0,
100,front,3,2,doll+water,X,./stimuli/A_cropped/doll_bottle_X/3/front/IMG_0100.JPG,water,annotator1,18,Site0,-1,0.381911205,0.358478231,0.48807902,0.504950369,0.884652981,0.710431442,0.078201369,0.663049528,-1.0,-1.0,-1.0,-1.0,
101,front,3,2,doll+water,X,./stimuli/A_cropped/doll_bottle_X/3/front/IMG_0101.JPG,water,annotator1,18,Site0,-1,0.389731342,0.363526814,0.495899157,0.505816546,0.890518084,0.664965758,0.099706745,0.627366725,-1.0,-1.0,-1.0,-1.0,
102,left,3,2,doll+water,X,./stimuli/A_cropped/doll_bottle_X/3/left/IMG_0094.JPG,doll,annotator1,5,Site0,-1,0.483537854,0.332236664,0.607240134,0.512338116,0.170356698,0.769305963,0.170356698,0.500488759,-1.0,-1.0,-1.0,-1.0,
103,left,3,2,doll+water,X,./stimuli/A_cropped/doll_bottle_X/3/left/IMG_0095.JPG,doll,annotator1,4,Site0,-1,0.472221014,0.135217897,0.610622657,0.304664801,0.119585669,0.594330401,0.150056905,0.335288368,-1.0,-1.0,-1.0,-1.0,
104,left,3,2,doll+water,X,./stimuli/A_cropped/doll_bottle_X/3/left/IMG_0096.JPG,water,annotator1,2,Site0,-1,0.46812914,0.398663975,0.55238167,0.541707481,0.109806267,0.810361681,0.154734706,0.548387097,-1.0,-1.0,-1.0,-1.0,
105,left,3,2,doll+water,X,./stimuli/A_cropped/doll_bottle_X/3/left/IMG_0097.JPG,water,annotator1,6,Site0,-1,0.474437368,0.145955059,0.573284585,0.293927639,0.14987669,0.579667644,0.166433286,0.335288368,-1.0,-1.0,-1.0,-1.0,
106,right,3,2,doll+water,X,./stimuli/A_cropped/doll_bottle_X/3/right/IMG_0102.JPG,doll,annotator1,15,Site0,-1,0.283749081,0.202562455,0.378748931,0.40740822,0.749280959,0.440860215,0.856051025,0.769305963,-1.0,-1.0,-1.0,-1.0,
107,right,3,2,doll+water,X,./stimuli/A_cropped/doll_bottle_X/3/right/IMG_0103.JPG,doll,annotator1,19,Site0,-1,0.276194362,0.235141422,0.408067612,0.406335313,0.788856305,0.441848103,0.884652981,0.764807398,-1.0,-1.0,-1.0,-1.0,
108,right,3,2,doll+water,X,./stimuli/A_cropped/doll_bottle_X/3/right/IMG_0104.JPG,water,annotator1,19,Site0,-1,0.19232043,0.196364655,0.353049887,0.439021464,0.775858463,0.405669599,0.867344518,0.769305963,-1.0,-1.0,-1.0,-1.0,
109,right,3,2,doll+water,X,./stimuli/A_cropped/doll_bottle_X/3/right/IMG_0105.JPG,water,annotator1,11,Site0,-1,0.2176302,0.217771791,0.372790132,0.432938012,0.788856305,0.442731553,0.866080156,0.760784415,-1.0,-1.0,-1.0,-1.0,
110,front,1,2,doll+coffee,Y,./stimuli/A_cropped/doll_coffee_Y/1/front/IMG_0401.jpeg,doll,annotator1,7,Site0,-1,0.435137242,0.134732899,0.606895994,0.356366777,0.744868035,0.73136031,0.1485826,0.83387925,-1.0,-1.0,-1.0,-1.0,
111,front,1,2,doll+coffee,Y,./stimuli/A_cropped/doll_coffee_Y/1/front/IMG_0402.jpeg,doll,annotator1,4,Site0,-1,0.463223956,0.143676605,0.643325408,0.371399859,0.788856305,0.761441163,0.1485826,0.879113411,-1.0,-1.0,-1.0,-1.0,
112,front,1,2,doll+coffee,Y,./stimuli/A_cropped/doll_coffee_Y/1/front/IMG_0403.jpeg,doll,annotator1,0,Site0,-1,0.428759768,0.132289244,0.611318434,0.362387631,0.744868035,0.764167971,0.1485826,0.859095844,-1.0,-1.0,-1.0,-1.0,
113,front,1,2,doll+coffee,Y,./stimuli/A_cropped/doll_coffee_Y/1/front/IMG_0404.jpeg,doll,annotator1,3,Site0,-1,0.449013991,0.179143104,0.624299792,0.38981057,0.744868035,0.759417901,0.172043011,0.878811588,-1.0,-1.0,-1.0,-1.0,
114,front,1,2,doll+coffee,Y,./stimuli/A_cropped/doll_coffee_Y/1/front/IMG_0405.jpeg,coffee,annotator1,18,Site0,-1,0.493788268,0.154423173,0.66554702,0.364676796,0.788856305,0.751400301,0.188660802,0.864553249,-1.0,-1.0,-1.0,-1.0,
115,front,1,2,doll+coffee,Y,./stimuli/A_cropped/doll_coffee_Y/1/front/IMG_0406.jpeg,coffee,annotator1,13,Site0,-1,0.438095426,0.216995753,0.592207605,0.41213647,0.716520039,0.765387202,0.172043011,0.848230394,-1.0,-1.0,-1.0,-1.0,
116,front,1,2,doll+coffee,Y,./stimuli/A_cropped/doll_coffee_Y/1/front/IMG_0407.jpeg,coffee,annotator1,5,Site0,-1,0.471741398,0.215464268,0.629486987,0.408191646,0.732639546,0.769305963,0.204208801,0.853372434,-1.0,-1.0,-1.0,-1.0,
117,front,1,2,doll+coffee,Y,./stimuli/A_cropped/doll_coffee_Y/1/front/IMG_0408.jpeg,coffee,annotator1,15,Site0,-1,0.472475809,0.187400609,0.634073555,0.385141896,0.744868035,0.736375502,0.188660802,0.841116743,-1.0,-1.0,-1.0,-1.0,
118,left,1,2,doll+coffee,Y,./stimuli/A_cropped/doll_coffee_Y/1/left/coffee_0374.jpeg,coffee,annotator1,15,Site0,-1,0.731481414,0.28951556,0.871646641,0.467998535,0.188660802,0.688069777,0.10459433,0.593875777,-1.0,-1.0,-1.0,-1.0,
119,left,1,2,doll+coffee,Y,./stimuli/A_cropped/doll_coffee_Y/1/left/coffee_0375.jpeg,coffee,annotator1,6,Site0,-1,0.719725686,0.253800202,0.869717129,0.430960785,0.165200391,0.68345877,0.078201369,0.56016857,-1.0,-1.0,-1.0,-1.0,
120,left,1,2,doll+coffee,Y,./stimuli/A_cropped/doll_coffee_Y/1/left/coffee_0376.jpeg,coffee,annotator1,2,Site0,-1,0.710974899,0.264781666,0.853052471,0.451268717,0.1485826,0.696503775,0.064516129,0.595425691,-1.0,-1.0,-1.0,-1.0,
121,left,1,2,doll+coffee,Y,./stimuli/A_cropped/doll_coffee_Y/1/left/coffee_0384.jpeg,coffee,annotator1,7,Site0,-1,0.641571185,0.318269495,0.783648756,0.501320814,0.1485826,0.701913633,0.053763441,0.626510201,-1.0,-1.0,-1.0,-1.0,
122,left,1,2,doll+coffee,Y,./stimuli/A_cropped/doll_coffee_Y/1/left/coffee_0385.jpeg,coffee,annotator1,8,Site0,-1,0.663076561,0.300842061,0.805154133,0.479675645,0.1485826,0.670228393,0.078201369,0.594763353,-1.0,-1.0,-1.0,-1.0,
123,left,1,2,doll+coffee,Y,./stimuli/A_cropped/doll_coffee_Y/1/left/coffee_0386.jpeg,coffee,annotator1,15,Site0,-1,0.670794226,0.30300237,0.807211639,0.477345047,0.188660802,0.662236693,0.099706745,0.584504412,-1.0,-1.0,-1.0,-1.0,
124,left,1,2,doll+coffee,Y,./stimuli/A_cropped/doll_coffee_Y/1/left/doll_0377.jpeg,doll,annotator1,5,Site0,-1,0.705109797,0.27352006,0.847187368,0.45608354,0.1485826,0.696319745,0.064516129,0.61659599,-1.0,-1.0,-1.0,-1.0,
125,left,1,2,doll+coffee,Y,./stimuli/A_cropped/doll_coffee_Y/1/left/doll_0378.jpeg,doll,annotator1,3,Site0,-1,0.698267177,0.280482717,0.840344749,0.463333866,0.1485826,0.726572606,0.059628543,0.616779713,-1.0,-1.0,-1.0,-1.0,
126,left,1,2,doll+coffee,Y,./stimuli/A_cropped/doll_coffee_Y/1/left/doll_0379.jpeg,doll,annotator1,5,Site0,-1,0.699223349,0.275211362,0.839388577,0.459149631,0.1485826,0.723333536,0.059628543,0.615110237,-1.0,-1.0,-1.0,-1.0,
127,right,1,2,doll+coffee,Y,./stimuli/A_cropped/doll_coffee_Y/1/right/IMG_0421.jpeg,doll,annotator1,15,Site0,-1,0.09115618,0.353979405,0.190368746,0.481064583,0.632453568,0.531891496,0.548387097,0.669721408,-1.0,-1.0,-1.0,-1.0,
128,right,1,2,doll+coffee,Y,./stimuli/A_cropped/doll_coffee_Y/1/right/IMG_0422.jpeg,doll,annotator1,13,Site0,-1,0.117622016,0.284534397,0.259699587,0.457468076,0.866080156,0.500323305,0.744868035,0.720170822,-1.0,-1.0,-1.0,-1.0,
129,right,1,2,doll+coffee,Y,./stimuli/A_cropped/doll_coffee_Y/1/right/IMG_0423.jpeg,doll,annotator1,4,Site0,-1,0.116652798,0.311511106,0.260668805,0.484412835,0.866080156,0.617451629,0.739002933,0.746309322,-1.0,-1.0,-1.0,-1.0,
130,right,1,2,doll+coffee,Y,./stimuli/A_cropped/doll_coffee_Y/1/right/IMG_0424.jpeg,coffee,annotator1,9,Site0,-1,0.121485217,0.30329804,0.27147666,0.479999772,0.890518084,0.622497824,0.764418377,0.740815932,-1.0,-1.0,-1.0,-1.0,
131,right,1,2,doll+coffee,Y,./stimuli/A_cropped/doll_coffee_Y/1/right/IMG_0425.jpeg,coffee,annotator1,3,Site0,-1,0.12735032,0.294525301,0.277341763,0.469752816,0.884652981,0.607452443,0.749755621,0.729293105,-1.0,-1.0,-1.0,-1.0,
132,right,1,2,doll+coffee,Y,./stimuli/A_cropped/doll_coffee_Y/1/right/IMG_0426.jpeg,coffee,annotator1,8,Site0,-1,0.117622016,0.287201759,0.259699587,0.46133963,0.866080156,0.500329998,0.744868035,0.724728759,-1.0,-1.0,-1.0,-1.0,
133,front,2,2,doll+coffee,Y,./stimuli/A_cropped/doll_coffee_Y/2/front/IMG_0409.jpeg,doll,annotator1,8,Site0,-1,0.506671049,0.3483011,0.618754171,0.49627368,0.82847374,0.788856305,0.184682751,0.853372434,-1.0,-1.0,-1.0,-1.0,
134,front,2,2,doll+coffee,Y,./stimuli/A_cropped/doll_coffee_Y/2/front/IMG_0410.jpeg,doll,annotator1,9,Site0,-1,0.495852472,0.367714194,0.615147872,0.521826373,0.837964463,0.826979472,0.162937979,0.890518084,-1.0,-1.0,-1.0,-1.0,
135,front,2,2,doll+coffee,Y,./stimuli/A_cropped/doll_coffee_Y/2/front/IMG_0411.jpeg,doll,annotator1,0,Site0,-1,0.485430519,0.36896902,0.610341798,0.528391684,0.823567219,0.826979472,0.142420182,0.890518084,-1.0,-1.0,-1.0,-1.0,
136,front,2,2,doll+coffee,Y,./stimuli/A_cropped/doll_coffee_Y/2/front/IMG_0412.jpeg,coffee,annotator1,7,Site0,-1,0.487667951,0.383354468,0.615770872,0.537466647,0.825157692,0.853372434,0.140662522,0.921798631,-1.0,-1.0,-1.0,-1.0,
137,front,2,2,doll+coffee,Y,./stimuli/A_cropped/doll_coffee_Y/2/front/IMG_0413.jpeg,coffee,annotator1,8,Site0,-1,0.479158394,0.385309502,0.60988263,0.539421681,0.82513465,0.853372434,0.140687987,0.921798631,-1.0,-1.0,-1.0,-1.0,
138,front,2,2,doll+coffee,Y,./stimuli/A_cropped/doll_coffee_Y/2/front/IMG_0414.jpeg,coffee,annotator1,0,Site0,-1,0.4743477,0.396877768,0.60215368,0.555223894,0.817876423,0.853372434,0.144312551,0.921798631,-1.0,-1.0,-1.0,-1.0,
139,left,2,2,doll+coffee,Y,./stimuli/A_cropped/doll_coffee_Y/2/left/coffee_0390.jpeg,coffee,annotator1,14,Site0,-1,0.638422099,0.320133307,0.763337432,0.478096786,0.1485826,0.643998182,0.099706745,0.560071098,-1.0,-1.0,-1.0,-1.0,
140,left,2,2,doll+coffee,Y,./stimuli/A_cropped/doll_coffee_Y/2/left/coffee_0391.jpeg,coffee,annotator1,3,Site0,-1,0.631382312,0.309346515,0.760602048,0.477008815,0.109481916,0.700604022,0.070381232,0.555769583,-1.0,-1.0,-1.0,-1.0,
141,left,2,2,doll+coffee,Y,./stimuli/A_cropped/doll_coffee_Y/2/left/coffee_0392.jpeg,coffee,annotator1,0,Site0,-1,0.637875692,0.317510808,0.769748942,0.486347511,0.11827957,0.702009167,0.078201369,0.558395458,-1.0,-1.0,-1.0,-1.0,
142,left,2,2,doll+coffee,Y,./stimuli/A_cropped/doll_coffee_Y/2/left/doll_0388.jpeg,doll,annotator1,1,Site0,-1,0.653198918,0.281134985,0.789616331,0.4502705,0.1485826,0.660579776,0.099706745,0.527885111,-1.0,-1.0,-1.0,-1.0,
143,left,2,2,doll+coffee,Y,./stimuli/A_cropped/doll_coffee_Y/2/left/doll_0389.jpeg,doll,annotator1,14,Site0,-1,0.646673346,0.288646014,0.778546596,0.453337319,0.1485826,0.60807142,0.083088954,0.526786933,-1.0,-1.0,-1.0,-1.0,
144,right,2,2,doll+coffee,Y,./stimuli/A_cropped/doll_coffee_Y/2/right/coffee_0429.jpeg,coffee,annotator1,10,Site0,-1,0.11366508,0.28695552,0.263656523,0.458688795,0.866080156,0.500312476,0.716520039,0.755918067,-1.0,-1.0,-1.0,-1.0,
145,right,2,2,doll+coffee,Y,./stimuli/A_cropped/doll_coffee_Y/2/right/coffee_0430.jpeg,coffee,annotator1,19,Site0,-1,0.126398325,0.29688091,0.266563552,0.471227037,0.866080156,0.500310847,0.716520039,0.768261182,-1.0,-1.0,-1.0,-1.0,
146,right,2,2,doll+coffee,Y,./stimuli/A_cropped/doll_coffee_Y/2/right/coffee_0431.jpeg,coffee,annotator1,13,Site0,-1,0.132736676,0.288137067,0.271955406,0.461977609,0.866080156,0.500316311,0.716520039,0.75905833,-1.0,-1.0,-1.0,-1.0,
147,right,2,2,doll+coffee,Y,./stimuli/A_cropped/doll_coffee_Y/2/right/doll_0427.jpeg,doll,annotator1,17,Site0,-1,0.137736173,0.290506404,0.266955909,0.459377343,0.866080156,0.500307268,0.69599218,0.765172391,-1.0,-1.0,-1.0,-1.0,
148,right,2,2,doll+coffee,Y,./stimuli/A_cropped/doll_coffee_Y/2/right/doll_0428.jpeg,doll,annotator1,4,Site0,-1,0.140865892,0.296260722,0.265781225,0.463291606,0.866080156,0.50031227,0.709677419,0.769488755,-1.0,-1.0,-1.0,-1.0,
149,front,3,2,doll+coffee,Y,./stimuli/A_cropped/doll_coffee_Y/3/front/IMG_0415.jpeg,doll,annotator1,13,Site0,-1,0.579516452,0.295943946,0.66975041,0.40719444,0.923753666,0.500459538,0.250244379,0.592367159,-1.0,-1.0,-1.0,-1.0,
150,front,3,2,doll+coffee,Y,./stimuli/A_cropped/doll_coffee_Y/3/front/IMG_0416.jpeg,doll,annotator1,4,Site0,-1,0.587336589,0.288341949,0.677570547,0.398545041,0.923753666,0.545991377,0.272727273,0.575723176,-1.0,-1.0,-1.0,-1.0,
151,front,3,2,doll+coffee,Y,./stimuli/A_cropped/doll_coffee_Y/3/front/IMG_0417.jpeg,doll,annotator1,8,Site0,-1,0.586410117,0.287880269,0.678497019,0.3968882,0.921798631,0.545492597,0.272727273,0.574901953,-1.0,-1.0,-1.0,-1.0,
152,front,3,2,doll+coffee,Y,./stimuli/A_cropped/doll_coffee_Y/3/front/IMG_0418.jpeg,coffee,annotator1,18,Site0,-1,0.598112422,0.291111414,0.682434987,0.404849452,0.921798631,0.500451097,0.284457478,0.573528752,-1.0,-1.0,-1.0,-1.0,
153,front,3,2,doll+coffee,Y,./stimuli/A_cropped/doll_coffee_Y/3/front/IMG_0419.jpeg,coffee,annotator1,17,Site0,-1,0.598679907,0.294833307,0.681867502,0.404709766,0.923753666,0.500453862,0.284457478,0.573979576,-1.0,-1.0,-1.0,-1.0,
154,front,3,2,doll+coffee,Y,./stimuli/A_cropped/doll_coffee_Y/3/front/IMG_0420.jpeg,coffee,annotator1,4,Site0,-1,0.593792322,0.300461458,0.676979917,0.414012778,0.921798631,0.573408044,0.284457478,0.586918726,-1.0,-1.0,-1.0,-1.0,
155,left,3,2,doll+coffee,Y,./stimuli/A_cropped/doll_coffee_Y/3/left/coffee_0397.jpeg,coffee,annotator1,-1,Site0,-1,0.56169143,0.385359231,0.667359453,0.521776644,0.202729991,0.769305963,0.196114803,0.579667644,-1.0,-1.0,-1.0,-1.0,
156,left,3,2,doll+coffee,Y,./stimuli/A_cropped/doll_coffee_Y/3/left/coffee_0398.jpeg,coffee,annotator1,9,Site0,-1,0.56039844,0.390843839,0.663851771,0.533887344,0.208960466,0.788856305,0.19762652,0.579667644,-1.0,-1.0,-1.0,-1.0,
157,left,3,2,doll+coffee,Y,./stimuli/A_cropped/doll_coffee_Y/3/left/coffee_0399.jpeg,coffee,annotator1,19,Site0,-1,0.569445548,0.400576363,0.669600773,0.539795093,0.218238844,0.788856305,0.202563675,0.579667644,-1.0,-1.0,-1.0,-1.0,
158,left,3,2,doll+coffee,Y,./stimuli/A_cropped/doll_coffee_Y/3/left/coffee_0400.jpeg,coffee,annotator1,13,Site0,-1,0.570266319,0.390801192,0.674381655,0.530019922,0.222552219,0.769305963,0.198627654,0.579667644,-1.0,-1.0,-1.0,-1.0,
159,left,3,2,doll+coffee,Y,./stimuli/A_cropped/doll_coffee_Y/3/left/doll_0393.jpeg,doll,annotator1,4,Site0,-1,0.559444269,0.379113633,0.674909426,0.522157139,0.214406259,0.769305963,0.18977926,0.565004888,-1.0,-1.0,-1.0,-1.0,
160,left,3,2,doll+coffee,Y,./stimuli/A_cropped/doll_coffee_Y/3/left/doll_0395.jpeg,doll,annotator1,0,Site0,-1,0.548445512,0.388846158,0.668769478,0.528064888,0.193781757,0.782013685,0.186724231,0.579667644,-1.0,-1.0,-1.0,-1.0,
161,left,3,2,doll+coffee,Y,./stimuli/A_cropped/doll_coffee_Y/3/left/doll_0396.jpeg,doll,annotator1,13,Site0,-1,0.557010779,0.382003538,0.665264939,0.521222268,0.21152303,0.769305963,0.186647408,0.573802542,-1.0,-1.0,-1.0,-1.0,
162,right,3,2,doll+coffee,Y,./stimuli/A_cropped/doll_coffee_Y/3/right/IMG_0432.jpeg,doll,annotator1,16,Site0,-1,0.380792292,0.307157863,0.475766806,0.443575275,0.804347405,0.500488759,0.704756313,0.721407625,-1.0,-1.0,-1.0,-1.0,
163,right,3,2,doll+coffee,Y,./stimuli/A_cropped/doll_coffee_Y/3/right/IMG_0433.jpeg,doll,annotator1,3,Site0,-1,0.372439825,0.307157863,0.473695223,0.443575275,0.799849017,0.500488759,0.703026681,0.721407625,-1.0,-1.0,-1.0,-1.0,
164,right,3,2,doll+coffee,Y,./stimuli/A_cropped/doll_coffee_Y/3/right/IMG_0434.jpeg,doll,annotator1,18,Site0,-1,0.363921684,0.312599824,0.469261565,0.451818553,0.801553357,0.500488759,0.704180683,0.72629521,-1.0,-1.0,-1.0,-1.0,
165,right,3,2,doll+coffee,Y,./stimuli/A_cropped/doll_coffee_Y/3/right/IMG_0435.jpeg,coffee,annotator1,7,Site0,-1,0.344030208,0.290643117,0.451380672,0.460090021,0.795066258,0.500488759,0.685016515,0.744868035,-1.0,-1.0,-1.0,-1.0,
166,right,3,2,doll+coffee,Y,./stimuli/A_cropped/doll_coffee_Y/3/right/IMG_0436.jpeg,coffee,annotator1,10,Site0,-1,0.351376354,0.288688083,0.457298726,0.458134987,0.795113149,0.500488759,0.685045917,0.744868035,-1.0,-1.0,-1.0,-1.0,
167,right,3,2,doll+coffee,Y,./stimuli/A_cropped/doll_coffee_Y/3/right/IMG_0437.jpeg,coffee,annotator1,13,Site0,-1,0.337747342,0.31064479,0.450798743,0.449863519,0.794340903,0.500488759,0.663195269,0.721407625,-1.0,-1.0,-1.0,-1.0,
168,front,1,4,doll+coffee+remote+soccer,X,./stimuli/A_cropped/doll_coffee_remote_soccer_X/1/front/IMG_1270.jpeg,doll,annotator2,11,Site0,-1,0.440155794,0.234630106,0.590147237,0.423047049,0.8,0.810626286,0.542521994,0.832082418,0.335288368,0.889623865,0.1485826,0.749183724,
169,front,1,4,doll+coffee+remote+soccer,X,./stimuli/A_cropped/doll_coffee_remote_soccer_X/1/front/IMG_1271.jpeg,doll,annotator2,16,Site0,-1,0.461708037,0.229220214,0.603785609,0.412630142,0.8,0.796287433,0.542521994,0.816753127,0.359726295,0.871638397,0.165200391,0.733029834,
170,front,1,4,doll+coffee+remote+soccer,X,./stimuli/A_cropped/doll_coffee_remote_soccer_X/1/front/IMG_1272.jpeg,coffee,annotator2,1,Site0,-1,0.443088345,0.197996971,0.593079788,0.393453861,0.8,0.773755735,0.542521994,0.794136872,0.359726295,0.870102931,0.1485826,0.709833076,
171,front,1,4,doll+coffee+remote+soccer,X,./stimuli/A_cropped/doll_coffee_remote_soccer_X/1/front/IMG_1273.jpeg,coffee,annotator2,12,Site0,-1,0.425493037,0.175302542,0.57548448,0.377986346,0.832844575,0.764664326,0.500488759,0.805973095,0.335288368,0.859770563,0.109481916,0.712788197,
172,front,1,4,doll+coffee+remote+soccer,X,./stimuli/A_cropped/doll_coffee_remote_soccer_X/1/front/IMG_1274.jpeg,remote,annotator2,1,Site0,-1,0.429449973,0.186025068,0.571527544,0.3847391,0.832844575,0.758328286,0.548387097,0.777560848,0.359726295,0.849245855,0.1485826,0.698007975,
173,front,1,4,doll+coffee+remote+soccer,X,./stimuli/A_cropped/doll_coffee_remote_soccer_X/1/front/IMG_1275.jpeg,remote,annotator2,6,Site0,-1,0.419627934,0.168618274,0.569619377,0.368339442,0.8,0.759637562,0.500488759,0.779846238,0.335288368,0.829049973,0.11827957,0.694618342,
174,front,1,4,doll+coffee+remote+soccer,X,./stimuli/A_cropped/doll_coffee_remote_soccer_X/1/front/IMG_1276.jpeg,soccer,annotator2,6,Site0,-1,0.436292593,0.196939236,0.578370164,0.386116906,0.8,0.764961097,0.548387097,0.785584126,0.359726295,0.83579672,0.1485826,0.703092008,
175,front,1,4,doll+coffee+remote+soccer,X,./stimuli/A_cropped/doll_coffee_remote_soccer_X/1/front/IMG_1277.jpeg,soccer,annotator2,19,Site0,-1,0.409852763,0.187277841,0.559844206,0.380329421,0.853372434,0.766747503,0.542521994,0.802855456,0.335288368,0.83806071,0.11827957,0.704461284,
176,left,1,4,doll+coffee+remote+soccer,X,./stimuli/A_cropped/doll_coffee_remote_soccer_X/1/left/IMG_1262.jpeg,doll,annotator2,10,Site0,-1,0.693379592,0.276862507,0.835457163,0.465937552,0.250244379,0.764817361,0.188660802,0.657277316,0.105571848,0.604403461,0.234604106,0.500448084,
177,left,1,4,doll+coffee+remote+soccer,X,./stimuli/A_cropped/doll_coffee_remote_soccer_X/1/left/IMG_1263.jpeg,doll,annotator2,13,Site0,-1,0.701097257,0.294970232,0.837514669,0.494005354,0.250244379,0.778884962,0.203323558,0.675561805,0.109481916,0.633532046,0.250244379,0.538089469,
178,left,1,4,doll+coffee+remote+soccer,X,./stimuli/A_cropped/doll_coffee_remote_soccer_X/1/left/IMG_1264.jpeg,coffee,annotator2,13,Site0,-1,0.654062372,0.262711099,0.778977706,0.448501801,0.250244379,0.728784419,0.188660802,0.63587704,0.109481916,0.59019758,0.250244379,0.500387114,
179,left,1,4,doll+coffee+remote+soccer,X,./stimuli/A_cropped/doll_coffee_remote_soccer_X/1/left/IMG_1265.jpeg,coffee,annotator2,0,Site0,-1,0.676290646,0.278840757,0.766524603,0.480261919,0.250244379,0.785803271,0.188660802,0.675846653,0.10459433,0.623806116,0.250244379,0.500419682,
180,left,1,4,doll+coffee+remote+soccer,X,./stimuli/A_cropped/doll_coffee_remote_soccer_X/1/left/IMG_1266.jpeg,remote,annotator2,19,Site0,-1,0.671801342,0.276587312,0.771013908,0.456593709,0.265884653,0.748722424,0.203323558,0.647718394,0.109481916,0.614050384,0.250244379,0.50042085,
181,left,1,4,doll+coffee+remote+soccer,X,./stimuli/A_cropped/doll_coffee_remote_soccer_X/1/left/IMG_1267.jpeg,remote,annotator2,4,Site0,-1,0.676290646,0.268553802,0.766524603,0.46186173,0.250244379,0.751300349,0.211143695,0.651800718,0.109481916,0.615232478,0.250244379,0.500425212,
182,left,1,4,doll+coffee+remote+soccer,X,./stimuli/A_cropped/doll_coffee_remote_soccer_X/1/left/IMG_1268.jpeg,soccer,annotator2,18,Site0,-1,0.693885954,0.283365502,0.784119911,0.455796232,0.284457478,0.743147343,0.250244379,0.646875806,0.1485826,0.611493959,0.284457478,0.500411417,
183,left,1,4,doll+coffee+remote+soccer,X,./stimuli/A_cropped/doll_coffee_remote_soccer_X/1/left/IMG_1269.jpeg,soccer,annotator2,7,Site0,-1,0.665466576,0.275693468,0.742158058,0.454230771,0.250244379,0.75175832,0.211143695,0.652077361,0.1485826,0.599254972,0.250244379,0.500425987,
184,right,1,4,doll+coffee+remote+soccer,X,./stimuli/A_cropped/doll_coffee_remote_soccer_X/1/right/IMG_1278.jpeg,doll,annotator2,5,Site0,-1,0.208304301,0.310197181,0.323465005,0.47039846,0.788856305,0.54701522,0.827956989,0.64563251,0.88856305,0.710612895,0.769305963,0.760303778,
185,right,1,4,doll+coffee+remote+soccer,X,./stimuli/A_cropped/doll_coffee_remote_soccer_X/1/right/IMG_1279.jpeg,doll,annotator2,9,Site0,-1,0.203211826,0.318348634,0.320737344,0.464513875,0.769305963,0.537450543,0.810361681,0.632779198,0.866080156,0.70843686,0.744868035,0.740969655,
186,right,1,4,doll+coffee+remote+soccer,X,./stimuli/A_cropped/doll_coffee_remote_soccer_X/1/right/IMG_1280.jpeg,coffee,annotator2,9,Site0,-1,0.208304301,0.305055332,0.323465005,0.46959654,0.788856305,0.538866663,0.827956989,0.637799988,0.890518084,0.7163185,0.769305963,0.732022202,
187,right,1,4,doll+coffee+remote+soccer,X,./stimuli/A_cropped/doll_coffee_remote_soccer_X/1/right/IMG_1281.jpeg,coffee,annotator2,0,Site0,-1,0.156496701,0.283565075,0.31271151,0.48432572,0.788856305,0.557825116,0.827956989,0.654065518,0.866080156,0.730896091,0.749755621,0.775376949,
188,right,1,4,doll+coffee+remote+soccer,X,./stimuli/A_cropped/doll_coffee_remote_soccer_X/1/right/IMG_1282.jpeg,remote,annotator2,17,Site0,-1,0.159608384,0.295100515,0.309599827,0.48516112,0.788856305,0.547086792,0.811339198,0.645854211,0.866080156,0.726246295,0.744868035,0.760700046,
189,right,1,4,doll+coffee+remote+soccer,X,./stimuli/A_cropped/doll_coffee_remote_soccer_X/1/right/IMG_1283.jpeg,remote,annotator2,4,Site0,-1,0.206790648,0.344322426,0.338663898,0.503768876,0.811339198,0.564147973,0.832844575,0.657811885,0.890518084,0.727075954,0.769305963,0.768004723,
190,right,1,4,doll+coffee+remote+soccer,X,./stimuli/A_cropped/doll_coffee_remote_soccer_X/1/right/IMG_1284.jpeg,soccer,annotator2,4,Site0,-1,0.149895164,0.285905753,0.31149291,0.491001154,0.769305963,0.555578941,0.810361681,0.648080956,0.866080156,0.724259085,0.744868035,0.764680133,
191,right,1,4,doll+coffee+remote+soccer,X,./stimuli/A_cropped/doll_coffee_remote_soccer_X/1/right/IMG_1285.jpeg,soccer,annotator2,10,Site0,-1,0.210269606,0.291005921,0.335184939,0.488390177,0.788856305,0.547272265,0.832844575,0.646428723,0.900293255,0.721756885,0.769305963,0.76172693,
192,front,2,4,doll+coffee+remote+soccer,X,./stimuli/A_cropped/doll_coffee_remote_soccer_X/2/front/IMG_1294.jpeg,doll,annotator2,18,Site0,-1,0.415531029,0.31232472,0.548300838,0.50206311,0.866080156,0.787472507,0.500488759,0.839081745,0.301075269,0.890690982,0.105571848,0.767553152,
193,front,2,4,doll+coffee+remote+soccer,X,./stimuli/A_cropped/doll_coffee_remote_soccer_X/2/front/IMG_1295.jpeg,doll,annotator2,9,Site0,-1,0.432280052,0.250197001,0.568697465,0.437827278,0.8,0.731049688,0.500488759,0.782654695,0.302052786,0.812366668,0.109481916,0.695864457,
194,front,2,4,doll+coffee+remote+soccer,X,./stimuli/A_cropped/doll_coffee_remote_soccer_X/2/front/IMG_1296.jpeg,coffee,annotator2,10,Site0,-1,0.424459916,0.254730475,0.560877328,0.440196376,0.8,0.737860463,0.500488759,0.790986658,0.301075269,0.821574467,0.109481916,0.705662769,
195,front,2,4,doll+coffee+remote+soccer,X,./stimuli/A_cropped/doll_coffee_remote_soccer_X/2/front/IMG_1297.jpeg,coffee,annotator2,1,Site0,-1,0.42575448,0.24065393,0.557627729,0.429539919,0.8,0.732595985,0.500488759,0.784546357,0.301075269,0.794779006,0.109481916,0.695601023,
196,front,2,4,doll+coffee+remote+soccer,X,./stimuli/A_cropped/doll_coffee_remote_soccer_X/2/front/IMG_1298.jpeg,remote,annotator2,8,Site0,-1,0.400868273,0.253348677,0.533638081,0.433115309,0.866080156,0.731579549,0.500488759,0.786217192,0.301075269,0.814796882,0.105571848,0.708883913,
197,front,2,4,doll+coffee+remote+soccer,X,./stimuli/A_cropped/doll_coffee_remote_soccer_X/2/front/IMG_1299.jpeg,remote,annotator2,4,Site0,-1,0.404249103,0.247937237,0.536122353,0.432639836,0.8,0.727444518,0.500488759,0.778244309,0.302052786,0.807492673,0.105571848,0.692808297,
198,front,2,4,doll+coffee+remote+soccer,X,./stimuli/A_cropped/doll_coffee_remote_soccer_X/2/front/IMG_1300.jpeg,soccer,annotator2,9,Site0,-1,0.40557586,0.250165222,0.534795596,0.424758439,0.8,0.723916219,0.500488759,0.773927964,0.301075269,0.802722605,0.109481916,0.689817303,
199,front,2,4,doll+coffee+remote+soccer,X,./stimuli/A_cropped/doll_coffee_remote_soccer_X/2/front/IMG_1301.jpeg,soccer,annotator2,12,Site0,-1,0.408159172,0.249222208,0.540032422,0.424961649,0.866080156,0.707303343,0.500488759,0.772015094,0.302052786,0.800608659,0.109481916,0.688491787,
200,left,2,4,doll+coffee+remote+soccer,X,./stimuli/A_cropped/doll_coffee_remote_soccer_X/2/left/IMG_1286.jpeg,doll,annotator2,11,Site0,-1,0.703154763,0.22675869,0.845232334,0.440987344,0.188660802,0.755015706,0.172043011,0.616936136,0.230694037,0.530636405,0.302052786,0.442610679,
201,left,2,4,doll+coffee+remote+soccer,X,./stimuli/A_cropped/doll_coffee_remote_soccer_X/2/left/IMG_1287.jpeg,doll,annotator2,9,Site0,-1,0.713804979,0.241532034,0.850222391,0.447793958,0.230694037,0.742227359,0.203323558,0.611072106,0.250244379,0.535657835,0.311827957,0.45204636,
202,left,2,4,doll+coffee+remote+soccer,X,./stimuli/A_cropped/doll_coffee_remote_soccer_X/2/left/IMG_1288.jpeg,coffee,annotator2,9,Site0,-1,0.71607706,0.284468829,0.84795031,0.477870436,0.250244379,0.781963347,0.211143695,0.645329126,0.265884653,0.567489024,0.335288368,0.500414043,
203,left,2,4,doll+coffee+remote+soccer,X,./stimuli/A_cropped/doll_coffee_remote_soccer_X/2/left/IMG_1289.jpeg,coffee,annotator2,19,Site0,-1,0.71924694,0.29066067,0.85846567,0.467351557,0.250244379,0.749154658,0.225806452,0.624366538,0.276637341,0.551854523,0.335288368,0.464165574,
204,left,2,4,doll+coffee+remote+soccer,X,./stimuli/A_cropped/doll_coffee_remote_soccer_X/2/left/IMG_1290.jpeg,remote,annotator2,10,Site0,-1,0.696671713,0.280546082,0.802839528,0.47452941,0.250244379,0.790581167,0.219941349,0.64038356,0.272727273,0.569551733,0.335288368,0.500426698,
205,left,2,4,doll+coffee+remote+soccer,X,./stimuli/A_cropped/doll_coffee_remote_soccer_X/2/left/IMG_1291.jpeg,remote,annotator2,6,Site0,-1,0.706848296,0.280195994,0.831763629,0.475959161,0.250244379,0.807142549,0.219941349,0.649110698,0.272727273,0.569245139,0.335288368,0.500424817,
206,left,2,4,doll+coffee+remote+soccer,X,./stimuli/A_cropped/doll_coffee_remote_soccer_X/2/left/IMG_1292.jpeg,soccer,annotator2,9,Site0,-1,0.71969968,0.289371014,0.818912246,0.440911704,0.250244379,0.751424154,0.230694037,0.622095994,0.276637341,0.542116736,0.335288368,0.450225675,
207,left,2,4,doll+coffee+remote+soccer,X,./stimuli/A_cropped/doll_coffee_remote_soccer_X/2/left/IMG_1293.jpeg,soccer,annotator2,1,Site0,-1,0.71172561,0.293080684,0.826886315,0.449787468,0.250244379,0.772137965,0.230694037,0.619643368,0.284457478,0.549885201,0.335288368,0.452548224,
208,right,2,4,doll+coffee+remote+soccer,X,./stimuli/A_cropped/doll_coffee_remote_soccer_X/2/right/coffee_1304.jpeg,coffee,annotator2,12,Site0,-1,0.162997869,0.158316636,0.353131163,0.381747959,0.810361681,0.500450035,0.811339198,0.671463199,0.788856305,0.786672067,0.579667644,0.837075947,
209,right,2,4,doll+coffee+remote+soccer,X,./stimuli/A_cropped/doll_coffee_remote_soccer_X/2/right/coffee_1305.jpeg,coffee,annotator2,7,Site0,-1,0.214179675,0.171774779,0.339095008,0.393411729,0.810361681,0.521874601,0.832844575,0.687050157,0.788856305,0.798655263,0.594330401,0.856689918,
210,right,2,4,doll+coffee+remote+soccer,X,./stimuli/A_cropped/doll_coffee_remote_soccer_X/2/right/doll_1302.jpeg,doll,annotator2,19,Site0,-1,0.19635867,0.217403269,0.320965475,0.406252645,0.80959512,0.548387097,0.827146969,0.716520039,0.788142859,0.811339198,0.579470873,0.890518084,
211,right,2,4,doll+coffee+remote+soccer,X,./stimuli/A_cropped/doll_coffee_remote_soccer_X/2/right/remote_1306.jpeg,remote,annotator2,2,Site0,-1,0.210269606,0.182689835,0.335184939,0.39450589,0.801564027,0.521625688,0.827956989,0.676977572,0.788856305,0.781133949,0.579667644,0.830564094,
212,right,2,4,doll+coffee+remote+soccer,X,./stimuli/A_cropped/doll_coffee_remote_soccer_X/2/right/remote_1307.jpeg,remote,annotator2,16,Site0,-1,0.194082925,0.168631574,0.325956175,0.383264398,0.801564027,0.50044721,0.810361681,0.670386861,0.788856305,0.784872521,0.579667644,0.834959997,
213,right,2,4,doll+coffee+remote+soccer,X,./stimuli/A_cropped/doll_coffee_remote_soccer_X/2/right/soccer_1308.jpeg,soccer,annotator2,5,Site0,-1,0.172664413,0.159704855,0.327824345,0.387331697,0.810361681,0.500443213,0.832844575,0.668864064,0.788856305,0.782326533,0.594330401,0.831966362,
214,right,2,4,doll+coffee+remote+soccer,X,./stimuli/A_cropped/doll_coffee_remote_soccer_X/2/right/soccer_1309.jpeg,soccer,annotator2,15,Site0,-1,0.180136243,0.149855701,0.330127686,0.397995251,0.810361681,0.538490183,0.832844575,0.677408775,0.788856305,0.781818927,0.602150538,0.831369507,
215,front,3,4,doll+coffee+remote+soccer,X,./stimuli/A_cropped/doll_coffee_remote_soccer_X/3/front/IMG_1318.jpeg,doll,annotator2,9,Site0,-1,0.433532841,0.392349214,0.536164129,0.522304281,0.810361681,0.70842886,0.602150538,0.781784534,0.219941349,0.805766196,0.099706745,0.676688425,
216,front,3,4,doll+coffee+remote+soccer,X,./stimuli/A_cropped/doll_coffee_remote_soccer_X/3/front/IMG_1319.jpeg,doll,annotator2,6,Site0,-1,0.432742095,0.35746339,0.538909909,0.491233983,0.890518084,0.700492944,0.602150538,0.754093426,0.203323558,0.771055604,0.078201369,0.653677332,
217,front,3,4,doll+coffee+remote+soccer,X,./stimuli/A_cropped/doll_coffee_remote_soccer_X/3/front/IMG_1320.jpeg,coffee,annotator2,2,Site0,-1,0.407139879,0.33083266,0.509771167,0.468621951,0.88856305,0.694298893,0.579667644,0.7376956,0.188660802,0.746243436,0.053763441,0.631833936,
218,front,3,4,doll+coffee+remote+soccer,X,./stimuli/A_cropped/doll_coffee_remote_soccer_X/3/front/IMG_1321.jpeg,coffee,annotator2,14,Site0,-1,0.42253448,0.34714824,0.521747045,0.483870878,0.884652981,0.69279479,0.595307918,0.744337221,0.188660802,0.760648117,0.078201369,0.644514538,
219,front,3,4,doll+coffee+remote+soccer,X,./stimuli/A_cropped/doll_coffee_remote_soccer_X/3/front/IMG_1322.jpeg,remote,annotator2,1,Site0,-1,0.424489514,0.376953909,0.52370208,0.509684802,0.810361681,0.703019763,0.613880743,0.770349498,0.219941349,0.774471727,0.099706745,0.655614133,
220,front,3,4,doll+coffee+remote+soccer,X,./stimuli/A_cropped/doll_coffee_remote_soccer_X/3/front/IMG_1323.jpeg,remote,annotator2,8,Site0,-1,0.411236718,0.331414898,0.517404533,0.48495407,0.810361681,0.689069581,0.602150538,0.739616102,0.211143695,0.755611837,0.099706745,0.641722207,
221,front,3,4,doll+coffee+remote+soccer,X,./stimuli/A_cropped/doll_coffee_remote_soccer_X/3/front/IMG_1324.jpeg,soccer,annotator2,6,Site0,-1,0.390276415,0.328413972,0.489488981,0.470163109,0.884652981,0.68427391,0.594330401,0.733538339,0.188660802,0.733538339,0.078201369,0.618795871,
222,front,3,4,doll+coffee+remote+soccer,X,./stimuli/A_cropped/doll_coffee_remote_soccer_X/3/front/IMG_1325.jpeg,soccer,annotator2,8,Site0,-1,0.389298898,0.321475894,0.488511464,0.4668434,0.890518084,0.68897779,0.602150538,0.731186028,0.188660802,0.739499772,0.078201369,0.612235541,
223,left,3,4,doll+coffee+remote+soccer,X,./stimuli/A_cropped/doll_coffee_remote_soccer_X/3/left/IMG_1310.jpeg,doll,annotator2,17,Site0,-1,0.690033338,0.190276391,0.819253074,0.389630161,0.272727273,0.798625927,0.203323558,0.633745826,0.250244379,0.462726573,0.42228739,0.37414737,
224,left,3,4,doll+coffee+remote+soccer,X,./stimuli/A_cropped/doll_coffee_remote_soccer_X/3/left/IMG_1311.jpeg,doll,annotator2,3,Site0,-1,0.713860584,0.171889259,0.863852026,0.383077917,0.284457478,0.816354231,0.203323558,0.63332403,0.250244379,0.460513789,0.440860215,0.36667597,
225,left,3,4,doll+coffee+remote+soccer,X,./stimuli/A_cropped/doll_coffee_remote_soccer_X/3/left/IMG_1312.jpeg,coffee,annotator2,2,Site0,-1,0.693432145,0.189568849,0.84274577,0.393031346,0.251373036,0.832844575,0.204664252,0.660801564,0.251373036,0.481915934,0.44112747,0.359726295,
226,left,3,4,doll+coffee+remote+soccer,X,./stimuli/A_cropped/doll_coffee_remote_soccer_X/3/left/IMG_1313.jpeg,coffee,annotator2,18,Site0,-1,0.685145753,0.161272249,0.814365489,0.363919065,0.250244379,0.80799708,0.165200391,0.638767915,0.234604106,0.451165298,0.42228739,0.346726728,
227,left,3,4,doll+coffee+remote+soccer,X,./stimuli/A_cropped/doll_coffee_remote_soccer_X/3/left/IMG_1314.jpeg,remote,annotator2,6,Site0,-1,0.676545266,0.185517671,0.801460599,0.348079902,0.250244379,0.76971021,0.203323558,0.623674225,0.250244379,0.444780143,0.440860215,0.339816779,
228,left,3,4,doll+coffee+remote+soccer,X,./stimuli/A_cropped/doll_coffee_remote_soccer_X/3/left/IMG_1315.jpeg,remote,annotator2,6,Site0,-1,0.645105767,0.228956636,0.74101349,0.396468228,0.272727273,0.787498579,0.203323558,0.639614369,0.250244379,0.482000935,0.42228739,0.382762847,
229,left,3,4,doll+coffee+remote+soccer,X,./stimuli/A_cropped/doll_coffee_remote_soccer_X/3/left/IMG_1316.jpeg,soccer,annotator2,12,Site0,-1,0.698257247,0.256923995,0.780728894,0.399967501,0.277716012,0.832844575,0.226088764,0.671554252,0.255726629,0.500488759,0.44215836,0.399804497,
230,left,3,4,doll+coffee+remote+soccer,X,./stimuli/A_cropped/doll_coffee_remote_soccer_X/3/left/IMG_1317.jpeg,soccer,annotator2,5,Site0,-1,0.647871268,0.20511843,0.72456275,0.384776789,0.265884653,0.816645528,0.188660802,0.652975593,0.250244379,0.477216401,0.42228739,0.366553206,
231,right,3,4,doll+coffee+remote+soccer,X,./stimuli/A_cropped/doll_coffee_remote_soccer_X/3/right/IMG_1326.jpeg,doll,annotator2,12,Site0,-1,0.264249582,0.267357101,0.406327153,0.430133303,0.810361681,0.500456963,0.832844575,0.62383701,0.744868035,0.830384347,0.335288368,0.865113545,
232,right,3,4,doll+coffee+remote+soccer,X,./stimuli/A_cropped/doll_coffee_remote_soccer_X/3/right/IMG_1327.jpeg,doll,annotator2,0,Site0,-1,0.310120012,0.216243711,0.409332578,0.405449011,0.827956989,0.469753475,0.852394917,0.587128049,0.744868035,0.787567705,0.359726295,0.838129059,
233,right,3,4,doll+coffee+remote+soccer,X,./stimuli/A_cropped/doll_coffee_remote_soccer_X/3/right/IMG_1328.jpeg,coffee,annotator2,1,Site0,-1,0.272830701,0.235965038,0.397746034,0.39724909,0.827956989,0.448790039,0.849462366,0.571343791,0.721407625,0.778809786,0.335288368,0.827831287,
234,right,3,4,doll+coffee+remote+soccer,X,./stimuli/A_cropped/doll_coffee_remote_soccer_X/3/right/IMG_1329.jpeg,coffee,annotator2,16,Site0,-1,0.270865395,0.212811372,0.3860261,0.381402696,0.827956989,0.447204196,0.853372434,0.57112162,0.744868035,0.792776732,0.335288368,0.826810391,
235,right,3,4,doll+coffee+remote+soccer,X,./stimuli/A_cropped/doll_coffee_remote_soccer_X/3/right/IMG_1330.jpeg,remote,annotator2,5,Site0,-1,0.272830701,0.218970908,0.397746034,0.395888279,0.832844575,0.448909892,0.853372434,0.571176817,0.721407625,0.793003951,0.359726295,0.827064023,
236,right,3,4,doll+coffee+remote+soccer,X,./stimuli/A_cropped/doll_coffee_remote_soccer_X/3/right/IMG_1331.jpeg,remote,annotator2,5,Site0,-1,0.197675947,0.193077838,0.334093359,0.406328458,0.810361681,0.468571688,0.832844575,0.602728362,0.744868035,0.839144318,0.284457478,0.874794343,
237,right,3,4,doll+coffee+remote+soccer,X,./stimuli/A_cropped/doll_coffee_remote_soccer_X/3/right/IMG_1332.jpeg,soccer,annotator2,19,Site0,-1,0.249539958,0.234963643,0.399531401,0.422613227,0.849462366,0.472872973,0.866080156,0.592943421,0.744868035,0.817964335,0.359726295,0.833084317,
238,right,3,4,doll+coffee+remote+soccer,X,./stimuli/A_cropped/doll_coffee_remote_soccer_X/3/right/IMG_1333.jpeg,soccer,annotator2,5,Site0,-1,0.284992016,0.30584154,0.416865266,0.478622058,0.810361681,0.538903873,0.832844575,0.636387142,0.744868035,0.834931048,0.359726295,0.857289596,
239,front,1,3,doll+remote+coffee,X,./stimuli/A_cropped/doll_remote_coffee_X/1/front/IMG_1160.jpeg,doll,annotator2,5,Site0,-1,0.395401385,0.17406625,0.55898115,0.383118501,0.795582554,0.721407625,0.500465484,0.866080156,0.128078015,0.832844575,-1.0,-1.0,
240,front,1,3,doll+remote+coffee,X,./stimuli/A_cropped/doll_remote_coffee_X/1/front/IMG_1161.jpeg,doll,annotator2,15,Site0,-1,0.401631932,0.158948271,0.564146526,0.409966685,0.79365783,0.721407625,0.500462453,0.890518084,0.167496095,0.853372434,-1.0,-1.0,
241,front,1,3,doll+remote+coffee,X,./stimuli/A_cropped/doll_remote_coffee_X/1/front/IMG_1162.jpeg,remote,annotator2,15,Site0,-1,0.394108494,0.161628713,0.559710186,0.383825833,0.840705042,0.721407625,0.500471238,0.866080156,0.16117991,0.832844575,-1.0,-1.0,
242,front,1,3,doll+remote+coffee,X,./stimuli/A_cropped/doll_remote_coffee_X/1/front/IMG_1163.jpeg,remote,annotator2,8,Site0,-1,0.387431821,0.156190353,0.549029567,0.37748362,0.850048876,0.664591017,0.500488759,0.864591017,0.1485826,0.825649386,-1.0,-1.0,
243,front,1,3,doll+remote+coffee,X,./stimuli/A_cropped/doll_remote_coffee_X/1/front/IMG_1164.jpeg,coffee,annotator2,1,Site0,-1,0.389540645,0.14892099,0.550913716,0.37111811,0.852881127,0.721407625,0.500488079,0.866080156,0.149071189,0.832844575,-1.0,-1.0,
244,front,1,3,doll+remote+coffee,X,./stimuli/A_cropped/doll_remote_coffee_X/1/front/IMG_1165.jpeg,coffee,annotator2,15,Site0,-1,0.381566718,0.155793276,0.543164465,0.373640942,0.810361681,0.66819612,0.500488759,0.858914227,0.1485826,0.820578929,-1.0,-1.0,
245,left,1,3,doll+remote+coffee,X,./stimuli/A_cropped/doll_remote_coffee_X/1/left/IMG_1154.jpeg,doll,annotator2,2,Site0,-1,0.724675223,0.275209185,0.886272969,0.483720584,0.359726295,0.748209942,0.11827957,0.68605246,0.203323558,0.613815388,-1.0,-1.0,
246,left,1,3,doll+remote+coffee,X,./stimuli/A_cropped/doll_remote_coffee_X/1/left/IMG_1155.jpeg,doll,annotator2,15,Site0,-1,0.72789413,0.285426415,0.883054062,0.4924327,0.359726295,0.779804633,0.109481916,0.693889518,0.203323558,0.607200392,-1.0,-1.0,
247,left,1,3,doll+remote+coffee,X,./stimuli/A_cropped/doll_remote_coffee_X/1/left/IMG_1156.jpeg,remote,annotator2,7,Site0,-1,0.710974899,0.252435329,0.853052471,0.464908206,0.359726295,0.737962921,0.109481916,0.668708061,0.188660802,0.593816177,-1.0,-1.0,
248,left,1,3,doll+remote+coffee,X,./stimuli/A_cropped/doll_remote_coffee_X/1/left/IMG_1157.jpeg,remote,annotator2,4,Site0,-1,0.710974899,0.290711622,0.853052471,0.481321373,0.359726295,0.770462596,0.109481916,0.683882793,0.172043011,0.607629021,-1.0,-1.0,
249,left,1,3,doll+remote+coffee,X,./stimuli/A_cropped/doll_remote_coffee_X/1/left/IMG_1158.jpeg,coffee,annotator2,14,Site0,-1,0.708057432,0.264560705,0.869655178,0.471358438,0.359726295,0.74617001,0.109481916,0.684523374,0.172043011,0.597051797,-1.0,-1.0,
250,left,1,3,doll+remote+coffee,X,./stimuli/A_cropped/doll_remote_coffee_X/1/left/IMG_1159.jpeg,coffee,annotator2,18,Site0,-1,0.713860584,0.263355898,0.863852026,0.475168858,0.359726295,0.780859056,0.11827957,0.682702734,0.172043011,0.601043273,-1.0,-1.0,
251,right,1,3,doll+remote+coffee,X,./stimuli/A_cropped/doll_remote_coffee_X/1/right/IMG_1166.jpeg,doll,annotator2,3,Site0,-1,0.203658605,0.26947224,0.365256351,0.444051804,0.716520039,0.562594612,0.900293255,0.707752671,0.810361681,0.806828806,-1.0,-1.0,
252,right,1,3,doll+remote+coffee,X,./stimuli/A_cropped/doll_remote_coffee_X/1/right/IMG_1167.jpeg,doll,annotator2,0,Site0,-1,0.226877126,0.283452918,0.34203783,0.441278707,0.716520039,0.571215545,0.900293255,0.703314846,0.810361681,0.802204825,-1.0,-1.0,
253,right,1,3,doll+remote+coffee,X,./stimuli/A_cropped/doll_remote_coffee_X/1/right/IMG_1168.jpeg,remote,annotator2,18,Site0,-1,0.187786713,0.260588232,0.312702046,0.44189569,0.660801564,0.58335236,0.866080156,0.695020593,0.801564027,0.798712524,-1.0,-1.0,
254,right,1,3,doll+remote+coffee,X,./stimuli/A_cropped/doll_remote_coffee_X/1/right/IMG_1169.jpeg,remote,annotator2,9,Site0,-1,0.221012023,0.294058497,0.336172728,0.478855051,0.744868035,0.60721329,0.900293255,0.733812009,0.810361681,0.852498308,-1.0,-1.0,
255,right,1,3,doll+remote+coffee,X,./stimuli/A_cropped/doll_remote_coffee_X/1/right/IMG_1170.jpeg,coffee,annotator2,10,Site0,-1,0.179205593,0.263139603,0.321283165,0.471162169,0.660801564,0.606831187,0.890518084,0.727459759,0.788856305,0.814974606,-1.0,-1.0,
256,right,1,3,doll+remote+coffee,X,./stimuli/A_cropped/doll_remote_coffee_X/1/right/IMG_1171.jpeg,coffee,annotator2,8,Site0,-1,0.155698316,0.270056744,0.305689759,0.464358633,0.671554252,0.584366625,0.866080156,0.71602396,0.788856305,0.826495056,-1.0,-1.0,
257,front,2,3,doll+remote+coffee,X,./stimuli/A_cropped/doll_remote_coffee_X/2/front/IMG_1178.jpeg,doll,annotator2,0,Site0,-1,0.417719767,0.213409994,0.559797339,0.393978086,0.866080156,0.69124,0.439882698,0.816200353,0.109481916,0.749498543,-1.0,-1.0,
258,front,2,3,doll+remote+coffee,X,./stimuli/A_cropped/doll_remote_coffee_X/2/front/IMG_1179.jpeg,doll,annotator2,0,Site0,-1,0.420549847,0.236428667,0.556967259,0.417950711,0.849462366,0.73864281,0.42228739,0.84605373,0.109481916,0.755967152,-1.0,-1.0,
259,front,2,3,doll+remote+coffee,X,./stimuli/A_cropped/doll_remote_coffee_X/2/front/IMG_1180.jpeg,remote,annotator2,6,Site0,-1,0.432280052,0.203263745,0.568697465,0.387605646,0.866080156,0.708731604,0.439882698,0.812055831,0.134897361,0.725396802,-1.0,-1.0,
260,front,2,3,doll+remote+coffee,X,./stimuli/A_cropped/doll_remote_coffee_X/2/front/IMG_1181.jpeg,remote,annotator2,12,Site0,-1,0.429449973,0.201030437,0.571527544,0.387649566,0.853372434,0.705659999,0.42228739,0.80746375,0.11827957,0.726184949,-1.0,-1.0,
261,front,2,3,doll+remote+coffee,X,./stimuli/A_cropped/doll_remote_coffee_X/2/front/IMG_1182.jpeg,coffee,annotator2,13,Site0,-1,0.427002078,0.19993036,0.573975439,0.380303293,0.866080156,0.71415778,0.439882698,0.809054042,0.109481916,0.71415778,-1.0,-1.0,
262,front,2,3,doll+remote+coffee,X,./stimuli/A_cropped/doll_remote_coffee_X/2/front/IMG_1183.jpeg,coffee,annotator2,0,Site0,-1,0.410351535,0.192477128,0.549570264,0.377330226,0.853372434,0.719477104,0.407624633,0.82812046,0.109481916,0.719477104,-1.0,-1.0,
263,left,2,3,doll+remote+coffee,X,./stimuli/A_cropped/doll_remote_coffee_X/2/left/IMG_1172.jpeg,doll,annotator2,19,Site0,-1,0.681602519,0.259033009,0.831593962,0.446791236,0.272727273,0.740800376,0.105571848,0.624270922,0.250244379,0.519964837,-1.0,-1.0,
264,left,2,3,doll+remote+coffee,X,./stimuli/A_cropped/doll_remote_coffee_X/2/left/IMG_1173.jpeg,doll,annotator2,15,Site0,-1,0.698481752,0.282010919,0.830355002,0.471080308,0.332355816,0.775647336,0.1485826,0.644502348,0.265884653,0.549786523,-1.0,-1.0,
265,left,2,3,doll+remote+coffee,X,./stimuli/A_cropped/doll_remote_coffee_X/2/left/IMG_1174.jpeg,remote,annotator2,14,Site0,-1,0.687297954,0.258332586,0.812213287,0.441348253,0.31769306,0.756438747,0.1485826,0.622784643,0.265884653,0.519726057,-1.0,-1.0,
266,left,2,3,doll+remote+coffee,X,./stimuli/A_cropped/doll_remote_coffee_X/2/left/IMG_1175.jpeg,remote,annotator2,6,Site0,-1,0.632546725,0.291370346,0.74770743,0.459034755,0.250244379,0.747775694,0.1485826,0.627708177,0.250244379,0.531654164,-1.0,-1.0,
267,left,2,3,doll+remote+coffee,X,./stimuli/A_cropped/doll_remote_coffee_X/2/left/IMG_1176.jpeg,coffee,annotator2,14,Site0,-1,0.676534995,0.246161315,0.791695699,0.424938819,0.31769306,0.757382328,0.1485826,0.615963466,0.250244379,0.500404054,-1.0,-1.0,
268,left,2,3,doll+remote+coffee,X,./stimuli/A_cropped/doll_remote_coffee_X/2/left/IMG_1177.jpeg,coffee,annotator2,4,Site0,-1,0.706848296,0.248722574,0.831763629,0.433117669,0.335288368,0.774617568,0.1485826,0.631488788,0.272727273,0.521124428,-1.0,-1.0,
269,right,2,3,doll+remote+coffee,X,./stimuli/A_cropped/doll_remote_coffee_X/2/right/IMG_1184.jpeg,doll,annotator2,6,Site0,-1,0.219643365,0.221054947,0.32581118,0.400762273,0.769305963,0.552739775,0.866080156,0.747405288,0.602150538,0.870035985,-1.0,-1.0,
270,right,2,3,doll+remote+coffee,X,./stimuli/A_cropped/doll_remote_coffee_X/2/right/IMG_1185.jpeg,doll,annotator2,16,Site0,-1,0.21514692,0.258316104,0.330307625,0.411201825,0.769305963,0.569959192,0.853372434,0.75365572,0.602150538,0.882414968,-1.0,-1.0,
271,right,2,3,doll+remote+coffee,X,./stimuli/A_cropped/doll_remote_coffee_X/2/right/IMG_1186.jpeg,remote,annotator2,10,Site0,-1,0.208304301,0.226042053,0.323465005,0.406418187,0.788856305,0.552936054,0.866080156,0.748326044,0.613880743,0.871413129,-1.0,-1.0,
272,right,2,3,doll+remote+coffee,X,./stimuli/A_cropped/doll_remote_coffee_X/2/right/IMG_1187.jpeg,remote,annotator2,10,Site0,-1,0.187786713,0.229105447,0.312702046,0.415729129,0.769305963,0.571120349,0.866080156,0.757865806,0.602150538,0.89487065,-1.0,-1.0,
273,right,2,3,doll+remote+coffee,X,./stimuli/A_cropped/doll_remote_coffee_X/2/right/IMG_1188.jpeg,coffee,annotator2,0,Site0,-1,0.197731551,0.205848213,0.347722994,0.417733325,0.788856305,0.561029297,0.866080156,0.74625108,0.632453568,0.886234363,-1.0,-1.0,
274,right,2,3,doll+remote+coffee,X,./stimuli/A_cropped/doll_remote_coffee_X/2/right/IMG_1189.jpeg,coffee,annotator2,18,Site0,-1,0.193765878,0.213900965,0.330183291,0.413773766,0.769305963,0.551922912,0.853372434,0.743573333,0.613880743,0.882034431,-1.0,-1.0,
275,front,3,3,doll+remote+coffee,X,./stimuli/A_cropped/doll_remote_coffee_X/3/front/coffee_1200.jpeg,coffee,annotator2,12,Site0,-1,0.385821273,0.293874683,0.491989088,0.436430043,0.810361681,0.663769383,0.39198436,0.788855931,0.078201369,0.663769383,-1.0,-1.0,
276,front,3,3,doll+remote+coffee,X,./stimuli/A_cropped/doll_remote_coffee_X/3/front/coffee_1201.jpeg,coffee,annotator2,5,Site0,-1,0.373504692,0.27681196,0.488665396,0.420598435,0.788856305,0.643747216,0.359726295,0.774114619,0.064516129,0.647177937,-1.0,-1.0,
277,front,3,3,doll+remote+coffee,X,./stimuli/A_cropped/doll_remote_coffee_X/3/front/doll_1197.jpeg,doll,annotator2,15,Site0,-1,0.394032551,0.267891956,0.509193256,0.417425047,0.788856305,0.64092946,0.359726295,0.767230799,0.042033236,0.649492263,-1.0,-1.0,
278,front,3,3,doll+remote+coffee,X,./stimuli/A_cropped/doll_remote_coffee_X/3/front/remote_1196.jpeg,remote,annotator2,19,Site0,-1,0.415643439,0.30586487,0.524728017,0.447740788,0.801564027,0.668605192,0.407624633,0.778775472,0.099706745,0.668605192,-1.0,-1.0,
279,front,3,3,doll+remote+coffee,X,./stimuli/A_cropped/doll_remote_coffee_X/3/front/remote_1198.jpeg,remote,annotator2,19,Site0,-1,0.395987585,0.316864587,0.51114829,0.464223962,0.788856305,0.672764612,0.359726295,0.804721689,0.070381232,0.691070797,-1.0,-1.0,
280,front,3,3,doll+remote+coffee,X,./stimuli/A_cropped/doll_remote_coffee_X/3/front/remote_1199.jpeg,remote,annotator2,15,Site0,-1,0.399860662,0.301528157,0.511185281,0.446167409,0.801564027,0.669575532,0.382209189,0.799096799,0.078201369,0.669575532,-1.0,-1.0,
281,left,3,3,doll+remote+coffee,X,./stimuli/A_cropped/doll_remote_coffee_X/3/left/coffee_1195.jpeg,coffee,annotator2,17,Site0,-1,0.681178231,0.191134535,0.771412189,0.370787131,0.335288368,0.79190934,0.1485826,0.552723713,0.386119257,0.431844956,-1.0,-1.0,
282,left,3,3,doll+remote+coffee,X,./stimuli/A_cropped/doll_remote_coffee_X/3/left/doll_1190.jpeg,doll,annotator2,3,Site0,-1,0.693379592,0.217612964,0.835457163,0.409706334,0.359726295,0.816482819,0.1485826,0.568874098,0.373411535,0.450562764,-1.0,-1.0,
283,left,3,3,doll+remote+coffee,X,./stimuli/A_cropped/doll_remote_coffee_X/3/left/doll_1191.jpeg,doll,annotator2,2,Site0,-1,0.704584184,0.222092061,0.843802913,0.403607123,0.359726295,0.806824819,0.188660802,0.569173507,0.39198436,0.459684152,-1.0,-1.0,
284,left,3,3,doll+remote+coffee,X,./stimuli/A_cropped/doll_remote_coffee_X/3/left/remote_1192.jpeg,remote,annotator2,18,Site0,-1,0.71172561,0.203687943,0.826886315,0.387791911,0.359726295,0.817591469,0.188660802,0.571600843,0.405669599,0.44860553,-1.0,-1.0,
285,left,3,3,doll+remote+coffee,X,./stimuli/A_cropped/doll_remote_coffee_X/3/left/remote_1193.jpeg,remote,annotator2,13,Site0,-1,0.71172561,0.236082522,0.826886315,0.418606685,0.359726295,0.834664482,0.188660802,0.596742568,0.407624633,0.471764131,-1.0,-1.0,
286,left,3,3,doll+remote+coffee,X,./stimuli/A_cropped/doll_remote_coffee_X/3/left/remote_1194.jpeg,remote,annotator2,5,Site0,-1,0.706838025,0.194072683,0.82199873,0.378147374,0.359726295,0.817540963,0.1485826,0.554021492,0.399804497,0.43016734,-1.0,-1.0,
287,right,3,3,doll+remote+coffee,X,./stimuli/A_cropped/doll_remote_coffee_X/3/right/IMG_1202.jpeg,doll,annotator2,18,Site0,-1,0.226877126,0.209093735,0.34203783,0.382330116,0.764418377,0.448598485,0.884652981,0.673535031,0.407624633,0.897592919,-1.0,-1.0,
288,right,3,3,doll+remote+coffee,X,./stimuli/A_cropped/doll_remote_coffee_X/3/right/IMG_1203.jpeg,doll,annotator2,12,Site0,-1,0.219643365,0.226645034,0.32581118,0.380905445,0.744868035,0.44794037,0.853372434,0.658848616,0.405669599,0.896454108,-1.0,-1.0,
289,right,3,3,doll+remote+coffee,X,./stimuli/A_cropped/doll_remote_coffee_X/3/right/IMG_1204.jpeg,remote,annotator2,7,Site0,-1,0.21514692,0.208363907,0.330307625,0.398456876,0.749755621,0.46856443,0.866080156,0.664684851,0.405669599,0.904908908,-1.0,-1.0,
290,right,3,3,doll+remote+coffee,X,./stimuli/A_cropped/doll_remote_coffee_X/3/right/IMG_1205.jpeg,remote,annotator2,12,Site0,-1,0.203426986,0.202671195,0.32834232,0.386391169,0.749755621,0.468783649,0.866080156,0.666331901,0.403714565,0.881584948,-1.0,-1.0,
291,right,3,3,doll+remote+coffee,X,./stimuli/A_cropped/doll_remote_coffee_X/3/right/IMG_1206.jpeg,coffee,annotator2,0,Site0,-1,0.169445506,0.183920064,0.331043252,0.403939283,0.749755621,0.470308147,0.866080156,0.677707959,0.405669599,0.901061603,-1.0,-1.0,
292,right,3,3,doll+remote+coffee,X,./stimuli/A_cropped/doll_remote_coffee_X/3/right/IMG_1207.jpeg,coffee,annotator2,7,Site0,-1,0.164844276,0.167584021,0.320004209,0.390836232,0.769305963,0.447388156,0.890518084,0.671325747,0.405669599,0.888068555,-1.0,-1.0,
293,front,1,3,doll+remote+soccer,X,./stimuli/A_cropped/doll_remote_soccer_X/1/front/IMG_1214.jpeg,doll,annotator2,10,Site0,-1,0.40007051,0.14892099,0.557264857,0.37111811,0.8,0.782013685,0.446451532,0.890518084,0.152152633,0.744868035,-1.0,-1.0,
294,front,1,3,doll+remote+soccer,X,./stimuli/A_cropped/doll_remote_soccer_X/1/front/IMG_1215.jpeg,doll,annotator2,15,Site0,-1,0.445322794,0.169608054,0.599013914,0.375846491,0.78728377,0.744868035,0.4470674,0.890518084,0.211811399,0.721407625,-1.0,-1.0,
295,front,1,3,doll+remote+soccer,X,./stimuli/A_cropped/doll_remote_soccer_X/1/front/IMG_1216.jpeg,remote,annotator2,9,Site0,-1,0.44104495,0.224776886,0.58616889,0.398879028,0.8,0.74,0.448644851,0.890518084,0.220399745,0.721407625,-1.0,-1.0,
296,front,1,3,doll+remote+soccer,X,./stimuli/A_cropped/doll_remote_soccer_X/1/front/IMG_1217.jpeg,remote,annotator2,19,Site0,-1,0.446326576,0.154945298,0.598895609,0.361183735,0.7930213,0.744868035,0.500461451,0.866080156,0.206055799,0.716520039,-1.0,-1.0,
297,front,1,3,doll+remote+soccer,X,./stimuli/A_cropped/doll_remote_soccer_X/1/front/IMG_1218.jpeg,soccer,annotator2,7,Site0,-1,0.423337009,0.142116434,0.577571018,0.358372325,0.788298555,0.744868035,0.446880424,0.890518084,0.210793418,0.716520039,-1.0,-1.0,
298,front,1,3,doll+remote+soccer,X,./stimuli/A_cropped/doll_remote_soccer_X/1/front/IMG_1219.jpeg,soccer,annotator2,8,Site0,-1,0.416405947,0.123505545,0.56800452,0.345702666,0.791157452,0.744868035,0.443602572,0.866080156,0.207925516,0.703812317,-1.0,-1.0,
299,left,1,3,doll+remote+soccer,X,./stimuli/A_cropped/doll_remote_soccer_X/1/left/doll_1208.jpeg,doll,annotator2,6,Site0,-1,0.730739817,0.269539525,0.862613067,0.465046434,0.188660802,0.732729523,0.109481916,0.640582808,0.225806452,0.534259676,-1.0,-1.0,
300,left,1,3,doll+remote+soccer,X,./stimuli/A_cropped/doll_remote_soccer_X/1/left/doll_1209.jpeg,doll,annotator2,2,Site0,-1,0.730525242,0.270654263,0.872602813,0.467490704,0.265884653,0.720450605,0.109481916,0.64957816,0.225806452,0.53245212,-1.0,-1.0,
301,left,1,3,doll+remote+soccer,X,./stimuli/A_cropped/doll_remote_soccer_X/1/left/remote_1210.jpeg,remote,annotator2,12,Site0,-1,0.739106361,0.271147821,0.864021694,0.464527751,0.272727273,0.722529539,0.109481916,0.657766289,0.250244379,0.532758156,-1.0,-1.0,
302,left,1,3,doll+remote+soccer,X,./stimuli/A_cropped/doll_remote_soccer_X/1/left/remote_1212.jpeg,remote,annotator2,1,Site0,-1,0.720647599,0.291752266,0.857065011,0.475830039,0.284457478,0.723104791,0.109481916,0.654270282,0.250244379,0.535227072,-1.0,-1.0,
303,left,1,3,doll+remote+soccer,X,./stimuli/A_cropped/doll_remote_soccer_X/1/left/soccer_1213.jpeg,soccer,annotator2,8,Site0,-1,0.71172561,0.301783915,0.826886315,0.476994348,0.265884653,0.745502172,0.105571848,0.674587887,0.211143695,0.555112732,-1.0,-1.0,
304,right,1,3,doll+remote+soccer,X,./stimuli/A_cropped/doll_remote_soccer_X/1/right/IMG_1220.jpeg,doll,annotator2,1,Site0,-1,0.233571065,0.337408934,0.329478788,0.482097806,0.788856305,0.60148065,0.866080156,0.706331506,0.749755621,0.77073989,-1.0,-1.0,
305,right,1,3,doll+remote+soccer,X,./stimuli/A_cropped/doll_remote_soccer_X/1/right/IMG_1221.jpeg,doll,annotator2,15,Site0,-1,0.173113685,0.321070771,0.28827439,0.482086725,0.769305963,0.614472787,0.866080156,0.715850901,0.744868035,0.76907441,-1.0,-1.0,
306,right,1,3,doll+remote+soccer,X,./stimuli/A_cropped/doll_remote_soccer_X/1/right/IMG_1222.jpeg,remote,annotator2,2,Site0,-1,0.160405962,0.312194186,0.275566667,0.486893702,0.769305963,0.61296096,0.832844575,0.708831885,0.744868035,0.783861304,-1.0,-1.0,
307,right,1,3,doll+remote+soccer,X,./stimuli/A_cropped/doll_remote_soccer_X/1/right/IMG_1223.jpeg,remote,annotator2,19,Site0,-1,0.160779083,0.314062117,0.279103615,0.485144889,0.769305963,0.612893986,0.832844575,0.708708071,0.744868035,0.783693006,-1.0,-1.0,
308,right,1,3,doll+remote+soccer,X,./stimuli/A_cropped/doll_remote_soccer_X/1/right/IMG_1224.jpeg,soccer,annotator2,5,Site0,-1,0.163348785,0.289216941,0.288264118,0.495527808,0.769305963,0.612614233,0.832844575,0.708190889,0.744868035,0.782990011,-1.0,-1.0,
309,right,1,3,doll+remote+soccer,X,./stimuli/A_cropped/doll_remote_soccer_X/1/right/IMG_1225.jpeg,soccer,annotator2,13,Site0,-1,0.173113685,0.31143908,0.28827439,0.505207127,0.769305963,0.612418275,0.866080156,0.728569999,0.744868035,0.799920344,-1.0,-1.0,
310,front,2,3,doll+remote+soccer,X,./stimuli/A_cropped/doll_remote_soccer_X/2/front/IMG_1232.jpeg,doll,annotator2,3,Site0,-1,0.416695383,0.184158608,0.566686826,0.395183612,0.721407625,0.711282763,0.442815249,0.857225258,0.1485826,0.699836292,-1.0,-1.0,
311,front,2,3,doll+remote+soccer,X,./stimuli/A_cropped/doll_remote_soccer_X/2/front/IMG_1233.jpeg,doll,annotator2,13,Site0,-1,0.386740659,0.191335501,0.541900592,0.410362535,0.8,0.780902698,0.42228739,0.879765238,0.109481916,0.720064212,-1.0,-1.0,
312,front,2,3,doll+remote+soccer,X,./stimuli/A_cropped/doll_remote_soccer_X/2/front/IMG_1234.jpeg,remote,annotator2,11,Site0,-1,0.416695383,0.194725872,0.566686826,0.396941731,0.716520039,0.701497359,0.442815249,0.85540042,0.1485826,0.690822002,-1.0,-1.0,
313,front,2,3,doll+remote+soccer,X,./stimuli/A_cropped/doll_remote_soccer_X/2/front/IMG_1235.jpeg,remote,annotator2,2,Site0,-1,0.409852763,0.183371382,0.559844206,0.387169565,0.716520039,0.703074062,0.442815249,0.858181403,0.11827957,0.6878323,-1.0,-1.0,
314,front,2,3,doll+remote+soccer,X,./stimuli/A_cropped/doll_remote_soccer_X/2/front/IMG_1236.jpeg,soccer,annotator2,7,Site0,-1,0.388695694,0.166030267,0.543855626,0.371673202,0.721407625,0.689532531,0.442815249,0.838806362,0.109481916,0.658773075,-1.0,-1.0,
315,front,2,3,doll+remote+soccer,X,./stimuli/A_cropped/doll_remote_soccer_X/2/front/IMG_1237.jpeg,soccer,annotator2,17,Site0,-1,0.391279938,0.17242651,0.541271381,0.37196878,0.709677419,0.667230631,0.442815249,0.828755229,0.1485826,0.654062864,-1.0,-1.0,
316,left,2,3,doll+remote+soccer,X,./stimuli/A_cropped/doll_remote_soccer_X/2/left/IMG_1226.jpeg,doll,annotator2,12,Site0,-1,0.728467736,0.252113171,0.864885148,0.450654423,0.188660802,0.722359939,0.109481916,0.587664748,0.302052786,0.468019298,-1.0,-1.0,
317,left,2,3,doll+remote+soccer,X,./stimuli/A_cropped/doll_remote_soccer_X/2/left/IMG_1227.jpeg,doll,annotator2,11,Site0,-1,0.706848296,0.325565321,0.831763629,0.51370836,0.188660802,0.783427144,0.1485826,0.639949502,0.284457478,0.534105341,-1.0,-1.0,
318,left,2,3,doll+remote+soccer,X,./stimuli/A_cropped/doll_remote_soccer_X/2/left/IMG_1228.jpeg,remote,annotator2,16,Site0,-1,0.712311987,0.274644004,0.818479802,0.457660182,0.188660802,0.725367843,0.11827957,0.603341261,0.284457478,0.500381333,-1.0,-1.0,
319,left,2,3,doll+remote+soccer,X,./stimuli/A_cropped/doll_remote_soccer_X/2/left/IMG_1229.jpeg,remote,annotator2,13,Site0,-1,0.706848296,0.282220796,0.831763629,0.465550918,0.188660802,0.735121321,0.109481916,0.614179051,0.284457478,0.500397836,-1.0,-1.0,
320,left,2,3,doll+remote+soccer,X,./stimuli/A_cropped/doll_remote_soccer_X/2/left/IMG_1230.jpeg,soccer,annotator2,0,Site0,-1,0.711735882,0.281058448,0.836651215,0.458870553,0.188660802,0.728044451,0.11827957,0.610742399,0.302052786,0.500385862,-1.0,-1.0,
321,left,2,3,doll+remote+soccer,X,./stimuli/A_cropped/doll_remote_soccer_X/2/left/IMG_1231.jpeg,soccer,annotator2,7,Site0,-1,0.71172561,0.264840993,0.826886315,0.439437674,0.188660802,0.726975724,0.1485826,0.580267219,0.302052786,0.45506572,-1.0,-1.0,
322,right,2,3,doll+remote+soccer,X,./stimuli/A_cropped/doll_remote_soccer_X/2/right/IMG_1238.jpeg,doll,annotator2,12,Site0,-1,0.225508468,0.252276041,0.331676283,0.420670286,0.769305963,0.565491092,0.866080156,0.737455431,0.632453568,0.800937594,-1.0,-1.0,
323,right,2,3,doll+remote+soccer,X,./stimuli/A_cropped/doll_remote_soccer_X/2/right/IMG_1239.jpeg,doll,annotator2,6,Site0,-1,0.208304301,0.286231751,0.323465005,0.438189523,0.744868035,0.589157823,0.853372434,0.752116142,0.608993157,0.81951775,-1.0,-1.0,
324,right,2,3,doll+remote+soccer,X,./stimuli/A_cropped/doll_remote_soccer_X/2/right/IMG_1240.jpeg,remote,annotator2,4,Site0,-1,0.159655251,0.221957626,0.301732823,0.432631208,0.769305963,0.569167101,0.866080156,0.750783783,0.602150538,0.817829194,-1.0,-1.0,
325,right,2,3,doll+remote+soccer,X,./stimuli/A_cropped/doll_remote_soccer_X/2/right/IMG_1241.jpeg,remote,annotator2,16,Site0,-1,0.192664027,0.245488929,0.307824732,0.41849682,0.769305963,0.559029531,0.853372434,0.738182092,0.608993157,0.809182647,-1.0,-1.0,
326,right,2,3,doll+remote+soccer,X,./stimuli/A_cropped/doll_remote_soccer_X/2/right/IMG_1242.jpeg,soccer,annotator2,2,Site0,-1,0.175248658,0.2299872,0.325240101,0.424283156,0.769305963,0.557891498,0.866080156,0.739257868,0.629521017,0.803221901,-1.0,-1.0,
327,right,2,3,doll+remote+soccer,X,./stimuli/A_cropped/doll_remote_soccer_X/2/right/IMG_1243.jpeg,soccer,annotator2,1,Site0,-1,0.175248658,0.21087532,0.325240101,0.423674765,0.769305963,0.550964104,0.866080156,0.739075511,0.629521017,0.810342388,-1.0,-1.0,
328,front,3,3,doll+remote+soccer,X,./stimuli/A_cropped/doll_remote_soccer_X/3/front/IMG_1250.jpeg,doll,annotator2,11,Site0,-1,0.422380547,0.275140397,0.537541252,0.433648111,0.810361681,0.632747057,0.442815249,0.802179198,0.078201369,0.644092959,-1.0,-1.0,
329,front,3,3,doll+remote+soccer,X,./stimuli/A_cropped/doll_remote_soccer_X/3/front/IMG_1251.jpeg,doll,annotator2,17,Site0,-1,0.428245649,0.27676188,0.543406354,0.425136462,0.810361681,0.628542607,0.442815249,0.788213765,0.105571848,0.628542607,-1.0,-1.0,
330,front,3,3,doll+remote+soccer,X,./stimuli/A_cropped/doll_remote_soccer_X/3/front/IMG_1252.jpeg,remote,annotator2,5,Site0,-1,0.424335581,0.261958196,0.539496286,0.423885786,0.810361681,0.625021272,0.440860215,0.784592583,0.109481916,0.625021272,-1.0,-1.0,
331,front,3,3,doll+remote+soccer,X,./stimuli/A_cropped/doll_remote_soccer_X/3/front/IMG_1253.jpeg,remote,annotator2,6,Site0,-1,0.432742095,0.276860854,0.538909909,0.425647368,0.810361681,0.624605745,0.458455523,0.765896589,0.109481916,0.624605745,-1.0,-1.0,
332,front,3,3,doll+remote+soccer,X,./stimuli/A_cropped/doll_remote_soccer_X/3/front/IMG_1254.jpeg,soccer,annotator2,1,Site0,-1,0.395987585,0.260786698,0.51114829,0.423511198,0.810361681,0.625636552,0.442815249,0.785993176,0.099706745,0.625636552,-1.0,-1.0,
333,front,3,3,doll+remote+soccer,X,./stimuli/A_cropped/doll_remote_soccer_X/3/front/IMG_1255.jpeg,soccer,annotator2,2,Site0,-1,0.404785239,0.273010533,0.519945944,0.419246036,0.810361681,0.622469325,0.440860215,0.778783448,0.109481916,0.622469325,-1.0,-1.0,
334,left,3,3,doll+remote+soccer,X,./stimuli/A_cropped/doll_remote_soccer_X/3/left/IMG_1244.jpeg,doll,annotator2,11,Site0,-1,0.720647599,0.261384914,0.857065011,0.446659896,0.500488759,0.813180418,0.1485826,0.590532099,0.335288368,0.44758668,-1.0,-1.0,
335,left,3,3,doll+remote+soccer,X,./stimuli/A_cropped/doll_remote_soccer_X/3/left/IMG_1245.jpeg,doll,annotator2,12,Site0,-1,0.689422656,0.252202907,0.839414099,0.439860604,0.42228739,0.809174839,0.109481916,0.586271751,0.31769306,0.434367424,-1.0,-1.0,
336,left,3,3,doll+remote+soccer,X,./stimuli/A_cropped/doll_remote_soccer_X/3/left/IMG_1246.jpeg,remote,annotator2,13,Site0,-1,0.71172561,0.20675367,0.826886315,0.388952847,0.4,0.8,0.109481916,0.553471074,0.335288368,0.395231474,-1.0,-1.0,
337,left,3,3,doll+remote+soccer,X,./stimuli/A_cropped/doll_remote_soccer_X/3/left/IMG_1247.jpeg,remote,annotator2,15,Site0,-1,0.716623467,0.219810135,0.841538801,0.39665209,0.500488759,0.770490245,0.1485826,0.556294924,0.335288368,0.406175127,-1.0,-1.0,
338,left,3,3,doll+remote+soccer,X,./stimuli/A_cropped/doll_remote_soccer_X/3/left/IMG_1248.jpeg,soccer,annotator2,0,Site0,-1,0.701950439,0.23038142,0.817111144,0.391226496,0.500488759,0.802984593,0.109481916,0.568182822,0.335288368,0.407433917,-1.0,-1.0,
339,left,3,3,doll+remote+soccer,X,./stimuli/A_cropped/doll_remote_soccer_X/3/left/IMG_1249.jpeg,soccer,annotator2,0,Site0,-1,0.714812094,0.236371513,0.81402466,0.396868604,0.500488759,0.802329093,0.1485826,0.56803531,0.359726295,0.413040961,-1.0,-1.0,
340,right,3,3,doll+remote+soccer,X,./stimuli/A_cropped/doll_remote_soccer_X/3/right/IMG_1256.jpeg,doll,annotator2,14,Site0,-1,0.213297398,0.213985602,0.322381976,0.36476446,0.671554252,0.44700404,0.866080156,0.726931418,0.407624633,0.839264735,-1.0,-1.0,
341,right,3,3,doll+remote+soccer,X,./stimuli/A_cropped/doll_remote_soccer_X/3/right/IMG_1257.jpeg,doll,annotator2,9,Site0,-1,0.195573703,0.145986653,0.361611048,0.377480717,0.671554252,0.46036666,0.853372434,0.733603569,0.42228739,0.849239667,-1.0,-1.0,
342,right,3,3,doll+remote+soccer,X,./stimuli/A_cropped/doll_remote_soccer_X/3/right/IMG_1258.jpeg,remote,annotator2,16,Site0,-1,0.190071414,0.206650581,0.314072647,0.395499957,0.670298859,0.470185728,0.850786539,0.744868035,0.408300614,0.866080156,-1.0,-1.0,
343,right,3,3,doll+remote+soccer,X,./stimuli/A_cropped/doll_remote_soccer_X/3/right/IMG_1259.jpeg,remote,annotator2,16,Site0,-1,0.187786713,0.204321779,0.312702046,0.368096244,0.671554252,0.446207429,0.866080156,0.730342549,0.405669599,0.844364409,-1.0,-1.0,
344,right,3,3,doll+remote+soccer,X,./stimuli/A_cropped/doll_remote_soccer_X/3/right/IMG_1260.jpeg,soccer,annotator2,6,Site0,-1,0.167428521,0.19210358,0.317419964,0.375457698,0.693059629,0.445596419,0.88856305,0.737608803,0.440860215,0.848275917,-1.0,-1.0,
345,right,3,3,doll+remote+soccer,X,./stimuli/A_cropped/doll_remote_soccer_X/3/right/IMG_1261.jpeg,soccer,annotator2,10,Site0,-1,0.175248658,0.20069142,0.325240101,0.372738149,0.721407625,0.447903194,0.866080156,0.723081196,0.440860215,0.833508614,-1.0,-1.0,
346,front,1,2,pen+remote,X,./stimuli/A_cropped/pen_remote_X/1/front/pen_0037.JPG,pen,annotator2,11,Site0,-1,0.432989225,0.233694793,0.58465221,0.442747044,0.647431991,0.866080156,0.379450196,0.853372434,-1.0,-1.0,-1.0,-1.0,
347,front,1,2,pen+remote,X,./stimuli/A_cropped/pen_remote_X/1/front/pen_0038.JPG,pen,annotator2,19,Site0,-1,0.39615156,0.182595833,0.560448424,0.407824499,0.620014329,0.890518084,0.372899954,0.866080156,-1.0,-1.0,-1.0,-1.0,
348,front,1,2,pen+remote,X,./stimuli/A_cropped/pen_remote_X/1/front/remote_0039.JPG,remote,annotator2,0,Site0,-1,0.396028611,0.195841811,0.555846844,0.418038932,0.613211019,0.900293255,0.367065807,0.866080156,-1.0,-1.0,-1.0,-1.0,
349,front,1,2,pen+remote,X,./stimuli/A_cropped/pen_remote_X/1/front/remote_0040.JPG,remote,annotator2,4,Site0,-1,0.364049608,0.179501963,0.533826019,0.410918369,0.618272244,0.890518084,0.352923446,0.866080156,-1.0,-1.0,-1.0,-1.0,
350,left,1,2,pen+remote,X,./stimuli/A_cropped/pen_remote_X/1/left/pen_0033.JPG,pen,annotator2,11,Site0,-1,0.730540325,0.224467557,0.892138072,0.447407694,0.109481916,0.722450488,0.11827957,0.640213709,-1.0,-1.0,-1.0,-1.0,
351,left,1,2,pen+remote,X,./stimuli/A_cropped/pen_remote_X/1/left/pen_0034.JPG,pen,annotator2,8,Site0,-1,0.720703203,0.1664504,0.870694646,0.365053008,0.165200391,0.616885606,0.188660802,0.541506317,-1.0,-1.0,-1.0,-1.0,
352,left,1,2,pen+remote,X,./stimuli/A_cropped/pen_remote_X/1/left/remote_0035.JPG,remote,annotator2,14,Site0,-1,0.710974899,0.220802426,0.853052471,0.432985095,0.1485826,0.706983833,0.1485826,0.618571577,-1.0,-1.0,-1.0,-1.0,
353,left,1,2,pen+remote,X,./stimuli/A_cropped/pen_remote_X/1/left/remote_0036.JPG,remote,annotator2,12,Site0,-1,0.713860584,0.216666557,0.863852026,0.431992376,0.11827957,0.714242584,0.1485826,0.627874732,-1.0,-1.0,-1.0,-1.0,
354,right,1,2,pen+remote,X,./stimuli/A_cropped/pen_remote_X/1/right/pen_0041.JPG,pen,annotator2,17,Site0,-1,0.101004225,0.277990568,0.243081797,0.491532385,0.884652981,0.690877709,0.853372434,0.762957403,-1.0,-1.0,-1.0,-1.0,
355,right,1,2,pen+remote,X,./stimuli/A_cropped/pen_remote_X/1/right/pen_0042.JPG,pen,annotator2,18,Site0,-1,0.084401518,0.264144263,0.245999264,0.455693125,0.884652981,0.658370854,0.853372434,0.729035014,-1.0,-1.0,-1.0,-1.0,
356,right,1,2,pen+remote,X,./stimuli/A_cropped/pen_remote_X/1/right/remote_0043.JPG,remote,annotator2,1,Site0,-1,0.0842086,0.28628211,0.255967353,0.466668679,0.900293255,0.672590129,0.853372434,0.748340409,-1.0,-1.0,-1.0,-1.0,
357,right,1,2,pen+remote,X,./stimuli/A_cropped/pen_remote_X/1/right/remote_0044.JPG,remote,annotator2,9,Site0,-1,0.083804258,0.254980944,0.260281763,0.473445155,0.900293255,0.682526672,0.866080156,0.769559257,-1.0,-1.0,-1.0,-1.0,
358,front,2,2,pen+remote,X,./stimuli/A_cropped/pen_remote_X/2/front/pen_0049.JPG,pen,annotator2,7,Site0,-1,0.406741081,0.21520532,0.562955889,0.429118303,0.902248289,0.85077357,0.1485826,0.8338366,-1.0,-1.0,-1.0,-1.0,
359,front,2,2,pen+remote,X,./stimuli/A_cropped/pen_remote_X/2/front/pen_0050.JPG,pen,annotator2,6,Site0,-1,0.413824783,0.207580631,0.575422529,0.42450469,0.928641251,0.870174596,0.11827957,0.847575415,-1.0,-1.0,-1.0,-1.0,
360,front,2,2,pen+remote,X,./stimuli/A_cropped/pen_remote_X/2/front/remote_0051.JPG,remote,annotator2,11,Site0,-1,0.389386855,0.226060133,0.550984601,0.445560857,0.923753666,0.8745716,0.1485826,0.865424553,-1.0,-1.0,-1.0,-1.0,
361,front,2,2,pen+remote,X,./stimuli/A_cropped/pen_remote_X/2/front/remote_0052.JPG,remote,annotator2,14,Site0,-1,0.393296924,0.216997774,0.55489467,0.438631095,0.921798631,0.872421411,0.1485826,0.844802673,-1.0,-1.0,-1.0,-1.0,
362,left,2,2,pen+remote,X,./stimuli/A_cropped/pen_remote_X/2/left/pen_0045.JPG,pen,annotator2,7,Site0,-1,0.68850709,0.238261583,0.850104836,0.458589451,0.188660802,0.875888464,0.1485826,0.566237643,-1.0,-1.0,-1.0,-1.0,
363,left,2,2,pen+remote,X,./stimuli/A_cropped/pen_remote_X/2/left/pen_0046.JPG,pen,annotator2,13,Site0,-1,0.679255237,0.209494244,0.859356689,0.427495259,0.188660802,0.854779949,0.109481916,0.55328197,-1.0,-1.0,-1.0,-1.0,
364,left,2,2,pen+remote,X,./stimuli/A_cropped/pen_remote_X/2/left/remote_0047.JPG,remote,annotator2,7,Site0,-1,0.641571185,0.221034558,0.783648756,0.439751088,0.188660802,0.893400542,0.105571848,0.571807714,-1.0,-1.0,-1.0,-1.0,
365,left,2,2,pen+remote,X,./stimuli/A_cropped/pen_remote_X/2/left/remote_0048.JPG,remote,annotator2,17,Site0,-1,0.678716835,0.207019029,0.820794407,0.429011633,0.188660802,0.88587904,0.11827957,0.567517654,-1.0,-1.0,-1.0,-1.0,
366,right,2,2,pen+remote,X,./stimuli/A_cropped/pen_remote_X/2/right/pen_0053.JPG,pen,annotator2,9,Site0,-1,0.184307754,0.233839152,0.316181004,0.44193181,0.866080156,0.539286805,0.810361681,0.860806408,-1.0,-1.0,-1.0,-1.0,
367,right,2,2,pen+remote,X,./stimuli/A_cropped/pen_remote_X/2/right/pen_0054.JPG,pen,annotator2,17,Site0,-1,0.149895164,0.260776099,0.31149291,0.440402798,0.866080156,0.538571864,0.832844575,0.854240448,-1.0,-1.0,-1.0,-1.0,
368,right,2,2,pen+remote,X,./stimuli/A_cropped/pen_remote_X/2/right/remote_0055.JPG,remote,annotator2,7,Site0,-1,0.126795349,0.242941564,0.324817554,0.455917575,0.866080156,0.537320876,0.832844575,0.842751493,-1.0,-1.0,-1.0,-1.0,
369,right,2,2,pen+remote,X,./stimuli/A_cropped/pen_remote_X/2/right/remote_0056.JPG,remote,annotator2,0,Site0,-1,0.159655251,0.230043729,0.301732823,0.455193082,0.866080156,0.535509496,0.832844575,0.850272686,-1.0,-1.0,-1.0,-1.0,
370,front,3,2,pen+remote,X,./stimuli/A_cropped/pen_remote_X/3/front/pen_0061.JPG,pen,annotator2,10,Site0,-1,0.430163693,0.414355778,0.541488311,0.548687402,0.900293255,0.79678589,0.109481916,0.789997903,-1.0,-1.0,-1.0,-1.0,
371,front,3,2,pen+remote,X,./stimuli/A_cropped/pen_remote_X/3/front/pen_0062.JPG,pen,annotator2,16,Site0,-1,0.442908406,0.403533265,0.558069111,0.538346028,0.921798631,0.795048062,0.109481916,0.780005055,-1.0,-1.0,-1.0,-1.0,
372,front,3,2,pen+remote,X,./stimuli/A_cropped/pen_remote_X/3/front/remote_0063.JPG,remote,annotator2,13,Site0,-1,0.409778336,0.328927715,0.518862915,0.499759959,0.900293255,0.744433442,0.11827957,0.729510765,-1.0,-1.0,-1.0,-1.0,
373,front,3,2,pen+remote,X,./stimuli/A_cropped/pen_remote_X/3/front/remote_0064.JPG,remote,annotator2,10,Site0,-1,0.400089573,0.352982148,0.516821473,0.507027331,0.921798631,0.766124111,0.109481916,0.74196331,-1.0,-1.0,-1.0,-1.0,
374,left,3,2,pen+remote,X,./stimuli/A_cropped/pen_remote_X/3/left/pen_0057.JPG,pen,annotator2,3,Site0,-1,0.577950625,0.182034596,0.724648763,0.38688036,0.217366847,0.890518084,0.1454884,0.450635386,-1.0,-1.0,-1.0,-1.0,
375,left,3,2,pen+remote,X,./stimuli/A_cropped/pen_remote_X/3/left/pen_0058.JPG,pen,annotator2,6,Site0,-1,0.622827278,0.150876024,0.778724065,0.373073145,0.24472235,0.890518084,0.179800875,0.42228739,-1.0,-1.0,-1.0,-1.0,
376,left,3,2,pen+remote,X,./stimuli/A_cropped/pen_remote_X/3/left/remote_0059.JPG,remote,annotator2,6,Site0,-1,0.574424353,0.135026456,0.693895135,0.349822029,0.261130211,0.903225806,0.134917211,0.434995112,-1.0,-1.0,-1.0,-1.0,
377,left,3,2,pen+remote,X,./stimuli/A_cropped/pen_remote_X/3/left/remote_0060.JPG,remote,annotator2,17,Site0,-1,0.541246493,0.176470912,0.647414308,0.372821259,0.230694037,0.903698518,0.11827957,0.451052161,-1.0,-1.0,-1.0,-1.0,
378,right,3,2,pen+remote,X,./stimuli/A_cropped/pen_remote_X/3/right/pen_0065.JPG,pen,annotator2,10,Site0,-1,0.227971479,0.214024197,0.35020353,0.38812634,0.825694806,0.440860215,0.667869129,0.890518084,-1.0,-1.0,-1.0,-1.0,
379,right,3,2,pen+remote,X,./stimuli/A_cropped/pen_remote_X/3/right/pen_0066.JPG,pen,annotator2,8,Site0,-1,0.221738205,0.192288996,0.324602144,0.3903112,0.822486662,0.440860215,0.628331697,0.890518084,-1.0,-1.0,-1.0,-1.0,
380,right,3,2,pen+remote,X,./stimuli/A_cropped/pen_remote_X/3/right/remote_0067.JPG,remote,annotator2,13,Site0,-1,0.149891782,0.16147373,0.314220565,0.407441226,0.818446328,0.434995112,0.664133129,0.890518084,-1.0,-1.0,-1.0,-1.0,
381,right,3,2,pen+remote,X,./stimuli/A_cropped/pen_remote_X/3/right/remote_0068.JPG,remote,annotator2,1,Site0,-1,0.170414128,0.203700011,0.330897871,0.419955903,0.821347081,0.447702835,0.656006674,0.884652981,-1.0,-1.0,-1.0,-1.0,
382,front,1,2,pen+soccer,X,./stimuli/A_cropped/pen_soccer_X/1/front/pen_0151.JPG,pen,annotator2,17,Site0,-1,0.400039482,0.205461999,0.578820061,0.451429496,0.771608914,0.884652981,0.345123174,0.853372434,-1.0,-1.0,-1.0,-1.0,
383,front,1,2,pen+soccer,X,./stimuli/A_cropped/pen_soccer_X/1/front/pen_0152.JPG,pen,annotator2,3,Site0,-1,0.407204922,0.181431165,0.593767322,0.432449578,0.787298288,0.88172043,0.33617678,0.853372434,-1.0,-1.0,-1.0,-1.0,
384,front,1,2,pen+soccer,X,./stimuli/A_cropped/pen_soccer_X/1/front/soccer_0153.JPG,soccer,annotator2,14,Site0,-1,0.408854176,0.194541089,0.592087869,0.429114825,0.77837422,0.866080156,0.341265462,0.810361681,-1.0,-1.0,-1.0,-1.0,
385,front,1,2,pen+soccer,X,./stimuli/A_cropped/pen_soccer_X/1/front/soccer_0154.JPG,soccer,annotator2,7,Site0,-1,0.385857044,0.190200916,0.562334549,0.433891372,0.749755621,0.863439029,0.335288368,0.833883632,-1.0,-1.0,-1.0,-1.0,
386,left,1,2,pen+soccer,X,./stimuli/A_cropped/pen_soccer_X/1/left/pen_0147.JPG,pen,annotator2,10,Site0,-1,0.690269206,0.260043624,0.862027959,0.475362589,0.250244379,0.868310864,0.099706745,0.66179864,-1.0,-1.0,-1.0,-1.0,
387,left,1,2,pen+soccer,X,./stimuli/A_cropped/pen_soccer_X/1/left/pen_0148.JPG,pen,annotator2,15,Site0,-1,0.679516518,0.244832615,0.851275271,0.456241867,0.265884653,0.831713645,0.105571848,0.649462759,-1.0,-1.0,-1.0,-1.0,
388,left,1,2,pen+soccer,X,./stimuli/A_cropped/pen_soccer_X/1/left/soccer_0149.JPG,soccer,annotator2,8,Site0,-1,0.693201758,0.223674122,0.86496051,0.442108702,0.250244379,0.833783128,0.105571848,0.642801885,-1.0,-1.0,-1.0,-1.0,
389,left,1,2,pen+soccer,X,./stimuli/A_cropped/pen_soccer_X/1/left/soccer_0150.JPG,soccer,annotator2,3,Site0,-1,0.674759899,0.248757781,0.824751342,0.469411178,0.250244379,0.83409941,0.099706745,0.646769578,-1.0,-1.0,-1.0,-1.0,
390,right,1,2,pen+soccer,X,./stimuli/A_cropped/pen_soccer_X/1/right/pen_0155.JPG,pen,annotator2,11,Site0,-1,0.18508578,0.211296323,0.346683526,0.454442601,0.853372434,0.676164621,0.884652981,0.796892823,-1.0,-1.0,-1.0,-1.0,
391,right,1,2,pen+soccer,X,./stimuli/A_cropped/pen_soccer_X/1/right/pen_0156.JPG,pen,annotator2,7,Site0,-1,0.209461757,0.21101177,0.359453199,0.445576988,0.853372434,0.664329246,0.884652981,0.779072859,-1.0,-1.0,-1.0,-1.0,
392,right,1,2,pen+soccer,X,./stimuli/A_cropped/pen_soccer_X/1/right/soccer_0157.JPG,soccer,annotator2,5,Site0,-1,0.18508578,0.203457028,0.346683526,0.44415426,0.832844575,0.660214916,0.884652981,0.76702486,-1.0,-1.0,-1.0,-1.0,
393,right,1,2,pen+soccer,X,./stimuli/A_cropped/pen_soccer_X/1/right/soccer_0158.JPG,soccer,annotator2,14,Site0,-1,0.1919284,0.216904298,0.353526146,0.454123318,0.827956989,0.661345644,0.866080156,0.767339133,-1.0,-1.0,-1.0,-1.0,
394,front,2,2,pen+soccer,X,./stimuli/A_cropped/pen_soccer_X/2/front/pen_0163.JPG,pen,annotator2,2,Site0,-1,0.394273033,0.209771869,0.569558834,0.450229371,0.866080156,0.886978645,0.188660802,0.786238272,-1.0,-1.0,-1.0,-1.0,
395,front,2,2,pen+soccer,X,./stimuli/A_cropped/pen_soccer_X/2/front/pen_0164.JPG,pen,annotator2,16,Site0,-1,0.402879177,0.222770935,0.57463793,0.454283809,0.853372434,0.867568745,0.188660802,0.771881262,-1.0,-1.0,-1.0,-1.0,
396,front,2,2,pen+soccer,X,./stimuli/A_cropped/pen_soccer_X/2/front/soccer_0165.JPG,soccer,annotator2,10,Site0,-1,0.378036907,0.200781982,0.554514412,0.436552792,0.853372434,0.866796855,0.188660802,0.771310315,-1.0,-1.0,-1.0,-1.0,
397,front,2,2,pen+soccer,X,./stimuli/A_cropped/pen_soccer_X/2/front/soccer_0166.JPG,soccer,annotator2,14,Site0,-1,0.375806373,0.17211793,0.564893254,0.430032608,0.89809021,0.900293255,0.150516653,0.788856305,-1.0,-1.0,-1.0,-1.0,
398,left,2,2,pen+soccer,X,./stimuli/A_cropped/pen_soccer_X/2/left/pen_0159.JPG,pen,annotator2,11,Site0,-1,0.66935173,0.230127466,0.859485024,0.456745528,0.250244379,0.864706236,0.1485826,0.574401898,-1.0,-1.0,-1.0,-1.0,
399,left,2,2,pen+soccer,X,./stimuli/A_cropped/pen_soccer_X/2/left/pen_0160.JPG,pen,annotator2,17,Site0,-1,0.679118921,0.251817663,0.849717833,0.474536549,0.250244379,0.887141501,0.1485826,0.586579733,-1.0,-1.0,-1.0,-1.0,
400,left,2,2,pen+soccer,X,./stimuli/A_cropped/pen_soccer_X/2/left/soccer_0161.JPG,soccer,annotator2,9,Site0,-1,0.668956748,0.212791334,0.830554494,0.447004725,0.230694037,0.895384473,0.109481916,0.588015229,-1.0,-1.0,-1.0,-1.0,
401,left,2,2,pen+soccer,X,./stimuli/A_cropped/pen_soccer_X/2/left/soccer_0162.JPG,soccer,annotator2,14,Site0,-1,0.693394675,0.1991937,0.854992422,0.445350662,0.230694037,0.894173246,0.11827957,0.576035786,-1.0,-1.0,-1.0,-1.0,
402,right,2,2,pen+soccer,X,./stimuli/A_cropped/pen_soccer_X/2/right/pen_0167.JPG,pen,annotator2,4,Site0,-1,0.226079547,0.19833299,0.37607099,0.403541534,0.884652981,0.629548766,0.671554252,0.826354557,-1.0,-1.0,-1.0,-1.0,
403,right,2,2,pen+soccer,X,./stimuli/A_cropped/pen_soccer_X/2/right/pen_0168.JPG,pen,annotator2,6,Site0,-1,0.212394308,0.207852769,0.362385751,0.402027595,0.884652981,0.641382423,0.671554252,0.858967576,-1.0,-1.0,-1.0,-1.0,
404,right,2,2,pen+soccer,X,./stimuli/A_cropped/pen_soccer_X/2/right/soccer_0169.JPG,soccer,annotator2,18,Site0,-1,0.250865782,0.211665261,0.406025714,0.40431208,0.884652981,0.620605756,0.671554252,0.814794084,-1.0,-1.0,-1.0,-1.0,
405,right,2,2,pen+soccer,X,./stimuli/A_cropped/pen_soccer_X/2/right/soccer_0170.JPG,soccer,annotator2,7,Site0,-1,0.164365003,0.181961811,0.336123756,0.398306826,0.866080156,0.640386341,0.671554252,0.844065506,-1.0,-1.0,-1.0,-1.0,
406,front,3,2,pen+soccer,X,./stimuli/A_cropped/pen_soccer_X/3/front/pen_0175.JPG,pen,annotator2,1,Site0,-1,0.453456205,0.326017144,0.570981723,0.479806941,0.866080156,0.743903893,0.11827957,0.69992677,-1.0,-1.0,-1.0,-1.0,
407,front,3,2,pen+soccer,X,./stimuli/A_cropped/pen_soccer_X/3/front/pen_0176.JPG,pen,annotator2,2,Site0,-1,0.434552134,0.314846424,0.566425383,0.483475363,0.866080156,0.758246492,0.109481916,0.707651261,-1.0,-1.0,-1.0,-1.0,
408,front,3,2,pen+soccer,X,./stimuli/A_cropped/pen_soccer_X/3/front/soccer_0177.JPG,soccer,annotator2,12,Site0,-1,0.407113394,0.358351771,0.525437926,0.523004743,0.866080156,0.794251559,0.109481916,0.732179801,-1.0,-1.0,-1.0,-1.0,
409,front,3,2,pen+soccer,X,./stimuli/A_cropped/pen_soccer_X/3/front/soccer_0178.JPG,soccer,annotator2,15,Site0,-1,0.407283731,0.325274637,0.527222623,0.482026389,0.866080156,0.754427968,0.109481916,0.693025583,-1.0,-1.0,-1.0,-1.0,
410,left,3,2,pen+soccer,X,./stimuli/A_cropped/pen_soccer_X/3/left/pen_0171.JPG,pen,annotator2,17,Site0,-1,0.591895505,0.182034596,0.751064768,0.38688036,0.373483807,0.866080156,0.155717258,0.440860215,-1.0,-1.0,-1.0,-1.0,
411,left,3,2,pen+soccer,X,./stimuli/A_cropped/pen_soccer_X/3/left/pen_0172.JPG,pen,annotator2,10,Site0,-1,0.569679194,0.171133698,0.731530093,0.38018595,0.34478971,0.890518084,0.128324321,0.440860215,-1.0,-1.0,-1.0,-1.0,
412,left,3,2,pen+soccer,X,./stimuli/A_cropped/pen_soccer_X/3/left/soccer_0173.JPG,soccer,annotator2,12,Site0,-1,0.587040901,0.161008448,0.722247911,0.359030653,0.373552865,0.890518084,0.155905183,0.440860215,-1.0,-1.0,-1.0,-1.0,
413,left,3,2,pen+soccer,X,./stimuli/A_cropped/pen_soccer_X/3/left/soccer_0174.JPG,soccer,annotator2,15,Site0,-1,0.632030361,0.179581273,0.753472465,0.377603478,0.426467294,0.913000978,0.222838262,0.442815249,-1.0,-1.0,-1.0,-1.0,
414,right,3,2,pen+soccer,X,./stimuli/A_cropped/pen_soccer_X/3/right/pen_0179.JPG,pen,annotator2,7,Site0,-1,0.28529937,0.188003821,0.408054556,0.357450725,0.858057062,0.500488759,0.500454965,0.853372434,-1.0,-1.0,-1.0,-1.0,
415,right,3,2,pen+soccer,X,./stimuli/A_cropped/pen_soccer_X/3/right/pen_0180.JPG,pen,annotator2,11,Site0,-1,0.253217975,0.203109282,0.374302081,0.365805674,0.824461445,0.515151515,0.500448771,0.866080156,-1.0,-1.0,-1.0,-1.0,
416,right,3,2,pen+soccer,X,./stimuli/A_cropped/pen_soccer_X/3/right/soccer_0181.JPG,soccer,annotator2,2,Site0,-1,0.186379341,0.173358918,0.351424483,0.395556038,0.800913571,0.523949169,0.50044187,0.866080156,-1.0,-1.0,-1.0,-1.0,
417,right,3,2,pen+soccer,X,./stimuli/A_cropped/pen_soccer_X/3/right/soccer_0182.JPG,soccer,annotator2,13,Site0,-1,0.149219301,0.164561264,0.318551244,0.386758384,0.804195881,0.500488759,0.500453347,0.866080156,-1.0,-1.0,-1.0,-1.0,
418,front,1,2,pen+yellow eraser,X,./stimuli/A_cropped/pen_yellow_X/1/front/IMG_0195.JPG,pen,annotator2,17,Site0,-1,0.393636539,0.182870618,0.584673637,0.440785296,0.627781354,0.890518084,0.395794542,0.875855327,-1.0,-1.0,-1.0,-1.0,
419,front,1,2,pen+yellow eraser,X,./stimuli/A_cropped/pen_yellow_X/1/front/IMG_0196.JPG,pen,annotator2,17,Site0,-1,0.406226801,0.209779161,0.594742399,0.460797574,0.647803026,0.921798631,0.406472183,0.900293255,-1.0,-1.0,-1.0,-1.0,
420,front,1,2,pen+yellow eraser,X,./stimuli/A_cropped/pen_yellow_X/1/front/IMG_0197.JPG,yellow eraser,annotator2,8,Site0,-1,0.39366062,0.198048955,0.576412572,0.449067369,0.630809111,0.900293255,0.393325412,0.884652981,-1.0,-1.0,-1.0,-1.0,
421,front,1,2,pen+yellow eraser,X,./stimuli/A_cropped/pen_yellow_X/1/front/IMG_0198.JPG,yellow eraser,annotator2,1,Site0,-1,0.420605125,0.182260306,0.606528501,0.447260711,0.666740506,0.921798631,0.417286206,0.890518084,-1.0,-1.0,-1.0,-1.0,
422,left,1,2,pen+yellow eraser,X,./stimuli/A_cropped/pen_yellow_X/1/left/pen_0183.JPG,pen,annotator2,19,Site0,-1,0.665,0.285302677,0.817908722,0.525701617,0.105571848,0.803653101,0.078201369,0.742334494,-1.0,-1.0,-1.0,-1.0,
423,left,1,2,pen+yellow eraser,X,./stimuli/A_cropped/pen_yellow_X/1/left/pen_0184.JPG,pen,annotator2,0,Site0,-1,0.68850709,0.258917956,0.850104836,0.498863208,0.11827957,0.778353122,0.099706745,0.713231992,-1.0,-1.0,-1.0,-1.0,
424,left,1,2,pen+yellow eraser,X,./stimuli/A_cropped/pen_yellow_X/1/left/yellow_0185.JPG,yellow eraser,annotator2,14,Site0,-1,0.658204059,0.257121086,0.819801806,0.492274701,0.109481916,0.769091409,0.099706745,0.709932382,-1.0,-1.0,-1.0,-1.0,
425,left,1,2,pen+yellow eraser,X,./stimuli/A_cropped/pen_yellow_X/1/left/yellow_0186.JPG,yellow eraser,annotator2,1,Site0,-1,0.667,0.223175553,0.819863757,0.460786258,0.109481916,0.744442406,0.078201369,0.687674152,-1.0,-1.0,-1.0,-1.0,
426,right,1,2,pen+yellow eraser,X,./stimuli/A_cropped/pen_yellow_X/1/right/IMG_0207.JPG,pen,annotator2,15,Site0,-1,0.201688487,0.268579941,0.347,0.471847385,0.88856305,0.69038059,0.942326491,0.773902397,-1.0,-1.0,-1.0,-1.0,
427,right,1,2,pen+yellow eraser,X,./stimuli/A_cropped/pen_yellow_X/1/right/IMG_0208.JPG,pen,annotator2,5,Site0,-1,0.221999811,0.19699052,0.346915145,0.482001104,0.88856305,0.703576198,0.942326491,0.790532897,-1.0,-1.0,-1.0,-1.0,
428,right,1,2,pen+yellow eraser,X,./stimuli/A_cropped/pen_yellow_X/1/right/IMG_0209.JPG,yellow eraser,annotator2,0,Site0,-1,0.209461757,0.235549451,0.365,0.480816281,0.866080156,0.693171528,0.942326491,0.769018018,-1.0,-1.0,-1.0,-1.0,
429,right,1,2,pen+yellow eraser,X,./stimuli/A_cropped/pen_yellow_X/1/right/IMG_0210.JPG,yellow eraser,annotator2,16,Site0,-1,0.236116161,0.248914481,0.375,0.490548109,0.88856305,0.697529105,0.942326491,0.779478557,-1.0,-1.0,-1.0,-1.0,
430,front,2,2,pen+yellow eraser,X,./stimuli/A_cropped/pen_yellow_X/2/front/IMG_0199.JPG,pen,annotator2,4,Site0,-1,0.422623755,0.242439428,0.59774652,0.477013163,0.90983055,0.884652981,0.112479752,0.859237537,-1.0,-1.0,-1.0,-1.0,
431,front,2,2,pen+yellow eraser,X,./stimuli/A_cropped/pen_yellow_X/2/front/IMG_0200.JPG,pen,annotator2,8,Site0,-1,0.437665451,0.208106378,0.614142956,0.445497342,0.942326491,0.854043991,0.11827957,0.836949109,-1.0,-1.0,-1.0,-1.0,
432,front,2,2,pen+yellow eraser,X,./stimuli/A_cropped/pen_yellow_X/2/front/IMG_0201.JPG,yellow eraser,annotator2,9,Site0,-1,0.414609382,0.216600189,0.586368135,0.45670456,0.929618768,0.858090756,0.124144673,0.840800478,-1.0,-1.0,-1.0,-1.0,
433,front,2,2,pen+yellow eraser,X,./stimuli/A_cropped/pen_yellow_X/2/front/IMG_0202.JPG,yellow eraser,annotator2,14,Site0,-1,0.412845858,0.195650497,0.588131659,0.434770343,0.923753666,0.830327913,0.11827957,0.818861256,-1.0,-1.0,-1.0,-1.0,
434,left,2,2,pen+yellow eraser,X,./stimuli/A_cropped/pen_yellow_X/2/left/IMG_0187.JPG,pen,annotator2,9,Site0,-1,0.657059257,0.275410877,0.811171437,0.483735191,0.1485826,0.845335864,0.133919844,0.587697686,-1.0,-1.0,-1.0,-1.0,
435,left,2,2,pen+yellow eraser,X,./stimuli/A_cropped/pen_yellow_X/2/left/IMG_0188.JPG,pen,annotator2,19,Site0,-1,0.683426587,0.244140181,0.855185339,0.461194157,0.1485826,0.849314339,0.146627566,0.584377556,-1.0,-1.0,-1.0,-1.0,
436,left,2,2,pen+yellow eraser,X,./stimuli/A_cropped/pen_yellow_X/2/left/IMG_0189.JPG,yellow eraser,annotator2,11,Site0,-1,0.666760631,0.26288747,0.82297544,0.478838115,0.1485826,0.86401394,0.154447703,0.598540238,-1.0,-1.0,-1.0,-1.0,
437,left,2,2,pen+yellow eraser,X,./stimuli/A_cropped/pen_yellow_X/2/left/IMG_0190.JPG,yellow eraser,annotator2,16,Site0,-1,0.693394675,0.241067652,0.854992422,0.456454358,0.188660802,0.839726763,0.165200391,0.581229252,-1.0,-1.0,-1.0,-1.0,
438,right,2,2,pen+yellow eraser,X,./stimuli/A_cropped/pen_yellow_X/2/right/IMG_0211.JPG,pen,annotator2,12,Site0,-1,0.195671183,0.286131497,0.349783362,0.484511581,0.890518084,0.631460675,0.900293255,0.837642158,-1.0,-1.0,-1.0,-1.0,
439,right,2,2,pen+yellow eraser,X,./stimuli/A_cropped/pen_yellow_X/2/right/IMG_0212.JPG,pen,annotator2,3,Site0,-1,0.181733316,0.280968892,0.35003599,0.484137704,0.900293255,0.629723361,0.884652981,0.840881892,-1.0,-1.0,-1.0,-1.0,
440,right,2,2,pen+yellow eraser,X,./stimuli/A_cropped/pen_yellow_X/2/right/IMG_0213.JPG,yellow eraser,annotator2,3,Site0,-1,0.156457316,0.246670624,0.344031443,0.479348033,0.900293255,0.616665646,0.884652981,0.832923917,-1.0,-1.0,-1.0,-1.0,
441,right,2,2,pen+yellow eraser,X,./stimuli/A_cropped/pen_yellow_X/2/right/IMG_0214.JPG,yellow eraser,annotator2,17,Site0,-1,0.209461757,0.281663519,0.359453199,0.499065277,0.935483871,0.629107562,0.900293255,0.846685552,-1.0,-1.0,-1.0,-1.0,
442,front,3,2,pen+yellow eraser,X,./stimuli/A_cropped/pen_yellow_X/3/front/IMG_0203.JPG,pen,annotator2,19,Site0,-1,0.489438087,0.425116357,0.6,0.575545429,0.942326491,0.799458263,0.101661779,0.821958994,-1.0,-1.0,-1.0,-1.0,
443,front,3,2,pen+yellow eraser,X,./stimuli/A_cropped/pen_yellow_X/3/front/IMG_0204.JPG,pen,annotator2,18,Site0,-1,0.483759235,0.431601633,0.601284753,0.583633697,0.959921799,0.828285087,0.059628543,0.852951811,-1.0,-1.0,-1.0,-1.0,
444,front,3,2,pen+yellow eraser,X,./stimuli/A_cropped/pen_yellow_X/3/front/IMG_0205.JPG,yellow eraser,annotator2,9,Site0,-1,0.468323851,0.433754735,0.583484556,0.58783603,0.959921799,0.815155525,0.099706745,0.838835719,-1.0,-1.0,-1.0,-1.0,
445,front,3,2,pen+yellow eraser,X,./stimuli/A_cropped/pen_yellow_X/3/front/IMG_0206.JPG,yellow eraser,annotator2,14,Site0,-1,0.457571163,0.429339116,0.572731868,0.585482641,0.959921799,0.819373575,0.099706745,0.832077939,-1.0,-1.0,-1.0,-1.0,
446,left,3,2,pen+yellow eraser,X,./stimuli/A_cropped/pen_yellow_X/3/left/IMG_0191.JPG,pen,annotator2,7,Site0,-1,0.567507381,0.172365313,0.720799295,0.373089233,0.258987727,0.900293255,0.14321103,0.382209189,-1.0,-1.0,-1.0,-1.0,
447,left,3,2,pen+yellow eraser,X,./stimuli/A_cropped/pen_yellow_X/3/left/IMG_0192.JPG,pen,annotator2,10,Site0,-1,0.481558194,0.191303733,0.625655288,0.377611223,0.18664027,0.890518084,0.075068516,0.39198436,-1.0,-1.0,-1.0,-1.0,
448,left,3,2,pen+yellow eraser,X,./stimuli/A_cropped/pen_yellow_X/3/left/IMG_0193.JPG,yellow eraser,annotator2,1,Site0,-1,0.483481233,0.181161201,0.586986508,0.350608105,0.208814335,0.890518084,0.112427425,0.382209189,-1.0,-1.0,-1.0,-1.0,
449,left,3,2,pen+yellow eraser,X,./stimuli/A_cropped/pen_yellow_X/3/left/IMG_0194.JPG,yellow eraser,annotator2,2,Site0,-1,0.491208437,0.188828563,0.621471108,0.342940743,0.216725201,0.884652981,0.122956909,0.375366569,-1.0,-1.0,-1.0,-1.0,
450,right,3,2,pen+yellow eraser,X,./stimuli/A_cropped/pen_yellow_X/3/right/IMG_0215.JPG,pen,annotator2,16,Site0,-1,0.307170477,0.207921524,0.442209935,0.394229014,0.886573457,0.523949169,0.628212724,0.959921799,-1.0,-1.0,-1.0,-1.0,
451,right,3,2,pen+yellow eraser,X,./stimuli/A_cropped/pen_yellow_X/3/right/IMG_0216.JPG,pen,annotator2,16,Site0,-1,0.298415813,0.212974864,0.448407256,0.39775286,0.884652981,0.514824866,0.629521017,0.943311303,-1.0,-1.0,-1.0,-1.0,
452,right,3,2,pen+yellow eraser,X,./stimuli/A_cropped/pen_yellow_X/3/right/IMG_0217.JPG,yellow eraser,annotator2,16,Site0,-1,0.259184162,0.184051582,0.430942915,0.418430083,0.884652981,0.515138905,0.640273705,0.952702084,-1.0,-1.0,-1.0,-1.0,
453,right,3,2,pen+yellow eraser,X,./stimuli/A_cropped/pen_yellow_X/3/right/IMG_0218.JPG,yellow eraser,annotator2,19,Site0,-1,0.260263292,0.194541089,0.432172277,0.429114825,0.889930758,0.515151515,0.636642402,0.953079179,-1.0,-1.0,-1.0,-1.0,
454,front,1,2,remote+water,Y,./stimuli/A_cropped/remote_bottle_Y/1/front/IMG_0551.jpeg,remote,annotator1,2,Site0,-1,0.4212636,0.22113528,0.579613507,0.425981045,0.618848065,0.866080156,0.275899035,0.500488759,-1.0,-1.0,-1.0,-1.0,
455,front,1,2,remote+water,Y,./stimuli/A_cropped/remote_bottle_Y/1/front/IMG_0552.jpeg,remote,annotator1,8,Site0,-1,0.440007085,0.155440405,0.624362825,0.39001414,0.668610734,0.900293255,0.254529671,0.500488759,-1.0,-1.0,-1.0,-1.0,
456,front,1,2,remote+water,Y,./stimuli/A_cropped/remote_bottle_Y/1/front/IMG_0553.jpeg,remote,annotator1,1,Site0,-1,0.444624463,0.184111606,0.616045902,0.406308726,0.658920137,0.890518084,0.268637636,0.500488759,-1.0,-1.0,-1.0,-1.0,
457,front,1,2,remote+water,Y,./stimuli/A_cropped/remote_bottle_Y/1/front/IMG_0554.jpeg,water,annotator1,0,Site0,-1,0.450331452,0.18606664,0.620557129,0.40826376,0.653591926,0.890518084,0.276394661,0.500488759,-1.0,-1.0,-1.0,-1.0,
458,front,1,2,remote+water,Y,./stimuli/A_cropped/remote_bottle_Y/1/front/IMG_0555.jpeg,water,annotator1,3,Site0,-1,0.44551594,0.154515908,0.608418263,0.363568159,0.655171354,0.832844575,0.274095265,0.500488759,-1.0,-1.0,-1.0,-1.0,
459,front,1,2,remote+water,Y,./stimuli/A_cropped/remote_bottle_Y/1/front/IMG_0556.jpeg,water,annotator1,14,Site0,-1,0.397556907,0.14892099,0.603360844,0.37111811,0.661065297,0.866080156,0.265514624,0.500488759,-1.0,-1.0,-1.0,-1.0,
460,left,1,2,remote+water,Y,./stimuli/A_cropped/remote_bottle_Y/1/left/bottle_0548.jpeg,water,annotator1,3,Site0,-1,0.772872569,0.320946147,0.904847383,0.490393051,0.112252163,0.671554252,0.131423873,0.500488759,-1.0,-1.0,-1.0,-1.0,
461,left,1,2,remote+water,Y,./stimuli/A_cropped/remote_bottle_Y/1/left/bottle_0549.jpeg,water,annotator1,9,Site0,-1,0.77,0.31622141,0.897475678,0.483387583,0.112014563,0.654936461,0.141748923,0.500488759,-1.0,-1.0,-1.0,-1.0,
462,left,1,2,remote+water,Y,./stimuli/A_cropped/remote_bottle_Y/1/left/bottle_0550.jpeg,water,annotator1,9,Site0,-1,0.779615672,0.310728258,0.911488922,0.477975062,0.11827957,0.647135816,0.165200391,0.500482413,-1.0,-1.0,-1.0,-1.0,
463,left,1,2,remote+water,Y,./stimuli/A_cropped/remote_bottle_Y/1/left/remote_0545.jpeg,remote,annotator1,2,Site0,-1,0.749504601,0.320411335,0.881939651,0.483107726,0.126873851,0.644183773,0.135985601,0.500488759,-1.0,-1.0,-1.0,-1.0,
464,left,1,2,remote+water,Y,./stimuli/A_cropped/remote_bottle_Y/1/left/remote_0546.jpeg,remote,annotator1,17,Site0,-1,0.786831811,0.318456301,0.918427952,0.481152692,0.149321044,0.644183773,0.165903916,0.500488759,-1.0,-1.0,-1.0,-1.0,
465,left,1,2,remote+water,Y,./stimuli/A_cropped/remote_bottle_Y/1/left/remote_0547.jpeg,remote,annotator1,19,Site0,-1,0.764949351,0.313568716,0.900151119,0.476265107,0.123729874,0.640273705,0.13675282,0.500488759,-1.0,-1.0,-1.0,-1.0,
466,right,1,2,remote+water,Y,./stimuli/A_cropped/remote_bottle_Y/1/right/IMG_0557.jpeg,remote,annotator1,3,Site0,-1,0.138900586,0.331536678,0.254061291,0.485046477,0.866080156,0.639976013,0.921798631,0.627274015,-1.0,-1.0,-1.0,-1.0,
467,right,1,2,remote+water,Y,./stimuli/A_cropped/remote_bottle_Y/1/right/IMG_0558.jpeg,remote,annotator1,18,Site0,-1,0.126203135,0.320203777,0.251118468,0.478318108,0.88856305,0.631091604,0.942326491,0.631091604,-1.0,-1.0,-1.0,-1.0,
468,right,1,2,remote+water,Y,./stimuli/A_cropped/remote_bottle_Y/1/right/IMG_0559.jpeg,remote,annotator1,6,Site0,-1,0.122293066,0.306188949,0.2472084,0.464317728,0.884652981,0.618129856,0.935483871,0.641248348,-1.0,-1.0,-1.0,-1.0,
469,right,1,2,remote+water,Y,./stimuli/A_cropped/remote_bottle_Y/1/right/IMG_0560.jpeg,water,annotator1,19,Site0,-1,0.153563343,0.317319211,0.268724047,0.471124779,0.88172043,0.612218821,0.935483871,0.624109556,-1.0,-1.0,-1.0,-1.0,
470,right,1,2,remote+water,Y,./stimuli/A_cropped/remote_bottle_Y/1/right/IMG_0561.jpeg,water,annotator1,5,Site0,-1,0.152777745,0.315198532,0.279,0.470789576,0.884652981,0.61352153,0.942326491,0.625550302,-1.0,-1.0,-1.0,-1.0,
471,right,1,2,remote+water,Y,./stimuli/A_cropped/remote_bottle_Y/1/right/IMG_0562.jpeg,water,annotator1,15,Site0,-1,0.186798924,0.324033519,0.301959629,0.472474922,0.890518084,0.614109823,0.942326491,0.62904971,-1.0,-1.0,-1.0,-1.0,
472,front,2,2,remote+water,Y,./stimuli/A_cropped/remote_bottle_Y/2/front/bottle_0575.jpeg,water,annotator1,10,Site0,-1,0.410114206,0.258874,0.541987456,0.436164446,0.788856305,0.785321172,0.078201369,0.625341341,-1.0,-1.0,-1.0,-1.0,
473,front,2,2,remote+water,Y,./stimuli/A_cropped/remote_bottle_Y/2/front/bottle_0576.jpeg,water,annotator1,16,Site0,-1,0.415979309,0.25268154,0.547852558,0.424376762,0.788856305,0.788507956,0.109481916,0.61734217,-1.0,-1.0,-1.0,-1.0,
474,front,2,2,remote+water,Y,./stimuli/A_cropped/remote_bottle_Y/2/front/bottle_0577.jpeg,water,annotator1,1,Site0,-1,0.405887091,0.228476191,0.542304503,0.405929681,0.788856305,0.765072331,0.064516129,0.616446043,-1.0,-1.0,-1.0,-1.0,
475,front,2,2,remote+water,Y,./stimuli/A_cropped/remote_bottle_Y/2/front/remote_0571.jpeg,remote,annotator1,14,Site0,-1,0.4083965,0.248994434,0.54761523,0.43072536,0.788856305,0.775165467,0.078201369,0.620879949,-1.0,-1.0,-1.0,-1.0,
476,front,2,2,remote+water,Y,./stimuli/A_cropped/remote_bottle_Y/2/front/remote_0572.jpeg,remote,annotator1,2,Site0,-1,0.423482398,0.280821258,0.559899811,0.453944213,0.788856305,0.800173355,0.10459433,0.631865892,-1.0,-1.0,-1.0,-1.0,
477,front,2,2,remote+water,Y,./stimuli/A_cropped/remote_bottle_Y/2/front/remote_0573.jpeg,remote,annotator1,11,Site0,-1,0.415979309,0.260200326,0.547852558,0.439705658,0.788856305,0.788885685,0.078201369,0.626907228,-1.0,-1.0,-1.0,-1.0,
478,front,2,2,remote+water,Y,./stimuli/A_cropped/remote_bottle_Y/2/front/remote_0574.jpeg,remote,annotator1,8,Site0,-1,0.408159172,0.272003551,0.540032422,0.449048644,0.788856305,0.798765813,0.078201369,0.63124756,-1.0,-1.0,-1.0,-1.0,
479,left,2,2,remote+water,Y,./stimuli/A_cropped/remote_bottle_Y/2/left/bottle_0567.jpeg,water,annotator1,2,Site0,-1,0.645217456,0.37248068,0.756542075,0.518510288,0.064516129,0.718500406,0.129032258,0.500482341,-1.0,-1.0,-1.0,-1.0,
480,left,2,2,remote+water,Y,./stimuli/A_cropped/remote_bottle_Y/2/left/bottle_0568.jpeg,water,annotator1,9,Site0,-1,0.663436132,0.327824195,0.769603946,0.463672852,0.109481916,0.650767883,0.165200391,0.500273626,-1.0,-1.0,-1.0,-1.0,
481,left,2,2,remote+water,Y,./stimuli/A_cropped/remote_bottle_Y/2/left/bottle_0570.jpeg,water,annotator1,9,Site0,-1,0.647795858,0.357469486,0.753963673,0.494009133,0.099706745,0.687074841,0.1485826,0.500258748,-1.0,-1.0,-1.0,-1.0,
482,left,2,2,remote+water,Y,./stimuli/A_cropped/remote_bottle_Y/2/left/remote_0563.jpeg,remote,annotator1,11,Site0,-1,0.66050358,0.356667081,0.766671395,0.49939199,0.109481916,0.700521484,0.165200391,0.500452644,-1.0,-1.0,-1.0,-1.0,
483,left,2,2,remote+water,Y,./stimuli/A_cropped/remote_bottle_Y/2/left/remote_0564.jpeg,remote,annotator1,13,Site0,-1,0.643299413,0.363074037,0.758460118,0.505835844,0.064516129,0.713610878,0.134897361,0.500471547,-1.0,-1.0,-1.0,-1.0,
484,left,2,2,remote+water,Y,./stimuli/A_cropped/remote_bottle_Y/2/left/remote_0565.jpeg,remote,annotator1,14,Site0,-1,0.642908273,0.368152503,0.749076087,0.508519788,0.078201369,0.698900703,0.140762463,0.500463638,-1.0,-1.0,-1.0,-1.0,
485,left,2,2,remote+water,Y,./stimuli/A_cropped/remote_bottle_Y/2/left/remote_0566.jpeg,remote,annotator1,11,Site0,-1,0.649750892,0.378073231,0.755918707,0.515617451,0.10459433,0.705803936,0.165200391,0.500454313,-1.0,-1.0,-1.0,-1.0,
486,right,2,2,remote+water,Y,./stimuli/A_cropped/remote_bottle_Y/2/right/IMG_0578.jpeg,remote,annotator1,9,Site0,-1,0.124682728,0.269027389,0.25,0.432829894,0.819973433,0.542521994,0.918643655,0.632453568,-1.0,-1.0,-1.0,-1.0,
487,right,2,2,remote+water,Y,./stimuli/A_cropped/remote_bottle_Y/2/right/IMG_0579.jpeg,remote,annotator1,2,Site0,-1,0.116058729,0.2783781,0.242644546,0.441074491,0.827904903,0.542521994,0.893213763,0.632453568,-1.0,-1.0,-1.0,-1.0,
488,right,2,2,remote+water,Y,./stimuli/A_cropped/remote_bottle_Y/2/right/IMG_0580.jpeg,remote,annotator1,7,Site0,-1,0.122823575,0.304771062,0.250559669,0.467467453,0.829127595,0.548387097,0.891525617,0.671554252,-1.0,-1.0,-1.0,-1.0,
489,right,2,2,remote+water,Y,./stimuli/A_cropped/remote_bottle_Y/2/right/IMG_0581.jpeg,water,annotator1,2,Site0,-1,0.108869288,0.293575668,0.246450092,0.463022572,0.835789836,0.542521994,0.899450927,0.632453568,-1.0,-1.0,-1.0,-1.0,
490,right,2,2,remote+water,Y,./stimuli/A_cropped/remote_bottle_Y/2/right/IMG_0582.jpeg,water,annotator1,19,Site0,-1,0.116021231,0.305055619,0.245158341,0.471092963,0.832737483,0.548387097,0.895819889,0.671554252,-1.0,-1.0,-1.0,-1.0,
491,right,2,2,remote+water,Y,./stimuli/A_cropped/remote_bottle_Y/2/right/IMG_0583.jpeg,water,annotator1,10,Site0,-1,0.104267668,0.307010653,0.240960246,0.473047998,0.833621968,0.548387097,0.89687206,0.671554252,-1.0,-1.0,-1.0,-1.0,
492,front,3,2,remote+water,Y,./stimuli/A_cropped/remote_bottle_Y/3/front/IMG_0590.jpeg,remote,annotator1,3,Site0,-1,0.43915227,0.321048775,0.538364836,0.44392329,0.853372434,0.674350788,0.10459433,0.569381885,-1.0,-1.0,-1.0,-1.0,
493,front,3,2,remote+water,Y,./stimuli/A_cropped/remote_bottle_Y/3/front/IMG_0591.jpeg,remote,annotator1,5,Site0,-1,0.418870084,0.338493907,0.521501372,0.466430775,0.853372434,0.710672032,0.064516129,0.616626175,-1.0,-1.0,-1.0,-1.0,
494,front,3,2,remote+water,Y,./stimuli/A_cropped/remote_bottle_Y/3/front/IMG_0592.jpeg,remote,annotator1,10,Site0,-1,0.435242202,0.33217858,0.534454768,0.453609029,0.853372434,0.688913576,0.099706745,0.582989569,-1.0,-1.0,-1.0,-1.0,
495,front,3,2,remote+water,Y,./stimuli/A_cropped/remote_bottle_Y/3/front/IMG_0593.jpeg,water,annotator1,5,Site0,-1,0.427442711,0.332000222,0.524658951,0.454687554,0.853372434,0.69886204,0.078201369,0.580508162,-1.0,-1.0,-1.0,-1.0,
496,front,3,2,remote+water,Y,./stimuli/A_cropped/remote_bottle_Y/3/front/IMG_0594.jpeg,water,annotator1,4,Site0,-1,0.43915227,0.33463445,0.538364836,0.454287907,0.866080156,0.70105961,0.109481916,0.563136911,-1.0,-1.0,-1.0,-1.0,
497,front,3,2,remote+water,Y,./stimuli/A_cropped/remote_bottle_Y/3/front/IMG_0595.jpeg,water,annotator1,10,Site0,-1,0.442715102,0.328872835,0.534802004,0.445415474,0.853372434,0.676461489,0.11827957,0.559851143,-1.0,-1.0,-1.0,-1.0,
498,left,3,2,remote+water,Y,./stimuli/A_cropped/remote_bottle_Y/3/left/IMG_0584.jpeg,remote,annotator1,9,Site0,-1,0.706446884,0.278398736,0.812614699,0.42710615,0.230694037,0.709694714,0.302052786,0.432940269,-1.0,-1.0,-1.0,-1.0,
499,left,3,2,remote+water,Y,./stimuli/A_cropped/remote_bottle_Y/3/left/IMG_0585.jpeg,remote,annotator1,-1,Site0,-1,0.683818996,0.22335327,0.815692246,0.403343808,0.11827957,0.758879114,0.203323558,0.39089823,-1.0,-1.0,-1.0,-1.0,
500,left,3,2,remote+water,Y,./stimuli/A_cropped/remote_bottle_Y/3/left/IMG_0586.jpeg,remote,annotator1,12,Site0,-1,0.668178722,0.226209217,0.800051972,0.397975543,0.1485826,0.717325643,0.211143695,0.394462844,-1.0,-1.0,-1.0,-1.0,
501,left,3,2,remote+water,Y,./stimuli/A_cropped/remote_bottle_Y/3/left/IMG_0587.jpeg,water,annotator1,6,Site0,-1,0.623759342,0.258730731,0.748674675,0.416101048,0.109481916,0.755703878,0.172043011,0.429033725,-1.0,-1.0,-1.0,-1.0,
502,left,3,2,remote+water,Y,./stimuli/A_cropped/remote_bottle_Y/3/left/IMG_0588.jpeg,water,annotator1,4,Site0,-1,0.6417175,0.263225454,0.760042031,0.421423052,0.11827957,0.758502415,0.188660802,0.43242468,-1.0,-1.0,-1.0,-1.0,
503,left,3,2,remote+water,Y,./stimuli/A_cropped/remote_bottle_Y/3/left/IMG_0589.jpeg,water,annotator1,16,Site0,-1,0.656007135,0.234382836,0.77116784,0.389531803,0.1485826,0.701693692,0.211143695,0.402053994,-1.0,-1.0,-1.0,-1.0,
504,right,3,2,remote+water,Y,./stimuli/A_cropped/remote_bottle_Y/3/right/bottle_0599.jpeg,water,annotator1,17,Site0,-1,0.227466947,0.195573703,0.359709464,0.361611048,0.889984706,0.458455523,0.67969461,0.632453568,-1.0,-1.0,-1.0,-1.0,
505,right,3,2,remote+water,Y,./stimuli/A_cropped/remote_bottle_Y/3/right/bottle_0600.jpeg,water,annotator1,1,Site0,-1,0.232373607,0.24063697,0.356978532,0.394749149,0.85363725,0.484848485,0.650456575,0.671554252,-1.0,-1.0,-1.0,-1.0,
506,right,3,2,remote+water,Y,./stimuli/A_cropped/remote_bottle_Y/3/right/bottle_0601.jpeg,water,annotator1,15,Site0,-1,0.224572038,0.232816833,0.347651367,0.386929012,0.853887911,0.481915934,0.647345272,0.671554252,-1.0,-1.0,-1.0,-1.0,
507,right,3,2,remote+water,Y,./stimuli/A_cropped/remote_bottle_Y/3/right/bottle_0602.jpeg,water,annotator1,12,Site0,-1,0.232680002,0.24063697,0.351762429,0.394749149,0.851986648,0.488758553,0.649754319,0.671554252,-1.0,-1.0,-1.0,-1.0,
508,right,3,2,remote+water,Y,./stimuli/A_cropped/remote_bottle_Y/3/right/remote_0596.jpeg,remote,annotator1,14,Site0,-1,0.208314647,0.22070459,0.333605745,0.383400981,0.852337524,0.481915934,0.643302979,0.671554252,-1.0,-1.0,-1.0,-1.0,
509,right,3,2,remote+water,Y,./stimuli/A_cropped/remote_bottle_Y/3/right/remote_0597.jpeg,remote,annotator1,10,Site0,-1,0.228272386,0.232654894,0.353773998,0.39100102,0.864380306,0.481915934,0.643543757,0.671554252,-1.0,-1.0,-1.0,-1.0,
510,right,3,2,remote+water,Y,./stimuli/A_cropped/remote_bottle_Y/3/right/remote_0598.jpeg,remote,annotator1,10,Site0,-1,0.217017786,0.232816833,0.339366071,0.386929012,0.847232749,0.481915934,0.64352287,0.671554252,-1.0,-1.0,-1.0,-1.0,
511,front,1,3,remote+coffee+water,Y,./stimuli/A_cropped/remote_coffee_bottle_Y/1/front/IMG_0612.jpeg,remote,annotator2,13,Site0,-1,0.444030322,0.249197393,0.603126556,0.45265989,0.827692182,0.811339198,0.541863759,0.890518084,0.254110565,0.632453568,-1.0,-1.0,
512,front,1,3,remote+coffee+water,Y,./stimuli/A_cropped/remote_coffee_bottle_Y/1/front/IMG_0613.jpeg,remote,annotator2,8,Site0,-1,0.419689885,0.236704632,0.581287632,0.432231711,0.788856305,0.785216649,0.542521994,0.861467463,0.250244379,0.630784623,-1.0,-1.0,
513,front,1,3,remote+coffee+water,Y,./stimuli/A_cropped/remote_coffee_bottle_Y/1/front/IMG_0614.jpeg,remote,annotator2,10,Site0,-1,0.417470086,0.199080866,0.583507431,0.411016929,0.810361681,0.783086244,0.542521994,0.882717274,0.230694037,0.629807736,-1.0,-1.0,
514,front,1,3,remote+coffee+water,Y,./stimuli/A_cropped/remote_coffee_bottle_Y/1/front/IMG_0615.jpeg,coffee,annotator2,17,Site0,-1,0.394081523,0.174329826,0.565840276,0.395866487,0.810361681,0.787997709,0.500488759,0.889357308,0.188660802,0.542395602,-1.0,-1.0,
515,front,1,3,remote+coffee+water,Y,./stimuli/A_cropped/remote_coffee_bottle_Y/1/front/IMG_0616.jpeg,coffee,annotator2,6,Site0,-1,0.445043379,0.250122231,0.595034822,0.437748629,0.810361681,0.794994454,0.548387097,0.846861611,0.284457478,0.625499995,-1.0,-1.0,
516,front,1,3,remote+coffee+water,Y,./stimuli/A_cropped/remote_coffee_bottle_Y/1/front/IMG_0617.jpeg,coffee,annotator2,12,Site0,-1,0.437571549,0.239359806,0.592731481,0.4316399,0.832844575,0.790267572,0.579667644,0.864087583,0.272727273,0.62348903,-1.0,-1.0,
517,front,1,3,remote+coffee+water,Y,./stimuli/A_cropped/remote_coffee_bottle_Y/1/front/IMG_0618.jpeg,water,annotator2,18,Site0,-1,0.419689885,0.226915703,0.581287632,0.432829369,0.832844575,0.808749843,0.579667644,0.887270211,0.250244379,0.631351974,-1.0,-1.0,
518,front,1,3,remote+coffee+water,Y,./stimuli/A_cropped/remote_coffee_bottle_Y/1/front/IMG_0619.jpeg,water,annotator2,17,Site0,-1,0.400519801,0.171163377,0.576997306,0.392895608,0.853372434,0.80650599,0.542521994,0.884455708,0.230694037,0.547635939,-1.0,-1.0,
519,front,1,3,remote+coffee+water,Y,./stimuli/A_cropped/remote_coffee_bottle_Y/1/front/IMG_0620.jpeg,water,annotator2,12,Site0,-1,0.459706136,0.296284948,0.609697579,0.484505757,0.832844575,0.848299214,0.579667644,0.920394716,0.302052786,0.632012709,-1.0,-1.0,
520,left,1,3,remote+coffee+water,Y,./stimuli/A_cropped/remote_coffee_bottle_Y/1/left/bottle_0609.jpeg,water,annotator2,4,Site0,-1,0.715,0.232496547,0.859895091,0.417366827,0.250244379,0.659190996,0.053763441,0.568105334,0.188660802,0.500417824,-1.0,-1.0,
521,left,1,3,remote+coffee+water,Y,./stimuli/A_cropped/remote_coffee_bottle_Y/1/left/bottle_0610.jpeg,water,annotator2,14,Site0,-1,0.717817519,0.280583333,0.859895091,0.45932683,0.250244379,0.707139952,0.078201369,0.614795352,0.203323558,0.500423599,-1.0,-1.0,
522,left,1,3,remote+coffee+water,Y,./stimuli/A_cropped/remote_coffee_bottle_Y/1/left/bottle_0611.jpeg,water,annotator2,19,Site0,-1,0.717817519,0.253257562,0.859895091,0.434324743,0.250244379,0.687535283,0.064516129,0.588476014,0.203323558,0.50042333,-1.0,-1.0,
523,left,1,3,remote+coffee+water,Y,./stimuli/A_cropped/remote_coffee_bottle_Y/1/left/coffee_0606.jpeg,coffee,annotator2,4,Site0,-1,0.726568306,0.22701388,0.876559749,0.409436742,0.250244379,0.652883348,0.078201369,0.565406787,0.211143695,0.500401269,-1.0,-1.0,
524,left,1,3,remote+coffee+water,Y,./stimuli/A_cropped/remote_coffee_bottle_Y/1/left/coffee_0607.jpeg,coffee,annotator2,14,Site0,-1,0.717817519,0.249779973,0.859895091,0.435558893,0.250244379,0.681032315,0.064516129,0.585408022,0.203323558,0.500408651,-1.0,-1.0,
525,left,1,3,remote+coffee+water,Y,./stimuli/A_cropped/remote_coffee_bottle_Y/1/left/coffee_0608.jpeg,coffee,annotator2,11,Site0,-1,0.720703203,0.239239964,0.870694646,0.423801838,0.250244379,0.662795467,0.064516129,0.566173718,0.203323558,0.500405974,-1.0,-1.0,
526,left,1,3,remote+coffee+water,Y,./stimuli/A_cropped/remote_coffee_bottle_Y/1/left/remote_0603.jpeg,remote,annotator2,6,Site0,-1,0.752045702,0.200982866,0.913643448,0.404551616,0.250244379,0.648878921,0.053763441,0.569137505,0.188660802,0.500424156,-1.0,-1.0,
527,left,1,3,remote+coffee+water,Y,./stimuli/A_cropped/remote_coffee_bottle_Y/1/left/remote_0604.jpeg,remote,annotator2,10,Site0,-1,0.739624335,0.251450151,0.894784267,0.437411873,0.250244379,0.676722845,0.064516129,0.585056132,0.203323558,0.500440705,-1.0,-1.0,
528,left,1,3,remote+coffee+water,Y,./stimuli/A_cropped/remote_coffee_bottle_Y/1/left/remote_0605.jpeg,remote,annotator2,16,Site0,-1,0.736343477,0.225759387,0.88633492,0.412311164,0.250244379,0.646495253,0.064516129,0.566887188,0.203323558,0.500410351,-1.0,-1.0,
529,right,1,3,remote+coffee+water,Y,./stimuli/A_cropped/remote_coffee_bottle_Y/1/right/bottle_0627.jpeg,water,annotator2,0,Site0,-1,0.19148162,0.332971039,0.31,0.495116419,0.832844575,0.635889374,0.921798631,0.692955778,0.769305963,0.677262517,-1.0,-1.0,
530,right,1,3,remote+coffee+water,Y,./stimuli/A_cropped/remote_coffee_bottle_Y/1/right/bottle_0628.jpeg,water,annotator2,9,Site0,-1,0.187786713,0.296099543,0.312702046,0.462807923,0.845552297,0.606443361,0.93255132,0.664198119,0.769305963,0.66822752,-1.0,-1.0,
531,right,1,3,remote+coffee+water,Y,./stimuli/A_cropped/remote_coffee_bottle_Y/1/right/bottle_0629.jpeg,water,annotator2,18,Site0,-1,0.192674298,0.336166393,0.317589631,0.502305126,0.832844575,0.646545069,0.921798631,0.701362427,0.769305963,0.681628178,-1.0,-1.0,
532,right,1,3,remote+coffee+water,Y,./stimuli/A_cropped/remote_coffee_bottle_Y/1/right/coffee_0623.jpeg,coffee,annotator2,1,Site0,-1,0.168236371,0.303526407,0.298,0.475595635,0.832844575,0.622064134,0.921798631,0.684976741,0.769305963,0.654888103,-1.0,-1.0,
533,right,1,3,remote+coffee+water,Y,./stimuli/A_cropped/remote_coffee_bottle_Y/1/right/coffee_0624.jpeg,coffee,annotator2,19,Site0,-1,0.154004724,0.301389175,0.285877974,0.472531315,0.832844575,0.625163893,0.913000978,0.678652736,0.769305963,0.625163893,-1.0,-1.0,
534,right,1,3,remote+coffee+water,Y,./stimuli/A_cropped/remote_coffee_bottle_Y/1/right/coffee_0625.jpeg,coffee,annotator2,15,Site0,-1,0.172146439,0.295305494,0.297061772,0.458891573,0.826979472,0.601154826,0.900293255,0.661122834,0.749755621,0.694731278,-1.0,-1.0,
535,right,1,3,remote+coffee+water,Y,./stimuli/A_cropped/remote_coffee_bottle_Y/1/right/coffee_0626.jpeg,coffee,annotator2,10,Site0,-1,0.192664027,0.323830702,0.318,0.488363513,0.853372434,0.627465143,0.93255132,0.678879655,0.769305963,0.677451474,-1.0,-1.0,
536,right,1,3,remote+coffee+water,Y,./stimuli/A_cropped/remote_coffee_bottle_Y/1/right/remote_0621.jpeg,remote,annotator2,11,Site0,-1,0.177023753,0.295655981,0.298,0.459391405,0.811339198,0.604053687,0.890518084,0.654545312,0.744868035,0.61974703,-1.0,-1.0,
537,right,1,3,remote+coffee+water,Y,./stimuli/A_cropped/remote_coffee_bottle_Y/1/right/remote_0622.jpeg,remote,annotator2,19,Site0,-1,0.194845867,0.310479251,0.32,0.480113527,0.849462366,0.628484873,0.923753666,0.681992712,0.769305963,0.665477947,-1.0,-1.0,
538,front,2,3,remote+coffee+water,Y,./stimuli/A_cropped/remote_coffee_bottle_Y/2/front/IMG_0638.jpeg,remote,annotator2,17,Site0,-1,0.474313288,0.278506397,0.6107307,0.455972308,0.890518084,0.737043935,0.548387097,0.789987758,0.1485826,0.608695273,-1.0,-1.0,
539,front,2,3,remote+coffee+water,Y,./stimuli/A_cropped/remote_coffee_bottle_Y/2/front/IMG_0639.jpeg,remote,annotator2,8,Site0,-1,0.485065976,0.280254691,0.621483388,0.452756957,0.900293255,0.73835365,0.569892473,0.791589999,0.1485826,0.609295836,-1.0,-1.0,
540,front,2,3,remote+coffee+water,Y,./stimuli/A_cropped/remote_coffee_bottle_Y/2/front/IMG_0640.jpeg,remote,annotator2,5,Site0,-1,0.485620352,0.287470934,0.624839081,0.46266857,0.921798631,0.778942619,0.579667644,0.806795921,0.1485826,0.611003597,-1.0,-1.0,
541,front,2,3,remote+coffee+water,Y,./stimuli/A_cropped/remote_coffee_bottle_Y/2/front/IMG_0641.jpeg,coffee,annotator2,11,Site0,-1,0.477348311,0.295470272,0.619425883,0.470132975,0.900293255,0.778090922,0.548387097,0.821376733,0.11827957,0.610664669,-1.0,-1.0,
542,front,2,3,remote+coffee+water,Y,./stimuli/A_cropped/remote_coffee_bottle_Y/2/front/IMG_0642.jpeg,coffee,annotator2,7,Site0,-1,0.477348311,0.251066943,0.619425883,0.432920368,0.921798631,0.754810231,0.548387097,0.789211612,0.109481916,0.574002971,-1.0,-1.0,
543,front,2,3,remote+coffee+water,Y,./stimuli/A_cropped/remote_coffee_bottle_Y/2/front/IMG_0643.jpeg,coffee,annotator2,11,Site0,-1,0.491908596,0.274584592,0.628326008,0.448161763,0.921798631,0.762033489,0.569892473,0.797410066,0.1485826,0.611477355,-1.0,-1.0,
544,front,2,3,remote+coffee+water,Y,./stimuli/A_cropped/remote_coffee_bottle_Y/2/front/IMG_0644.jpeg,water,annotator2,15,Site0,-1,0.464593721,0.266579366,0.614585164,0.456703911,0.935483871,0.78896484,0.542521994,0.827977362,0.10459433,0.622934806,-1.0,-1.0,
545,front,2,3,remote+coffee+water,Y,./stimuli/A_cropped/remote_coffee_bottle_Y/2/front/IMG_0645.jpeg,water,annotator2,11,Site0,-1,0.490270609,0.301201216,0.622143859,0.469579614,0.900293255,0.757544733,0.579667644,0.815067414,0.1485826,0.618095808,-1.0,-1.0,
546,front,2,3,remote+coffee+water,Y,./stimuli/A_cropped/remote_coffee_bottle_Y/2/front/IMG_0646.jpeg,water,annotator2,8,Site0,-1,0.468550657,0.306921127,0.610628229,0.485314727,0.900293255,0.79410169,0.548387097,0.833807726,0.109481916,0.625120185,-1.0,-1.0,
547,left,2,3,remote+coffee+water,Y,./stimuli/A_cropped/remote_coffee_bottle_Y/2/left/bottle_0635.jpeg,water,annotator2,17,Site0,-1,0.726398638,0.26708774,0.851313972,0.434558014,0.301075269,0.696162043,0.134897361,0.591229054,0.250244379,0.500391541,-1.0,-1.0,
548,left,2,3,remote+coffee+water,Y,./stimuli/A_cropped/remote_coffee_bottle_Y/2/left/bottle_0636.jpeg,water,annotator2,6,Site0,-1,0.72291968,0.279115139,0.85479293,0.454191104,0.284457478,0.718024125,0.109481916,0.607231466,0.234604106,0.500395688,-1.0,-1.0,
549,left,2,3,remote+coffee+water,Y,./stimuli/A_cropped/remote_coffee_bottle_Y/2/left/bottle_0637.jpeg,water,annotator2,14,Site0,-1,0.748,0.300477382,0.873796865,0.464497829,0.335288368,0.719084622,0.165200391,0.606391348,0.284457478,0.500370702,-1.0,-1.0,
550,left,2,3,remote+coffee+water,Y,./stimuli/A_cropped/remote_coffee_bottle_Y/2/left/coffee_0633.jpeg,coffee,annotator2,1,Site0,-1,0.739537471,0.284974635,0.871410721,0.464024018,0.261974585,0.739733485,0.105571848,0.627831955,0.234604106,0.500388547,-1.0,-1.0,
551,left,2,3,remote+coffee+water,Y,./stimuli/A_cropped/remote_coffee_bottle_Y/2/left/coffee_0634.jpeg,coffee,annotator2,7,Site0,-1,0.720647599,0.277037098,0.857065011,0.454769849,0.284457478,0.725579288,0.105571848,0.612203216,0.230694037,0.500390952,-1.0,-1.0,
552,left,2,3,remote+coffee+water,Y,./stimuli/A_cropped/remote_coffee_bottle_Y/2/left/remote_0630.jpeg,remote,annotator2,16,Site0,-1,0.705984842,0.283351278,0.842402255,0.463565357,0.250244379,0.731680172,0.078201369,0.628043661,0.211143695,0.500375495,-1.0,-1.0,
553,left,2,3,remote+coffee+water,Y,./stimuli/A_cropped/remote_coffee_bottle_Y/2/left/remote_0631.jpeg,remote,annotator2,13,Site0,-1,0.720647599,0.304234191,0.857065011,0.482528239,0.284457478,0.749272491,0.105571848,0.632623367,0.230694037,0.500371494,-1.0,-1.0,
554,left,2,3,remote+coffee+water,Y,./stimuli/A_cropped/remote_coffee_bottle_Y/2/left/remote_0632.jpeg,remote,annotator2,5,Site0,-1,0.752030618,0.303656697,0.894108189,0.492511311,0.31769306,0.767972174,0.109481916,0.649922758,0.250244379,0.500393498,-1.0,-1.0,
555,right,2,3,remote+coffee+water,Y,./stimuli/A_cropped/remote_coffee_bottle_Y/2/right/IMG_0647.jpeg,remote,annotator2,15,Site0,-1,0.101004225,0.264794063,0.249,0.448071291,0.827956989,0.542145061,0.921798631,0.620267615,0.744868035,0.68879617,-1.0,-1.0,
556,right,2,3,remote+coffee+water,Y,./stimuli/A_cropped/remote_coffee_bottle_Y/2/right/IMG_0648.jpeg,remote,annotator2,11,Site0,-1,0.117622016,0.270892079,0.259699587,0.454623859,0.832844575,0.551169251,0.921798631,0.620976309,0.749755621,0.686716936,-1.0,-1.0,
557,right,2,3,remote+coffee+water,Y,./stimuli/A_cropped/remote_coffee_bottle_Y/2/right/IMG_0649.jpeg,remote,annotator2,12,Site0,-1,0.09020467,0.2635953,0.245,0.452619525,0.827956989,0.542881544,0.921798631,0.622369283,0.744868035,0.69209537,-1.0,-1.0,
558,right,2,3,remote+coffee+water,Y,./stimuli/A_cropped/remote_coffee_bottle_Y/2/right/IMG_0650.jpeg,coffee,annotator2,14,Site0,-1,0.11366508,0.263906644,0.263656523,0.447126935,0.832844575,0.558150033,0.93255132,0.635921242,0.749755621,0.696568516,-1.0,-1.0,
559,right,2,3,remote+coffee+water,Y,./stimuli/A_cropped/remote_coffee_bottle_Y/2/right/IMG_0651.jpeg,coffee,annotator2,11,Site0,-1,0.125442153,0.260313641,0.267519724,0.446630985,0.832844575,0.546959476,0.935483871,0.623930646,0.769305963,0.676892461,-1.0,-1.0,
560,right,2,3,remote+coffee+water,Y,./stimuli/A_cropped/remote_coffee_bottle_Y/2/right/IMG_0652.jpeg,coffee,annotator2,7,Site0,-1,0.117622016,0.269141416,0.259699587,0.44775946,0.811339198,0.542777877,0.921798631,0.622073455,0.744868035,0.674241598,-1.0,-1.0,
561,right,2,3,remote+coffee+water,Y,./stimuli/A_cropped/remote_coffee_bottle_Y/2/right/IMG_0653.jpeg,water,annotator2,18,Site0,-1,0.119530183,0.284819375,0.277,0.463099115,0.832844575,0.547759033,0.923753666,0.626040755,0.749755621,0.683495231,-1.0,-1.0,
562,right,2,3,remote+coffee+water,Y,./stimuli/A_cropped/remote_coffee_bottle_Y/2/right/IMG_0654.jpeg,water,annotator2,2,Site0,-1,0.107861928,0.29979134,0.269459675,0.482765978,0.827956989,0.574077931,0.93255132,0.654421159,0.749755621,0.703069353,-1.0,-1.0,
563,right,2,3,remote+coffee+water,Y,./stimuli/A_cropped/remote_coffee_bottle_Y/2/right/IMG_0655.jpeg,water,annotator2,17,Site0,-1,0.11366508,0.264582372,0.264,0.445911306,0.832844575,0.541697046,0.935483871,0.618989132,0.749755621,0.686789208,-1.0,-1.0,
564,front,3,3,remote+coffee+water,Y,./stimuli/A_cropped/remote_coffee_bottle_Y/3/front/IMG_0665.jpeg,remote,annotator2,12,Site0,-1,0.460657647,0.338794297,0.559870212,0.465339102,0.942326491,0.682919487,0.500488759,0.765249855,0.078201369,0.589965846,-1.0,-1.0,
565,front,3,3,remote+coffee+water,Y,./stimuli/A_cropped/remote_coffee_bottle_Y/3/front/IMG_0666.jpeg,remote,annotator2,12,Site0,-1,0.472387852,0.371968562,0.571600418,0.495716136,0.942326491,0.713920932,0.500488759,0.791160829,0.10459433,0.591008748,-1.0,-1.0,
566,front,3,3,remote+coffee+water,Y,./stimuli/A_cropped/remote_coffee_bottle_Y/3/front/IMG_0667.jpeg,remote,annotator2,7,Site0,-1,0.445017373,0.35340458,0.544229939,0.482946508,0.935483871,0.700379001,0.481915934,0.790567734,0.053763441,0.627646151,-1.0,-1.0,
567,front,3,3,remote+coffee+water,Y,./stimuli/A_cropped/remote_coffee_bottle_Y/3/front/IMG_0668.jpeg,coffee,annotator2,11,Site0,-1,0.469108064,0.420762899,0.561194966,0.541661578,0.935483871,0.744240903,0.500488759,0.841630525,0.109481916,0.692095278,-1.0,-1.0,
568,front,3,3,remote+coffee+water,Y,./stimuli/A_cropped/remote_coffee_bottle_Y/3/front/IMG_0669.jpeg,coffee,annotator2,7,Site0,-1,0.445017373,0.3714444,0.544229939,0.494840716,0.935483871,0.720664201,0.481915934,0.798953226,0.064516129,0.621590478,-1.0,-1.0,
569,front,3,3,remote+coffee+water,Y,./stimuli/A_cropped/remote_coffee_bottle_Y/3/front/IMG_0670.jpeg,coffee,annotator2,6,Site0,-1,0.447404851,0.383634327,0.553572666,0.504140881,0.942326491,0.730603847,0.500488759,0.812419341,0.083088954,0.598106189,-1.0,-1.0,
570,front,3,3,remote+coffee+water,Y,./stimuli/A_cropped/remote_coffee_bottle_Y/3/front/IMG_0671.jpeg,water,annotator2,11,Site0,-1,0.465545232,0.360530836,0.564757798,0.481385403,0.942326491,0.693832993,0.500488759,0.783042086,0.109481916,0.615119087,-1.0,-1.0,
571,front,3,3,remote+coffee+water,Y,./stimuli/A_cropped/remote_coffee_bottle_Y/3/front/IMG_0672.jpeg,water,annotator2,9,Site0,-1,0.465545232,0.377103863,0.564757798,0.49776094,0.942326491,0.720196465,0.500488759,0.798319544,0.109481916,0.621332746,-1.0,-1.0,
572,front,3,3,remote+coffee+water,Y,./stimuli/A_cropped/remote_coffee_bottle_Y/3/front/IMG_0673.jpeg,water,annotator2,3,Site0,-1,0.448119353,0.368176473,0.552858164,0.490746184,0.942326491,0.719186018,0.500488759,0.796950602,0.078201369,0.620775969,-1.0,-1.0,
573,left,3,3,remote+coffee+water,Y,./stimuli/A_cropped/remote_coffee_bottle_Y/3/left/IMG_0656.jpeg,remote,annotator2,14,Site0,-1,0.764635869,0.254173894,0.901053281,0.430360182,0.359726295,0.80965267,0.064516129,0.580998008,0.291300098,0.426752998,-1.0,-1.0,
574,left,3,3,remote+coffee+water,Y,./stimuli/A_cropped/remote_coffee_bottle_Y/3/left/IMG_0657.jpeg,remote,annotator2,8,Site0,-1,0.72933119,0.295566666,0.854246523,0.46028116,0.359726295,0.807693355,0.078201369,0.604361576,0.295210166,0.454943526,-1.0,-1.0,
575,left,3,3,remote+coffee+water,Y,./stimuli/A_cropped/remote_coffee_bottle_Y/3/left/IMG_0658.jpeg,remote,annotator2,18,Site0,-1,0.732066574,0.29142784,0.86128631,0.46126269,0.359726295,0.823893217,0.064516129,0.601239979,0.284457478,0.45479691,-1.0,-1.0,
576,left,3,3,remote+coffee+water,Y,./stimuli/A_cropped/remote_coffee_bottle_Y/3/left/IMG_0659.jpeg,coffee,annotator2,3,Site0,-1,0.757132779,0.262624169,0.889006029,0.433303872,0.359726295,0.818836609,0.064516129,0.583400314,0.295210166,0.436551914,-1.0,-1.0,
577,left,3,3,remote+coffee+water,Y,./stimuli/A_cropped/remote_coffee_bottle_Y/3/left/IMG_0660.jpeg,coffee,annotator2,7,Site0,-1,0.759437053,0.292146989,0.888656789,0.467583362,0.359726295,0.834452002,0.064516129,0.613437413,0.302052786,0.449350823,-1.0,-1.0,
578,left,3,3,remote+coffee+water,Y,./stimuli/A_cropped/remote_coffee_bottle_Y/3/left/IMG_0661.jpeg,coffee,annotator2,13,Site0,-1,0.770386908,0.256025234,0.895302241,0.426297451,0.359726295,0.813298305,0.078201369,0.564888975,0.302052786,0.385747632,-1.0,-1.0,
579,left,3,3,remote+coffee+water,Y,./stimuli/A_cropped/remote_coffee_bottle_Y/3/left/IMG_0662.jpeg,water,annotator2,3,Site0,-1,0.743983675,0.283458674,0.85914438,0.439228167,0.359726295,0.815631359,0.078201369,0.588092357,0.302052786,0.437189755,-1.0,-1.0,
580,left,3,3,remote+coffee+water,Y,./stimuli/A_cropped/remote_coffee_bottle_Y/3/left/IMG_0663.jpeg,water,annotator2,15,Site0,-1,0.774099809,0.275982757,0.903319545,0.4542898,0.359726295,0.868854405,0.064516129,0.615293592,0.302052786,0.4502238,-1.0,-1.0,
581,left,3,3,remote+coffee+water,Y,./stimuli/A_cropped/remote_coffee_bottle_Y/3/left/IMG_0664.jpeg,water,annotator2,17,Site0,-1,0.731275953,0.299971753,0.846436657,0.455108602,0.359726295,0.820804584,0.099706745,0.608808564,0.304985337,0.453023609,-1.0,-1.0,
582,right,3,3,remote+coffee+water,Y,./stimuli/A_cropped/remote_coffee_bottle_Y/3/right/IMG_0674.jpeg,remote,annotator2,14,Site0,-1,0.186798924,0.287284807,0.31,0.442967457,0.788856305,0.511911937,0.942326491,0.626420235,0.579667644,0.692512273,-1.0,-1.0,
583,right,3,3,remote+coffee+water,Y,./stimuli/A_cropped/remote_coffee_bottle_Y/3/right/IMG_0675.jpeg,remote,annotator2,19,Site0,-1,0.203426986,0.31025882,0.32834232,0.462933506,0.788856305,0.524103255,0.942326491,0.638692498,0.594330401,0.717719562,-1.0,-1.0,
584,right,3,3,remote+coffee+water,Y,./stimuli/A_cropped/remote_coffee_bottle_Y/3/right/IMG_0676.jpeg,remote,annotator2,18,Site0,-1,0.18484389,0.294156733,0.300004595,0.452002759,0.769305963,0.51845428,0.942326491,0.632192906,0.569892473,0.707516499,-1.0,-1.0,
585,right,3,3,remote+coffee+water,Y,./stimuli/A_cropped/remote_coffee_bottle_Y/3/right/IMG_0677.jpeg,coffee,annotator2,8,Site0,-1,0.188753958,0.317751826,0.303914663,0.46926255,0.769305963,0.533304702,0.942326491,0.644320374,0.569892473,0.726554206,-1.0,-1.0,
586,right,3,3,remote+coffee+water,Y,./stimuli/A_cropped/remote_coffee_bottle_Y/3/right/IMG_0678.jpeg,coffee,annotator2,1,Site0,-1,0.191295369,0.318285593,0.2999,0.469541394,0.764418377,0.523879251,0.921798631,0.637403557,0.560117302,0.715696182,-1.0,-1.0,
587,right,3,3,remote+coffee+water,Y,./stimuli/A_cropped/remote_coffee_bottle_Y/3/right/IMG_0679.jpeg,coffee,annotator2,10,Site0,-1,0.175841347,0.320429187,0.2959,0.471858017,0.769305963,0.527825676,0.935483871,0.639912204,0.560117302,0.715942926,-1.0,-1.0,
588,right,3,3,remote+coffee+water,Y,./stimuli/A_cropped/remote_coffee_bottle_Y/3/right/IMG_0680.jpeg,water,annotator2,4,Site0,-1,0.192664027,0.322535089,0.307824732,0.474359524,0.769305963,0.537098585,0.942326491,0.650268008,0.569892473,0.721467313,-1.0,-1.0,
589,right,3,3,remote+coffee+water,Y,./stimuli/A_cropped/remote_coffee_bottle_Y/3/right/IMG_0681.jpeg,water,annotator2,19,Site0,-1,0.192664027,0.299680064,0.307824732,0.449625523,0.788856305,0.51901552,0.942326491,0.636213218,0.569892473,0.694423995,-1.0,-1.0,
590,right,3,3,remote+coffee+water,Y,./stimuli/A_cropped/remote_coffee_bottle_Y/3/right/IMG_0682.jpeg,water,annotator2,2,Site0,-1,0.159438717,0.284889357,0.28435405,0.445462296,0.788856305,0.517903481,0.942326491,0.628247384,0.560117302,0.701322817,-1.0,-1.0,
591,front,1,4,remote+doll+coffee+water,Y,./stimuli/A_cropped/remote_doll_coffee_bottle_Y/1/front/IMG_0694.jpeg,remote,annotator1,7,Site0,-1,0.444112729,0.230462019,0.586190301,0.407458606,0.866080156,0.714522296,0.671554252,0.714522296,0.359726295,0.818863449,0.10459433,0.575141204,
592,front,1,4,remote+doll+coffee+water,Y,./stimuli/A_cropped/remote_doll_coffee_bottle_Y/1/front/IMG_0695.jpeg,remote,annotator1,15,Site0,-1,0.44987536,0.215092961,0.586292773,0.387966597,0.866080156,0.698470221,0.671554252,0.680460219,0.359726295,0.795003831,0.109481916,0.5003602,
593,front,1,4,remote+doll+coffee+water,Y,./stimuli/A_cropped/remote_doll_coffee_bottle_Y/1/front/IMG_0696.jpeg,remote,annotator1,16,Site0,-1,0.429449973,0.202098354,0.571527544,0.380600008,0.866080156,0.704931553,0.632453568,0.686335223,0.359726295,0.797169348,0.10459433,0.600792107,
594,front,1,4,remote+doll+coffee+water,Y,./stimuli/A_cropped/remote_doll_coffee_bottle_Y/1/front/IMG_0697.jpeg,doll,annotator1,0,Site0,-1,0.444112729,0.205347796,0.586190301,0.385961283,0.866080156,0.707356075,0.671554252,0.688539735,0.359726295,0.808211662,0.10459433,0.500376327,
595,front,1,4,remote+doll+coffee+water,Y,./stimuli/A_cropped/remote_doll_coffee_bottle_Y/1/front/IMG_0698.jpeg,doll,annotator1,5,Site0,-1,0.437722014,0.213388074,0.576940743,0.387296188,0.853372434,0.699657869,0.640273705,0.681540095,0.359726295,0.796769137,0.10459433,0.500362355,
596,front,1,4,remote+doll+coffee+water,Y,./stimuli/A_cropped/remote_doll_coffee_bottle_Y/1/front/IMG_0699.jpeg,doll,annotator1,16,Site0,-1,0.432280052,0.20734843,0.568697465,0.377752204,0.853372434,0.688960406,0.632453568,0.685262551,0.359726295,0.795458639,0.10459433,0.500369786,
597,front,1,4,remote+doll+coffee+water,Y,./stimuli/A_cropped/remote_doll_coffee_bottle_Y/1/front/IMG_0700.jpeg,coffee,annotator1,3,Site0,-1,0.432280052,0.208691993,0.568697465,0.378313443,0.853372434,0.702816404,0.632453568,0.684412011,0.359726295,0.79410219,0.10459433,0.500368088,
598,front,1,4,remote+doll+coffee+water,Y,./stimuli/A_cropped/remote_doll_coffee_bottle_Y/1/front/IMG_0701.jpeg,coffee,annotator1,6,Site0,-1,0.430879394,0.200323882,0.570098123,0.37387764,0.853372434,0.686147503,0.632453568,0.686147503,0.359726295,0.796869969,0.10459433,0.500371552,
599,front,1,4,remote+doll+coffee+water,Y,./stimuli/A_cropped/remote_doll_coffee_bottle_Y/1/front/IMG_0702.jpeg,coffee,annotator1,4,Site0,-1,0.454102476,0.209901615,0.585975726,0.377908546,0.853372434,0.680198176,0.671554252,0.680198176,0.359726295,0.783065797,0.11827957,0.500359677,
600,front,1,4,remote+doll+coffee+water,Y,./stimuli/A_cropped/remote_doll_coffee_bottle_Y/1/front/IMG_0703.jpeg,water,annotator1,2,Site0,-1,0.425493037,0.210795035,0.57548448,0.381346978,0.853372434,0.68542364,0.632453568,0.68542364,0.359726295,0.795715546,0.10459433,0.500370107,
601,front,1,4,remote+doll+coffee+water,Y,./stimuli/A_cropped/remote_doll_coffee_bottle_Y/1/front/IMG_0704.jpeg,water,annotator1,8,Site0,-1,0.429449973,0.202597444,0.571527544,0.374834496,0.853372434,0.684735251,0.640273705,0.684735251,0.359726295,0.794617696,0.10459433,0.500368733,
602,front,1,4,remote+doll+coffee+water,Y,./stimuli/A_cropped/remote_doll_coffee_bottle_Y/1/front/IMG_0705.jpeg,water,annotator1,19,Site0,-1,0.439122672,0.205501569,0.575540084,0.3775203,0.853372434,0.689569912,0.632453568,0.671407525,0.359726295,0.783408911,0.10459433,0.500378383,
603,left,1,4,remote+doll+coffee+water,Y,./stimuli/A_cropped/remote_doll_coffee_bottle_Y/1/left/bottle_0691.jpeg,water,annotator1,3,Site0,-1,0.693594167,0.282496603,0.825467417,0.453698218,0.265884653,0.735390789,0.1485826,0.632500787,0.053763441,0.581055786,0.1485826,0.443470319,
604,left,1,4,remote+doll+coffee+water,Y,./stimuli/A_cropped/remote_doll_coffee_bottle_Y/1/left/bottle_0692.jpeg,water,annotator1,8,Site0,-1,0.733355321,0.264839568,0.869772734,0.441776538,0.284457478,0.736284448,0.188660802,0.61072876,0.078201369,0.565932509,0.165200391,0.437853089,
605,left,1,4,remote+doll+coffee+water,Y,./stimuli/A_cropped/remote_doll_coffee_bottle_Y/1/left/bottle_0693.jpeg,water,annotator1,2,Site0,-1,0.704584184,0.279054174,0.843802913,0.454225619,0.250244379,0.745794851,0.1485826,0.638357203,0.046920821,0.58463838,0.140762463,0.440971757,
606,left,1,4,remote+doll+coffee+water,Y,./stimuli/A_cropped/remote_doll_coffee_bottle_Y/1/left/coffee_0688.jpeg,coffee,annotator1,12,Site0,-1,0.728784783,0.274671335,0.860658033,0.445646329,0.284457478,0.717430461,0.188660802,0.614579538,0.078201369,0.562853342,0.172043011,0.440755462,
607,left,1,4,remote+doll+coffee+water,Y,./stimuli/A_cropped/remote_doll_coffee_bottle_Y/1/left/coffee_0689.jpeg,coffee,annotator1,13,Site0,-1,0.714723059,0.273577019,0.849304312,0.443939847,0.265884653,0.727505233,0.188660802,0.615726961,0.078201369,0.563482769,0.165200391,0.412825098,
608,left,1,4,remote+doll+coffee+water,Y,./stimuli/A_cropped/remote_doll_coffee_bottle_Y/1/left/coffee_0690.jpeg,coffee,annotator1,2,Site0,-1,0.720647599,0.271553318,0.857065011,0.446251072,0.284457478,0.725195835,0.188660802,0.618671664,0.064516129,0.565098104,0.165200391,0.441131379,
609,left,1,4,remote+doll+coffee+water,Y,./stimuli/A_cropped/remote_doll_coffee_bottle_Y/1/left/doll_0685.jpeg,doll,annotator1,1,Site0,-1,0.703369338,0.266874937,0.835242588,0.437122138,0.265884653,0.702746089,0.165200391,0.611717233,0.053763441,0.561428564,0.1485826,0.408652861,
610,left,1,4,remote+doll+coffee+water,Y,./stimuli/A_cropped/remote_doll_coffee_bottle_Y/1/left/doll_0686.jpeg,doll,annotator1,16,Site0,-1,0.710872428,0.272942294,0.84728984,0.43875861,0.284457478,0.711109338,0.165200391,0.608809659,0.064516129,0.559829813,0.154447703,0.411030279,
611,left,1,4,remote+doll+coffee+water,Y,./stimuli/A_cropped/remote_doll_coffee_bottle_Y/1/left/doll_0687.jpeg,doll,annotator1,12,Site0,-1,0.703369338,0.269584663,0.835242588,0.442951378,0.250244379,0.723480046,0.165200391,0.608494462,0.053763441,0.564602116,0.1485826,0.441579905,
612,left,1,4,remote+doll+coffee+water,Y,./stimuli/A_cropped/remote_doll_coffee_bottle_Y/1/left/remote_0683.jpeg,remote,annotator1,0,Site0,-1,0.711790507,0.279805815,0.84637176,0.449604313,0.284457478,0.715934302,0.188660802,0.613791105,0.078201369,0.562420842,0.165200391,0.452512374,
613,left,1,4,remote+doll+coffee+water,Y,./stimuli/A_cropped/remote_doll_coffee_bottle_Y/1/left/remote_0684.jpeg,remote,annotator1,7,Site0,-1,0.690661616,0.276867448,0.822534865,0.45106263,0.250244379,0.727942251,0.1485826,0.626905098,0.042033236,0.582473097,0.134897361,0.451611725,
614,right,1,4,remote+doll+coffee+water,Y,./stimuli/A_cropped/remote_doll_coffee_bottle_Y/1/right/IMG_0706.jpeg,remote,annotator1,2,Site0,-1,0.142156499,0.295325293,0.25,0.432785836,0.686217009,0.527410385,0.884652981,0.500276873,0.769305963,0.638713161,0.632453568,0.638713161,
615,right,1,4,remote+doll+coffee+water,Y,./stimuli/A_cropped/remote_doll_coffee_bottle_Y/1/right/IMG_0707.jpeg,remote,annotator1,5,Site0,-1,0.147044084,0.307307708,0.251782895,0.444415958,0.686217009,0.540311534,0.884652981,0.500266964,0.769305963,0.657775606,0.632453568,0.633748864,
616,right,1,4,remote+doll+coffee+water,Y,./stimuli/A_cropped/remote_doll_coffee_bottle_Y/1/right/IMG_0708.jpeg,remote,annotator1,6,Site0,-1,0.148781269,0.301766979,0.257865847,0.444118113,0.716520039,0.543971051,0.900293255,0.500269761,0.801564027,0.65942878,0.666666667,0.648638338,
617,right,1,4,remote+doll+coffee+water,Y,./stimuli/A_cropped/remote_doll_coffee_bottle_Y/1/right/IMG_0709.jpeg,doll,annotator1,15,Site0,-1,0.152194685,0.305906301,0.2583625,0.444991102,0.716520039,0.542383845,0.890518084,0.500260024,0.801564027,0.65367394,0.649071359,0.630271817,
618,right,1,4,remote+doll+coffee+water,Y,./stimuli/A_cropped/remote_doll_coffee_bottle_Y/1/right/IMG_0710.jpeg,doll,annotator1,17,Site0,-1,0.146329582,0.303024805,0.252497397,0.442949388,0.69599218,0.54322151,0.890518084,0.500265163,0.788856305,0.656711119,0.649071359,0.632846482,
619,right,1,4,remote+doll+coffee+water,Y,./stimuli/A_cropped/remote_doll_coffee_bottle_Y/1/right/IMG_0711.jpeg,doll,annotator1,11,Site0,-1,0.161969856,0.305998243,0.268137671,0.444556689,0.716520039,0.542799522,0.890518084,0.500262574,0.801564027,0.65518109,0.666666667,0.64467814,
620,right,1,4,remote+doll+coffee+water,Y,./stimuli/A_cropped/remote_doll_coffee_bottle_Y/1/right/IMG_0712.jpeg,coffee,annotator1,1,Site0,-1,0.150736303,0.304412722,0.259820882,0.442350293,0.716520039,0.542034245,0.890518084,0.500257879,0.801564027,0.652406373,0.649071359,0.64209122,
621,right,1,4,remote+doll+coffee+water,Y,./stimuli/A_cropped/remote_doll_coffee_bottle_Y/1/right/IMG_0713.jpeg,coffee,annotator1,6,Site0,-1,0.150736303,0.296884802,0.259820882,0.438659479,0.716520039,0.539475123,0.900293255,0.50027605,0.801564027,0.663145438,0.666666667,0.638300955,
622,right,1,4,remote+doll+coffee+water,Y,./stimuli/A_cropped/remote_doll_coffee_bottle_Y/1/right/IMG_0714.jpeg,coffee,annotator1,11,Site0,-1,0.150736303,0.302326787,0.259820882,0.44173546,0.716520039,0.542482539,0.890518084,0.500260629,0.788856305,0.654031784,0.649071359,0.630575167,
623,right,1,4,remote+doll+coffee+water,Y,./stimuli/A_cropped/remote_doll_coffee_bottle_Y/1/right/IMG_0715.jpeg,water,annotator1,1,Site0,-1,0.147803752,0.302396372,0.25688833,0.442767372,0.716520039,0.540167301,0.900293255,0.500266009,0.801564027,0.657211093,0.649071359,0.633270318,
624,right,1,4,remote+doll+coffee+water,Y,./stimuli/A_cropped/remote_doll_coffee_bottle_Y/1/right/IMG_0716.jpeg,water,annotator1,4,Site0,-1,0.155127236,0.3110005,0.261295051,0.450106538,0.69599218,0.544149153,0.890518084,0.500270854,0.788856305,0.660074536,0.649071359,0.635697703,
625,right,1,4,remote+doll+coffee+water,Y,./stimuli/A_cropped/remote_doll_coffee_bottle_Y/1/right/IMG_0717.jpeg,water,annotator1,18,Site0,-1,0.156601406,0.31169085,0.265685984,0.450288781,0.700879765,0.549924907,0.890518084,0.500269864,0.788856305,0.659489839,0.649071359,0.635202046,
626,front,2,4,remote+doll+coffee+water,Y,./stimuli/A_cropped/remote_doll_coffee_bottle_Y/2/front/bottle_0738.jpeg,water,annotator1,14,Site0,-1,0.448119353,0.324699324,0.552858164,0.462774072,0.921798631,0.712070538,0.671554252,0.769534813,0.314760508,0.763149894,0.10459433,0.623593798,
627,front,2,4,remote+doll+coffee+water,Y,./stimuli/A_cropped/remote_doll_coffee_bottle_Y/2/front/bottle_0739.jpeg,water,annotator1,13,Site0,-1,0.442908406,0.245188254,0.558069111,0.38937114,0.921798631,0.653066412,0.671554252,0.74028374,0.302052786,0.713246368,0.064516129,0.500436087,
628,front,2,4,remote+doll+coffee+water,Y,./stimuli/A_cropped/remote_doll_coffee_bottle_Y/2/front/coffee_0736.jpeg,coffee,annotator1,9,Site0,-1,0.457180022,0.292538444,0.563347837,0.435388373,0.900293255,0.679808618,0.671554252,0.75362027,0.302052786,0.747612345,0.064516129,0.58282354,
629,front,2,4,remote+doll+coffee+water,Y,./stimuli/A_cropped/remote_doll_coffee_bottle_Y/2/front/coffee_0737.jpeg,coffee,annotator1,1,Site0,-1,0.503668399,0.310017858,0.602880965,0.441223628,0.923753666,0.665116714,0.69599218,0.738790839,0.359726295,0.717121979,0.1485826,0.500433377,
630,front,2,4,remote+doll+coffee+water,Y,./stimuli/A_cropped/remote_doll_coffee_bottle_Y/2/front/doll_0733.jpeg,doll,annotator1,17,Site0,-1,0.478099022,0.232830014,0.593259727,0.366201814,0.921798631,0.611563013,0.674486804,0.68648725,0.335288368,0.646966773,0.11827957,0.500411672,
631,front,2,4,remote+doll+coffee+water,Y,./stimuli/A_cropped/remote_doll_coffee_bottle_Y/2/front/doll_0734.jpeg,doll,annotator1,13,Site0,-1,0.479662916,0.221458521,0.58583073,0.359359128,0.921798631,0.589166732,0.674486804,0.681294722,0.335288368,0.664843295,0.109481916,0.500329029,
632,front,2,4,remote+doll+coffee+water,Y,./stimuli/A_cropped/remote_doll_coffee_bottle_Y/2/front/doll_0735.jpeg,doll,annotator1,9,Site0,-1,0.452292437,0.242310697,0.558460251,0.374329298,0.884652981,0.604211053,0.666666667,0.671179468,0.314760508,0.671179468,0.10459433,0.500341676,
633,front,2,4,remote+doll+coffee+water,Y,./stimuli/A_cropped/remote_doll_coffee_bottle_Y/2/front/remote_0729.jpeg,remote,annotator1,8,Site0,-1,0.463045125,0.235232754,0.56921294,0.37489487,0.900293255,0.614610724,0.671554252,0.692977031,0.31769306,0.679915979,0.078201369,0.500326526,
634,front,2,4,remote+doll+coffee+water,Y,./stimuli/A_cropped/remote_doll_coffee_bottle_Y/2/front/remote_0730.jpeg,remote,annotator1,6,Site0,-1,0.462067608,0.224315825,0.568235422,0.359936936,0.884652981,0.590714575,0.671554252,0.667704804,0.302052786,0.663687922,0.10459433,0.50033474,
635,front,2,4,remote+doll+coffee+water,Y,./stimuli/A_cropped/remote_doll_coffee_bottle_Y/2/front/remote_0731.jpeg,remote,annotator1,13,Site0,-1,0.45,0.234187651,0.569,0.370287841,0.890518084,0.610733873,0.666666667,0.678927754,0.302052786,0.662691116,0.099706745,0.500324733,
636,front,2,4,remote+doll+coffee+water,Y,./stimuli/A_cropped/remote_doll_coffee_bottle_Y/2/front/remote_0732.jpeg,remote,annotator1,10,Site0,-1,0.462067608,0.238683907,0.568235422,0.377553143,0.900293255,0.613960064,0.671554252,0.691881475,0.31769306,0.678894574,0.099706745,0.500324673,
637,left,2,4,remote+doll+coffee+water,Y,./stimuli/A_cropped/remote_doll_coffee_bottle_Y/2/left/bottle_0726.jpeg,water,annotator1,0,Site0,-1,0.716936557,0.35835046,0.821675368,0.493643828,0.403714565,0.816592099,0.109481916,0.653698239,0.203323558,0.602027606,0.328445748,0.500437887,
638,left,2,4,remote+doll+coffee+water,Y,./stimuli/A_cropped/remote_doll_coffee_bottle_Y/2/left/bottle_0727.jpeg,water,annotator1,9,Site0,-1,0.721824143,0.361278969,0.826562954,0.495434114,0.407624633,0.813928609,0.109481916,0.652405175,0.211143695,0.601169248,0.335288368,0.500434203,
639,left,2,4,remote+doll+coffee+water,Y,./stimuli/A_cropped/remote_doll_coffee_bottle_Y/2/left/bottle_0728.jpeg,water,annotator1,19,Site0,-1,0.726711729,0.357767889,0.831450539,0.493617687,0.405669599,0.817894168,0.109481916,0.654330364,0.219941349,0.591894718,0.335288368,0.500439688,
640,left,2,4,remote+doll+coffee+water,Y,./stimuli/A_cropped/remote_doll_coffee_bottle_Y/2/left/coffee_0723.jpeg,coffee,annotator1,12,Site0,-1,0.728929778,0.349721665,0.835097593,0.486412467,0.405669599,0.813425985,0.109481916,0.652161163,0.219941349,0.587135025,0.335288368,0.500433508,
641,left,2,4,remote+doll+coffee+water,Y,./stimuli/A_cropped/remote_doll_coffee_bottle_Y/2/left/coffee_0724.jpeg,coffee,annotator1,16,Site0,-1,0.731275953,0.360232825,0.846436657,0.497671,0.403714565,0.8264725,0.109481916,0.652993121,0.211143695,0.601559536,0.335288368,0.500435878,
642,left,2,4,remote+doll+coffee+water,Y,./stimuli/A_cropped/remote_doll_coffee_bottle_Y/2/left/coffee_0725.jpeg,coffee,annotator1,18,Site0,-1,0.731275953,0.356305442,0.846436657,0.496729702,0.405669599,0.82198664,0.109481916,0.656317165,0.211143695,0.597531223,0.328445748,0.500445348,
643,left,2,4,remote+doll+coffee+water,Y,./stimuli/A_cropped/remote_doll_coffee_bottle_Y/2/left/doll_0720.jpeg,doll,annotator1,7,Site0,-1,0.72964428,0.329129384,0.834383091,0.471526473,0.403714565,0.791316225,0.109481916,0.615927602,0.211143695,0.569727672,0.335288368,0.463638944,
644,left,2,4,remote+doll+coffee+water,Y,./stimuli/A_cropped/remote_doll_coffee_bottle_Y/2/left/doll_0721.jpeg,doll,annotator1,0,Site0,-1,0.728929778,0.334399548,0.835097593,0.471573156,0.403714565,0.796261408,0.109481916,0.617895509,0.211143695,0.570911321,0.335288368,0.473462634,
645,left,2,4,remote+doll+coffee+water,Y,./stimuli/A_cropped/remote_doll_coffee_bottle_Y/2/left/doll_0722.jpeg,doll,annotator1,17,Site0,-1,0.730490355,0.334036486,0.847222255,0.474615464,0.359726295,0.815855344,0.109481916,0.618391145,0.211143695,0.580820524,0.328445748,0.470729864,
646,left,2,4,remote+doll+coffee+water,Y,./stimuli/A_cropped/remote_doll_coffee_bottle_Y/2/left/remote_0718.jpeg,remote,annotator1,8,Site0,-1,0.725997227,0.309854237,0.832165041,0.447057647,0.359726295,0.769768518,0.109481916,0.581735203,0.203323558,0.536844366,0.328445748,0.432663745,
647,left,2,4,remote+doll+coffee+water,Y,./stimuli/A_cropped/remote_doll_coffee_bottle_Y/2/left/remote_0719.jpeg,remote,annotator1,9,Site0,-1,0.716222056,0.310325207,0.82238987,0.449568685,0.403714565,0.766459217,0.109481916,0.613360201,0.203323558,0.551451309,0.328445748,0.449385298,
648,right,2,4,remote+doll+coffee+water,Y,./stimuli/A_cropped/remote_doll_coffee_bottle_Y/2/right/bottle_0748.jpeg,water,annotator1,5,Site0,-1,0.113495413,0.28751931,0.238410746,0.435424413,0.709677419,0.506256109,0.884652981,0.50029791,0.769305963,0.649252898,0.481915934,0.664148396,
649,right,2,4,remote+doll+coffee+water,Y,./stimuli/A_cropped/remote_doll_coffee_bottle_Y/2/right/bottle_0749.jpeg,water,annotator1,0,Site0,-1,0.110016454,0.274165194,0.241889704,0.423670595,0.716520039,0.500291102,0.890518084,0.500291102,0.782013685,0.645842264,0.500488759,0.631869352,
650,right,2,4,remote+doll+coffee+water,Y,./stimuli/A_cropped/remote_doll_coffee_bottle_Y/2/right/bottle_0750.jpeg,water,annotator1,2,Site0,-1,0.102742724,0.288294004,0.227658058,0.428579096,0.671554252,0.489545214,0.866080156,0.500282562,0.744868035,0.628000485,0.467253177,0.628000485,
651,right,2,4,remote+doll+coffee+water,Y,./stimuli/A_cropped/remote_doll_coffee_bottle_Y/2/right/coffee_0746.jpeg,coffee,annotator1,12,Site0,-1,0.097855139,0.274226908,0.222770472,0.421862954,0.69599218,0.500297368,0.884652981,0.500297368,0.769305963,0.648981389,0.467253177,0.648981389,
652,right,2,4,remote+doll+coffee+water,Y,./stimuli/A_cropped/remote_doll_coffee_bottle_Y/2/right/coffee_0747.jpeg,coffee,annotator1,13,Site0,-1,0.101550047,0.285290778,0.219075564,0.428616978,0.674486804,0.500298635,0.866080156,0.500298635,0.744868035,0.64961609,0.458455523,0.64961609,
653,right,2,4,remote+doll+coffee+water,Y,./stimuli/A_cropped/remote_doll_coffee_bottle_Y/2/right/doll_0743.jpeg,doll,annotator1,1,Site0,-1,0.094922588,0.275064702,0.219837921,0.424116074,0.709677419,0.500300219,0.890518084,0.500300219,0.769305963,0.649208737,0.467253177,0.650409612,
654,right,2,4,remote+doll+coffee+water,Y,./stimuli/A_cropped/remote_doll_coffee_bottle_Y/2/right/doll_0744.jpeg,doll,annotator1,3,Site0,-1,0.097410808,0.266451571,0.22,0.415710387,0.69599218,0.49035912,0.884652981,0.500310996,0.769305963,0.637771284,0.458455523,0.640881246,
655,right,2,4,remote+doll+coffee+water,Y,./stimuli/A_cropped/remote_doll_coffee_bottle_Y/2/right/doll_0745.jpeg,doll,annotator1,12,Site0,-1,0.089057485,0.285755644,0.213972818,0.432804715,0.69599218,0.506610998,0.884652981,0.500314809,0.749755621,0.657719531,0.458455523,0.642608677,
656,right,2,4,remote+doll+coffee+water,Y,./stimuli/A_cropped/remote_doll_coffee_bottle_Y/2/right/remote_0740.jpeg,remote,annotator1,5,Site0,-1,0.106437632,0.285320366,0.22396315,0.431472742,0.69599218,0.514921653,0.884652981,0.500304524,0.749755621,0.664747235,0.458455523,0.66779247,
657,right,2,4,remote+doll+coffee+water,Y,./stimuli/A_cropped/remote_doll_coffee_bottle_Y/2/right/remote_0741.jpeg,remote,annotator1,15,Site0,-1,0.091012519,0.274949961,0.215927852,0.427458101,0.709677419,0.514849292,0.884652981,0.500303047,0.749755621,0.651826436,0.458455523,0.666978775,
658,right,2,4,remote+doll+coffee+water,Y,./stimuli/A_cropped/remote_doll_coffee_bottle_Y/2/right/remote_0742.jpeg,remote,annotator1,1,Site0,-1,0.086124934,0.259511801,0.211040267,0.414323404,0.69599218,0.490333548,0.890518084,0.500311821,0.769305963,0.641254926,0.458455523,0.641254926,
659,front,3,4,remote+doll+coffee+water,Y,./stimuli/A_cropped/remote_doll_coffee_bottle_Y/3/front/bottle_0769.jpeg,water,annotator1,17,Site0,-1,0.435674646,0.222185185,0.541842461,0.359726035,0.921798631,0.588934113,0.693059629,0.693948563,0.109481916,0.664413249,0.10459433,0.50032817,
660,front,3,4,remote+doll+coffee+water,Y,./stimuli/A_cropped/remote_doll_coffee_bottle_Y/3/front/bottle_0770.jpeg,water,annotator1,8,Site0,-1,0.43915227,0.21826683,0.538364836,0.340918047,0.884652981,0.562100233,0.671554252,0.690161852,0.10459433,0.645758577,0.10459433,0.500321763,
661,front,3,4,remote+doll+coffee+water,Y,./stimuli/A_cropped/remote_doll_coffee_bottle_Y/3/front/bottle_0771.jpeg,water,annotator1,1,Site0,-1,0.43915227,0.222999813,0.538364836,0.350584757,0.900293255,0.574639436,0.671554252,0.684423,0.105571848,0.663671229,0.10459433,0.500334706,
662,front,3,4,remote+doll+coffee+water,Y,./stimuli/A_cropped/remote_doll_coffee_bottle_Y/3/front/coffee_0772.jpeg,coffee,annotator1,11,Site0,-1,0.451880638,0.228511271,0.549096879,0.352133132,0.900293255,0.574813038,0.671554252,0.684851947,0.109481916,0.651974468,0.109481916,0.500335484,
663,front,3,4,remote+doll+coffee+water,Y,./stimuli/A_cropped/remote_doll_coffee_bottle_Y/3/front/coffee_0773.jpeg,coffee,annotator1,11,Site0,-1,0.440804692,0.238075555,0.536712415,0.356464562,0.884652981,0.587067851,0.671554252,0.689878598,0.105571848,0.660963075,0.10459433,0.500321284,
664,front,3,4,remote+doll+coffee+water,Y,./stimuli/A_cropped/remote_doll_coffee_bottle_Y/3/front/doll_0766.jpeg,doll,annotator1,7,Site0,-1,0.441352978,0.222404709,0.543984266,0.348860476,0.900293255,0.568401203,0.671554252,0.680330445,0.109481916,0.663966521,0.10459433,0.500327278,
665,front,3,4,remote+doll+coffee+water,Y,./stimuli/A_cropped/remote_doll_coffee_bottle_Y/3/front/doll_0767.jpeg,doll,annotator1,5,Site0,-1,0.445017373,0.22374018,0.544229939,0.349765875,0.900293255,0.569098631,0.671554252,0.682169119,0.10459433,0.646462649,0.10459433,0.500330615,
666,front,3,4,remote+doll+coffee+water,Y,./stimuli/A_cropped/remote_doll_coffee_bottle_Y/3/front/doll_0768.jpeg,doll,annotator1,5,Site0,-1,0.432479079,0.233925462,0.53721789,0.359443129,0.890518084,0.586329892,0.671554252,0.694154165,0.099706745,0.659622208,0.078201369,0.500352367,
667,front,3,4,remote+doll+coffee+water,Y,./stimuli/A_cropped/remote_doll_coffee_bottle_Y/3/front/remote_0763.jpeg,remote,annotator1,12,Site0,-1,0.464220478,0.258952274,0.556307381,0.381148928,0.900293255,0.58570525,0.671554252,0.686907021,0.134897361,0.671094244,0.134897361,0.500316256,
668,front,3,4,remote+doll+coffee+water,Y,./stimuli/A_cropped/remote_doll_coffee_bottle_Y/3/front/remote_0764.jpeg,remote,annotator1,2,Site0,-1,0.431764578,0.23683164,0.537932392,0.361721604,0.890518084,0.57531167,0.671554252,0.691026597,0.105571848,0.661936252,0.10459433,0.500323226,
669,front,3,4,remote+doll+coffee+water,Y,./stimuli/A_cropped/remote_doll_coffee_bottle_Y/3/front/remote_0765.jpeg,remote,annotator1,19,Site0,-1,0.450882476,0.235273004,0.550095041,0.358481425,0.900293255,0.574297659,0.671554252,0.688454578,0.109481916,0.659755911,0.10459433,0.500318874,
670,left,3,4,remote+doll+coffee+water,Y,./stimuli/A_cropped/remote_doll_coffee_bottle_Y/3/left/bottle_0760.jpeg,water,annotator1,7,Site0,-1,0.760023554,0.300796426,0.862654842,0.425821855,0.500488759,0.809309528,0.109481916,0.644950126,0.211143695,0.520235203,0.42228739,0.421949932,
671,left,3,4,remote+doll+coffee+water,Y,./stimuli/A_cropped/remote_doll_coffee_bottle_Y/3/left/coffee_0757.jpeg,coffee,annotator1,7,Site0,-1,0.761732916,0.310066355,0.860945481,0.434970298,0.500488759,0.829637079,0.105571848,0.686890609,0.211143695,0.52021554,0.42228739,0.434402634,
672,left,3,4,remote+doll+coffee+water,Y,./stimuli/A_cropped/remote_doll_coffee_bottle_Y/3/left/coffee_0758.jpeg,coffee,annotator1,0,Site0,-1,0.761732916,0.307859573,0.860945481,0.432056554,0.500488759,0.827771317,0.109481916,0.685832799,0.219941349,0.535689743,0.42228739,0.42246711,
673,left,3,4,remote+doll+coffee+water,Y,./stimuli/A_cropped/remote_doll_coffee_bottle_Y/3/left/coffee_0759.jpeg,coffee,annotator1,8,Site0,-1,0.764665467,0.320756274,0.863878033,0.441814824,0.500488759,0.830497723,0.109481916,0.687378559,0.219941349,0.535986611,0.42228739,0.434231367,
674,left,3,4,remote+doll+coffee+water,Y,./stimuli/A_cropped/remote_doll_coffee_bottle_Y/3/left/doll_0754.jpeg,doll,annotator1,5,Site0,-1,0.781528931,0.298841098,0.884160219,0.425093742,0.500488759,0.828192267,0.109481916,0.646372917,0.219941349,0.500417017,0.440860215,0.421183814,
675,left,3,4,remote+doll+coffee+water,Y,./stimuli/A_cropped/remote_doll_coffee_bottle_Y/3/left/doll_0755.jpeg,doll,annotator1,8,Site0,-1,0.776641345,0.308544588,0.879272633,0.434449274,0.500488759,0.832278163,0.109481916,0.645969506,0.219941349,0.520377509,0.431085044,0.421401035,
676,left,3,4,remote+doll+coffee+water,Y,./stimuli/A_cropped/remote_doll_coffee_bottle_Y/3/left/doll_0756.jpeg,doll,annotator1,5,Site0,-1,0.776641345,0.302767929,0.879272633,0.428643585,0.500488759,0.832201548,0.105571848,0.645935849,0.211143695,0.500415772,0.42228739,0.421419158,
677,left,3,4,remote+doll+coffee+water,Y,./stimuli/A_cropped/remote_doll_coffee_bottle_Y/3/left/remote_0751.jpeg,remote,annotator1,3,Site0,-1,0.781528931,0.302055228,0.884160219,0.4262906,0.500488759,0.827872634,0.109481916,0.644034161,0.219941349,0.500410354,0.440860215,0.422443144,
678,left,3,4,remote+doll+coffee+water,Y,./stimuli/A_cropped/remote_doll_coffee_bottle_Y/3/left/remote_0752.jpeg,remote,annotator1,13,Site0,-1,0.789103395,0.297628756,0.88831596,0.423081859,0.500488759,0.810367582,0.109481916,0.645445956,0.225806452,0.500414376,0.440860215,0.420025443,
679,left,3,4,remote+doll+coffee+water,Y,./stimuli/A_cropped/remote_doll_coffee_bottle_Y/3/left/remote_0753.jpeg,remote,annotator1,0,Site0,-1,0.789103395,0.295245932,0.88831596,0.423963404,0.500488759,0.812035916,0.109481916,0.646227779,0.219941349,0.500416603,0.434995112,0.421261965,
680,right,3,4,remote+doll+coffee+water,Y,./stimuli/A_cropped/remote_doll_coffee_bottle_Y/3/right/bottle_0782.jpeg,water,annotator1,8,Site0,-1,0.084746005,0.28537744,0.2,0.421075057,0.632453568,0.447248912,0.890518084,0.500273322,0.827956989,0.661533123,0.359726295,0.63693417,
681,right,3,4,remote+doll+coffee+water,Y,./stimuli/A_cropped/remote_doll_coffee_bottle_Y/3/right/bottle_0783.jpeg,water,annotator1,8,Site0,-1,0.083182111,0.274450197,0.198342816,0.412827334,0.632453568,0.43840315,0.890518084,0.420007711,0.832844575,0.653574047,0.359726295,0.597830291,
682,right,3,4,remote+doll+coffee+water,Y,./stimuli/A_cropped/remote_doll_coffee_bottle_Y/3/right/bottle_0784.jpeg,water,annotator1,4,Site0,-1,0.086220174,0.287691579,0.198,0.424362764,0.632453568,0.454578362,0.900293255,0.500275283,0.832844575,0.662692049,0.382209189,0.63791661,
683,right,3,4,remote+doll+coffee+water,Y,./stimuli/A_cropped/remote_doll_coffee_bottle_Y/3/right/coffee_0779.jpeg,coffee,annotator1,15,Site0,-1,0.074489969,0.285005994,0.183574547,0.423405995,0.632453568,0.452888744,0.890518084,0.500278765,0.810361681,0.664750014,0.359726295,0.626280467,
684,right,3,4,remote+doll+coffee+water,Y,./stimuli/A_cropped/remote_doll_coffee_bottle_Y/3/right/coffee_0780.jpeg,coffee,annotator1,18,Site0,-1,0.074489969,0.291148538,0.188,0.427901571,0.632453568,0.454694693,0.900293255,0.500284939,0.832844575,0.668398971,0.359726295,0.642754458,
685,right,3,4,remote+doll+coffee+water,Y,./stimuli/A_cropped/remote_doll_coffee_bottle_Y/3/right/coffee_0781.jpeg,coffee,annotator1,7,Site0,-1,0.076339491,0.276626367,0.191500196,0.416404472,0.635386119,0.442625309,0.900293255,0.444955245,0.832844575,0.66047439,0.359726295,0.602225973,
686,right,3,4,remote+doll+coffee+water,Y,./stimuli/A_cropped/remote_doll_coffee_bottle_Y/3/right/doll_0776.jpeg,doll,annotator1,2,Site0,-1,0.074489969,0.276893436,0.183574547,0.41650442,0.632453568,0.453747874,0.900293255,0.500290894,0.832844575,0.660282525,0.359726295,0.631774925,
687,right,3,4,remote+doll+coffee+water,Y,./stimuli/A_cropped/remote_doll_coffee_bottle_Y/3/right/doll_0777.jpeg,doll,annotator1,3,Site0,-1,0.069602383,0.283922446,0.179,0.422302266,0.632453568,0.45401051,0.890518084,0.500278724,0.810361681,0.664725992,0.359726295,0.639640816,
688,right,3,4,remote+doll+coffee+water,Y,./stimuli/A_cropped/remote_doll_coffee_bottle_Y/3/right/remote.jpeg,remote,annotator1,3,Site0,-1,0.054939627,0.278263903,0.164024205,0.416003381,0.602150538,0.453113585,0.866080156,0.500277434,0.769305963,0.652866358,0.335288368,0.638994638,
689,front,1,2,soccer+basketball,Y,./stimuli/A_cropped/soccer_basketball_Y/1/front/basketball_0512.jpeg,basketball,annotator2,17,Site0,-1,0.372576147,0.204368789,0.544334899,0.423675474,0.810361681,0.751778393,0.335288368,0.751778393,-1.0,-1.0,-1.0,-1.0,
690,front,1,2,soccer+basketball,Y,./stimuli/A_cropped/soccer_basketball_Y/1/front/basketball_0513.jpeg,basketball,annotator2,11,Site0,-1,0.357509048,0.162030102,0.533986553,0.392757739,0.810361681,0.756066701,0.301075269,0.756066701,-1.0,-1.0,-1.0,-1.0,
691,front,1,2,soccer+basketball,Y,./stimuli/A_cropped/soccer_basketball_Y/1/front/basketball_0514.jpeg,basketball,annotator2,9,Site0,-1,0.374531181,0.155663845,0.546289933,0.383835131,0.827956989,0.730250512,0.335288368,0.730250512,-1.0,-1.0,-1.0,-1.0,
692,front,1,2,soccer+basketball,Y,./stimuli/A_cropped/soccer_basketball_Y/1/front/soccer_0509.jpeg,soccer,annotator2,9,Site0,-1,0.37863276,0.193579789,0.55391856,0.420890026,0.810361681,0.760966993,0.301075269,0.760966993,-1.0,-1.0,-1.0,-1.0,
693,front,1,2,soccer+basketball,Y,./stimuli/A_cropped/soccer_basketball_Y/1/front/soccer_0510.jpeg,soccer,annotator2,14,Site0,-1,0.374304186,0.1953978,0.54260686,0.419359795,0.788856305,0.748558039,0.284457478,0.748558039,-1.0,-1.0,-1.0,-1.0,
694,front,1,2,soccer+basketball,Y,./stimuli/A_cropped/soccer_basketball_Y/1/front/soccer_0511.jpeg,soccer,annotator2,13,Site0,-1,0.379610277,0.189235957,0.554896077,0.419768558,0.810361681,0.764666477,0.301075269,0.764666477,-1.0,-1.0,-1.0,-1.0,
695,left,1,2,soccer+basketball,Y,./stimuli/A_cropped/soccer_basketball_Y/1/left/basketball_0494.jpeg,basketball,annotator2,16,Site0,-1,0.743130492,0.275507469,0.879547905,0.44983168,0.1485826,0.60566711,0.105571848,0.532031493,-1.0,-1.0,-1.0,-1.0,
696,left,1,2,soccer+basketball,Y,./stimuli/A_cropped/soccer_basketball_Y/1/left/basketball_0495.jpeg,basketball,annotator2,0,Site0,-1,0.690661616,0.239351621,0.822534865,0.409246314,0.109481916,0.568351476,0.064516129,0.500419334,-1.0,-1.0,-1.0,-1.0,
697,left,1,2,soccer+basketball,Y,./stimuli/A_cropped/soccer_basketball_Y/1/left/basketball_0496.jpeg,basketball,annotator2,14,Site0,-1,0.687297954,0.251435838,0.812213287,0.42106295,0.109481916,0.584728866,0.064516129,0.50043901,-1.0,-1.0,-1.0,-1.0,
698,left,1,2,soccer+basketball,Y,./stimuli/A_cropped/soccer_basketball_Y/1/left/soccer_0493.jpeg,soccer,annotator2,18,Site0,-1,0.710872428,0.281481929,0.84728984,0.459555122,0.109481916,0.62589473,0.078201369,0.53550877,-1.0,-1.0,-1.0,-1.0,
699,right,1,2,soccer+basketball,Y,./stimuli/A_cropped/soccer_basketball_Y/1/right/basketball_0530.jpeg,basketball,annotator2,17,Site0,-1,0.176487618,0.343320299,0.308360867,0.50373266,0.902248289,0.586070197,0.866080156,0.67723863,-1.0,-1.0,-1.0,-1.0,
700,right,1,2,soccer+basketball,Y,./stimuli/A_cropped/soccer_basketball_Y/1/right/basketball_0531.jpeg,basketball,annotator2,11,Site0,-1,0.201471952,0.319378135,0.33,0.478009229,0.935483871,0.581465912,0.88856305,0.665637334,-1.0,-1.0,-1.0,-1.0,
701,right,1,2,soccer+basketball,Y,./stimuli/A_cropped/soccer_basketball_Y/1/right/basketball_0532.jpeg,basketball,annotator2,12,Site0,-1,0.199516918,0.323182958,0.331,0.483819472,0.935483871,0.582495807,0.884652981,0.67990783,-1.0,-1.0,-1.0,-1.0,
702,right,1,2,soccer+basketball,Y,./stimuli/A_cropped/soccer_basketball_Y/1/right/soccer_0527.jpeg,soccer,annotator2,4,Site0,-1,0.168236371,0.321057229,0.299,0.48589526,0.923753666,0.58465352,0.884652981,0.672118412,-1.0,-1.0,-1.0,-1.0,
703,right,1,2,soccer+basketball,Y,./stimuli/A_cropped/soccer_basketball_Y/1/right/soccer_0528.jpeg,soccer,annotator2,2,Site0,-1,0.172146439,0.349497367,0.299,0.513300091,0.935483871,0.61979625,0.884652981,0.701708215,-1.0,-1.0,-1.0,-1.0,
704,right,1,2,soccer+basketball,Y,./stimuli/A_cropped/soccer_basketball_Y/1/right/soccer_0529.jpeg,soccer,annotator2,6,Site0,-1,0.172146439,0.330358086,0.299,0.49516555,0.935483871,0.582374729,0.884652981,0.679643782,-1.0,-1.0,-1.0,-1.0,
705,front,2,2,soccer+basketball,Y,./stimuli/A_cropped/soccer_basketball_Y/2/front/basketball_0518.jpeg,basketball,annotator2,11,Site0,-1,0.442908406,0.314690369,0.558069111,0.465188506,0.866080156,0.693014221,0.105571848,0.693014221,-1.0,-1.0,-1.0,-1.0,
706,front,2,2,soccer+basketball,Y,./stimuli/A_cropped/soccer_basketball_Y/2/front/basketball_0519.jpeg,basketball,annotator2,7,Site0,-1,0.438031092,0.308672329,0.562946425,0.462612091,0.884652981,0.69477076,0.105571848,0.69477076,-1.0,-1.0,-1.0,-1.0,
707,front,2,2,soccer+basketball,Y,./stimuli/A_cropped/soccer_basketball_Y/2/front/basketball_0520.jpeg,basketball,annotator2,16,Site0,-1,0.441726,0.309815257,0.559251518,0.459322003,0.884652981,0.694358803,0.105571848,0.681204231,-1.0,-1.0,-1.0,-1.0,
708,front,2,2,soccer+basketball,Y,./stimuli/A_cropped/soccer_basketball_Y/2/front/soccer_0515.jpeg,soccer,annotator2,14,Site0,-1,0.452683577,0.304984817,0.567844282,0.457760482,0.884652981,0.685166205,0.105571848,0.685166205,-1.0,-1.0,-1.0,-1.0,
709,front,2,2,soccer+basketball,Y,./stimuli/A_cropped/soccer_basketball_Y/2/front/soccer_0516.jpeg,soccer,annotator2,15,Site0,-1,0.460503714,0.322776248,0.575664419,0.472446478,0.884652981,0.694571333,0.109481916,0.694571333,-1.0,-1.0,-1.0,-1.0,
710,front,2,2,soccer+basketball,Y,./stimuli/A_cropped/soccer_basketball_Y/2/front/soccer_0517.jpeg,soccer,annotator2,17,Site0,-1,0.470241894,0.336570138,0.581566513,0.48714619,0.884652981,0.701126738,0.11827957,0.701126738,-1.0,-1.0,-1.0,-1.0,
711,left,2,2,soccer+basketball,Y,./stimuli/A_cropped/soccer_basketball_Y/2/left/basketball_0500.jpeg,basketball,annotator2,15,Site0,-1,0.713144509,0.299930604,0.845017759,0.468151065,0.109481916,0.65930128,0.1485826,0.533076877,-1.0,-1.0,-1.0,-1.0,
712,left,2,2,soccer+basketball,Y,./stimuli/A_cropped/soccer_basketball_Y/2/left/basketball_0501.jpeg,basketball,annotator2,8,Site0,-1,0.711735882,0.306063211,0.836651215,0.474271224,0.109481916,0.659527615,0.134897361,0.535650641,-1.0,-1.0,-1.0,-1.0,
713,left,2,2,soccer+basketball,Y,./stimuli/A_cropped/soccer_basketball_Y/2/left/basketball_0502.jpeg,basketball,annotator2,14,Site0,-1,0.713144509,0.296896771,0.845017759,0.468324135,0.109481916,0.643567006,0.1485826,0.535584985,-1.0,-1.0,-1.0,-1.0,
714,left,2,2,soccer+basketball,Y,./stimuli/A_cropped/soccer_basketball_Y/2/left/soccer_0497.jpeg,soccer,annotator2,16,Site0,-1,0.709471769,0.286539012,0.848690499,0.463852066,0.109481916,0.648496155,0.140762463,0.536806739,-1.0,-1.0,-1.0,-1.0,
715,left,2,2,soccer+basketball,Y,./stimuli/A_cropped/soccer_basketball_Y/2/left/soccer_0498.jpeg,soccer,annotator2,5,Site0,-1,0.726568306,0.269612723,0.876559749,0.449999642,0.109481916,0.631925013,0.134897361,0.500375855,-1.0,-1.0,-1.0,-1.0,
716,left,2,2,soccer+basketball,Y,./stimuli/A_cropped/soccer_basketball_Y/2/left/soccer_0499.jpeg,soccer,annotator2,0,Site0,-1,0.736390344,0.315296109,0.878467916,0.499604044,0.109481916,0.711597542,0.1485826,0.574116743,-1.0,-1.0,-1.0,-1.0,
717,right,2,2,soccer+basketball,Y,./stimuli/A_cropped/soccer_basketball_Y/2/right/basketball_0536.jpeg,basketball,annotator2,2,Site0,-1,0.21265575,0.36589524,0.344529,0.540536244,0.89540567,0.623468231,0.884652981,0.739549473,-1.0,-1.0,-1.0,-1.0,
718,right,2,2,soccer+basketball,Y,./stimuli/A_cropped/soccer_basketball_Y/2/right/basketball_0537.jpeg,basketball,annotator2,19,Site0,-1,0.210700716,0.368638566,0.342573966,0.543294389,0.89540567,0.627733607,0.866080156,0.747825032,-1.0,-1.0,-1.0,-1.0,
719,right,2,2,soccer+basketball,Y,./stimuli/A_cropped/soccer_basketball_Y/2/right/basketball_0538.jpeg,basketball,annotator2,14,Site0,-1,0.19,0.390651643,0.326243624,0.563076608,0.884652981,0.644504399,0.866080156,0.771182796,-1.0,-1.0,-1.0,-1.0,
720,right,2,2,soccer+basketball,Y,./stimuli/A_cropped/soccer_basketball_Y/2/right/soccer_0533.jpeg,soccer,annotator2,14,Site0,-1,0.238617602,0.35632576,0.363532935,0.527285266,0.935483871,0.605025554,0.900293255,0.71865976,-1.0,-1.0,-1.0,-1.0,
721,right,2,2,soccer+basketball,Y,./stimuli/A_cropped/soccer_basketball_Y/2/right/soccer_0534.jpeg,soccer,annotator2,14,Site0,-1,0.168667481,0.338640891,0.30854073,0.520252789,0.900293255,0.620800776,0.866080156,0.734374155,-1.0,-1.0,-1.0,-1.0,
722,right,2,2,soccer+basketball,Y,./stimuli/A_cropped/soccer_basketball_Y/2/right/soccer_0535.jpeg,soccer,annotator2,19,Site0,-1,0.184307754,0.35240696,0.316181004,0.530431453,0.900293255,0.621667802,0.866080156,0.750614875,-1.0,-1.0,-1.0,-1.0,
723,front,3,2,soccer+basketball,Y,./stimuli/A_cropped/soccer_basketball_Y/3/front/basketball_0524.jpeg,basketball,annotator2,1,Site0,-1,0.441539749,0.39573102,0.547707563,0.527948486,0.900293255,0.695391942,0.105571848,0.682193661,-1.0,-1.0,-1.0,-1.0,
724,front,3,2,soccer+basketball,Y,./stimuli/A_cropped/soccer_basketball_Y/3/front/basketball_0525.jpeg,basketball,annotator2,15,Site0,-1,0.456015734,0.418541651,0.558647022,0.54997167,0.900293255,0.714762915,0.109481916,0.702287061,-1.0,-1.0,-1.0,-1.0,
725,front,3,2,soccer+basketball,Y,./stimuli/A_cropped/soccer_basketball_Y/3/front/basketball_0526.jpeg,basketball,annotator2,5,Site0,-1,0.447404851,0.413567455,0.553572666,0.545335138,0.900293255,0.715314674,0.109481916,0.702806768,-1.0,-1.0,-1.0,-1.0,
726,front,3,2,soccer+basketball,Y,./stimuli/A_cropped/soccer_basketball_Y/3/front/soccer_0521.jpeg,soccer,annotator2,12,Site0,-1,0.450834055,0.391188627,0.559918633,0.530695154,0.923753666,0.691356637,0.109481916,0.703158368,-1.0,-1.0,-1.0,-1.0,
727,front,3,2,soccer+basketball,Y,./stimuli/A_cropped/soccer_basketball_Y/3/front/soccer_0522.jpeg,soccer,annotator2,3,Site0,-1,0.445946469,0.379633512,0.555031048,0.518854792,0.923753666,0.690965372,0.099706745,0.665727658,-1.0,-1.0,-1.0,-1.0,
728,front,3,2,soccer+basketball,Y,./stimuli/A_cropped/soccer_basketball_Y/3/front/soccer_0523.jpeg,soccer,annotator2,6,Site0,-1,0.457894524,0.397298527,0.562633335,0.529455179,0.923753666,0.687521526,0.109481916,0.687521526,-1.0,-1.0,-1.0,-1.0,
729,left,3,2,soccer+basketball,Y,./stimuli/A_cropped/soccer_basketball_Y/3/left/basketball_0506.jpeg,basketball,annotator2,4,Site0,-1,0.66797923,0.254720652,0.829576977,0.456868876,0.109481916,0.737396363,0.109481916,0.500401686,-1.0,-1.0,-1.0,-1.0,
730,left,3,2,soccer+basketball,Y,./stimuli/A_cropped/soccer_basketball_Y/3/left/basketball_0507.jpeg,basketball,annotator2,8,Site0,-1,0.659119626,0.220019976,0.809111068,0.415622729,0.109481916,0.724564731,0.109481916,0.500407558,-1.0,-1.0,-1.0,-1.0,
731,left,3,2,soccer+basketball,Y,./stimuli/A_cropped/soccer_basketball_Y/3/left/basketball_0508.jpeg,basketball,annotator2,14,Site0,-1,0.66797923,0.212871594,0.829576977,0.418887441,0.105571848,0.737070164,0.10459433,0.500401134,-1.0,-1.0,-1.0,-1.0,
732,left,3,2,soccer+basketball,Y,./stimuli/A_cropped/soccer_basketball_Y/3/left/soccer_0503.jpeg,soccer,annotator2,5,Site0,-1,0.646411903,0.219943662,0.796403346,0.411745981,0.109481916,0.698357377,0.109481916,0.468281756,-1.0,-1.0,-1.0,-1.0,
733,left,3,2,soccer+basketball,Y,./stimuli/A_cropped/soccer_basketball_Y/3/left/soccer_0504.jpeg,soccer,annotator2,6,Site0,-1,0.661422966,0.199140232,0.816582899,0.403799651,0.109481916,0.703932237,0.10459433,0.469837837,-1.0,-1.0,-1.0,-1.0,
734,left,3,2,soccer+basketball,Y,./stimuli/A_cropped/soccer_basketball_Y/3/left/soccer_0505.jpeg,soccer,annotator2,18,Site0,-1,0.664069162,0.201358483,0.825666908,0.39746639,0.109481916,0.69541111,0.109481916,0.449529581,-1.0,-1.0,-1.0,-1.0,
735,right,3,2,soccer+basketball,Y,./stimuli/A_cropped/soccer_basketball_Y/3/right/basketball_0542.jpeg,basketball,annotator2,14,Site0,-1,0.18508578,0.260515662,0.34,0.448777473,0.942326491,0.500414112,0.671554252,0.744740395,-1.0,-1.0,-1.0,-1.0,
736,right,3,2,soccer+basketball,Y,./stimuli/A_cropped/soccer_basketball_Y/3/right/basketball_0543.jpeg,basketball,annotator2,14,Site0,-1,0.194845867,0.315538272,0.336923439,0.500095844,0.935483871,0.567990134,0.671554252,0.801575869,-1.0,-1.0,-1.0,-1.0,
737,right,3,2,soccer+basketball,Y,./stimuli/A_cropped/soccer_basketball_Y/3/right/basketball_0544.jpeg,basketball,annotator2,18,Site0,-1,0.212394308,0.300661032,0.362385751,0.479844484,0.942326491,0.540092166,0.671554252,0.775785505,-1.0,-1.0,-1.0,-1.0,
738,right,3,2,soccer+basketball,Y,./stimuli/A_cropped/soccer_basketball_Y/3/right/soccer_0539.jpeg,soccer,annotator2,9,Site0,-1,0.229273541,0.295021569,0.361146791,0.467575789,0.923753666,0.532577334,0.671554252,0.770728881,-1.0,-1.0,-1.0,-1.0,
739,right,3,2,soccer+basketball,Y,./stimuli/A_cropped/soccer_basketball_Y/3/right/soccer_0540.jpeg,soccer,annotator2,8,Site0,-1,0.213418692,0.292737298,0.355496264,0.475944366,0.923753666,0.539896368,0.671554252,0.791364385,-1.0,-1.0,-1.0,-1.0,
740,right,3,2,soccer+basketball,Y,./stimuli/A_cropped/soccer_basketball_Y/3/right/soccer_0541.jpeg,soccer,annotator2,7,Site0,-1,0.201688487,0.306394544,0.343766059,0.490191845,0.923753666,0.557035581,0.671554252,0.788368708,-1.0,-1.0,-1.0,-1.0,
741,front,1,2,soccer+coffee,Y,./stimuli/A_cropped/soccer_coffee_Y/1/front/IMG_0456.jpeg,soccer,annotator2,11,Site0,-1,0.362798249,0.192586055,0.552144874,0.42715979,0.664038264,0.811339198,0.31072508,0.884652981,-1.0,-1.0,-1.0,-1.0,
742,front,1,2,soccer+coffee,Y,./stimuli/A_cropped/soccer_coffee_Y/1/front/IMG_0457.jpeg,soccer,annotator2,10,Site0,-1,0.407964056,0.206290808,0.593013461,0.430407064,0.721407625,0.796525516,0.359726295,0.873108484,-1.0,-1.0,-1.0,-1.0,
743,front,1,2,soccer+coffee,Y,./stimuli/A_cropped/soccer_coffee_Y/1/front/IMG_0458.jpeg,soccer,annotator2,10,Site0,-1,0.450914718,0.167039142,0.642918011,0.409695951,0.780076478,0.788856305,0.363989934,0.884652981,-1.0,-1.0,-1.0,-1.0,
744,front,1,2,soccer+coffee,Y,./stimuli/A_cropped/soccer_coffee_Y/1/front/IMG_0459.jpeg,coffee,annotator2,1,Site0,-1,0.412250006,0.202049121,0.588727511,0.419711606,0.721407625,0.782961278,0.359726295,0.858609133,-1.0,-1.0,-1.0,-1.0,
745,front,1,2,soccer+coffee,Y,./stimuli/A_cropped/soccer_coffee_Y/1/front/IMG_0460.jpeg,coffee,annotator2,16,Site0,-1,0.380973689,0.19725859,0.568050696,0.422487256,0.717848619,0.788856305,0.337936016,0.884652981,-1.0,-1.0,-1.0,-1.0,
746,front,1,2,soccer+coffee,Y,./stimuli/A_cropped/soccer_coffee_Y/1/front/IMG_0461.jpeg,coffee,annotator2,13,Site0,-1,0.405823591,0.18769847,0.595110806,0.422272205,0.757426564,0.832844575,0.342553989,0.900293255,-1.0,-1.0,-1.0,-1.0,
747,left,1,2,soccer+coffee,Y,./stimuli/A_cropped/soccer_coffee_Y/1/left/IMG_0438.jpeg,soccer,annotator2,14,Site0,-1,0.816906317,0.301469002,0.923074132,0.441199619,0.405669599,0.570747801,0.440860215,0.545087977,-1.0,-1.0,-1.0,-1.0,
748,left,1,2,soccer+coffee,Y,./stimuli/A_cropped/soccer_coffee_Y/1/left/IMG_0439.jpeg,soccer,annotator2,13,Site0,-1,0.812996249,0.319192161,0.919164064,0.45426825,0.405669599,0.576612903,0.450635386,0.552419355,-1.0,-1.0,-1.0,-1.0,
749,left,1,2,soccer+coffee,Y,./stimuli/A_cropped/soccer_coffee_Y/1/left/IMG_0440.jpeg,soccer,annotator2,13,Site0,-1,0.800288527,0.31850935,0.906456341,0.449085958,0.405669599,0.576612903,0.450635386,0.545087977,-1.0,-1.0,-1.0,-1.0,
750,left,1,2,soccer+coffee,Y,./stimuli/A_cropped/soccer_coffee_Y/1/left/IMG_0441.jpeg,coffee,annotator2,0,Site0,-1,0.701214812,0.311322726,0.862812558,0.507764094,0.099706745,0.705062224,0.1485826,0.655945524,-1.0,-1.0,-1.0,-1.0,
751,left,1,2,soccer+coffee,Y,./stimuli/A_cropped/soccer_coffee_Y/1/left/IMG_0442.jpeg,coffee,annotator2,10,Site0,-1,0.713922534,0.268277764,0.875520281,0.475685311,0.099706745,0.673248961,0.165200391,0.64174915,-1.0,-1.0,-1.0,-1.0,
752,left,1,2,soccer+coffee,Y,./stimuli/A_cropped/soccer_coffee_Y/1/left/IMG_0443.jpeg,coffee,annotator2,12,Site0,-1,0.704433719,0.283334263,0.859593651,0.479614515,0.105571848,0.679439702,0.172043011,0.628800277,-1.0,-1.0,-1.0,-1.0,
753,right,1,2,soccer+coffee,Y,./stimuli/A_cropped/soccer_coffee_Y/1/right/IMG_0474.jpeg,soccer,annotator2,12,Site0,-1,0.174215536,0.30483747,0.310632949,0.480327905,0.923753666,0.590124123,0.832844575,0.669938844,-1.0,-1.0,-1.0,-1.0,
754,right,1,2,soccer+coffee,Y,./stimuli/A_cropped/soccer_coffee_Y/1/right/IMG_0475.jpeg,soccer,annotator2,6,Site0,-1,0.175248658,0.314994934,0.312,0.48972279,0.923753666,0.59219773,0.832844575,0.684055247,-1.0,-1.0,-1.0,-1.0,
755,right,1,2,soccer+coffee,Y,./stimuli/A_cropped/soccer_coffee_Y/1/right/IMG_0476.jpeg,soccer,annotator2,6,Site0,-1,0.155723838,0.284542124,0.295889065,0.465585897,0.913000978,0.561044673,0.832844575,0.658463116,-1.0,-1.0,-1.0,-1.0,
756,right,1,2,soccer+coffee,Y,./stimuli/A_cropped/soccer_coffee_Y/1/right/IMG_0477.jpeg,coffee,annotator2,6,Site0,-1,0.136147974,0.316651811,0.286139416,0.498789989,0.923753666,0.5922791,0.832844575,0.687622819,-1.0,-1.0,-1.0,-1.0,
757,right,1,2,soccer+coffee,Y,./stimuli/A_cropped/soccer_coffee_Y/1/right/IMG_0478.jpeg,coffee,annotator2,10,Site0,-1,0.142990593,0.289430904,0.292982036,0.47062261,0.923753666,0.566159387,0.845552297,0.661758119,-1.0,-1.0,-1.0,-1.0,
758,right,1,2,soccer+coffee,Y,./stimuli/A_cropped/soccer_coffee_Y/1/right/IMG_0479.jpeg,coffee,annotator2,4,Site0,-1,0.138103008,0.307628274,0.288094451,0.491928709,0.942326491,0.589049275,0.845552297,0.681055905,-1.0,-1.0,-1.0,-1.0,
759,front,2,2,soccer+coffee,Y,./stimuli/A_cropped/soccer_coffee_Y/2/front/IMG_0462.jpeg,soccer,annotator2,5,Site0,-1,0.397943427,0.297421328,0.554158235,0.48953387,0.866080156,0.743068491,0.105571848,0.854937576,-1.0,-1.0,-1.0,-1.0,
760,front,2,2,soccer+coffee,Y,./stimuli/A_cropped/soccer_coffee_Y/2/front/IMG_0463.jpeg,soccer,annotator2,7,Site0,-1,0.445043379,0.299408484,0.595034822,0.482097553,0.884652981,0.724965038,0.165200391,0.804140551,-1.0,-1.0,-1.0,-1.0,
761,front,2,2,soccer+coffee,Y,./stimuli/A_cropped/soccer_coffee_Y/2/front/IMG_0464.jpeg,soccer,annotator2,4,Site0,-1,0.422908792,0.295251758,0.578068725,0.485172073,0.884652981,0.742910918,0.1485826,0.805646966,-1.0,-1.0,-1.0,-1.0,
762,front,2,2,soccer+coffee,Y,./stimuli/A_cropped/soccer_coffee_Y/2/front/IMG_0465.jpeg,coffee,annotator2,0,Site0,-1,0.422908792,0.279479542,0.578068725,0.472159501,0.884652981,0.721724057,0.11827957,0.799758919,-1.0,-1.0,-1.0,-1.0,
763,front,2,2,soccer+coffee,Y,./stimuli/A_cropped/soccer_coffee_Y/2/front/IMG_0466.jpeg,coffee,annotator2,17,Site0,-1,0.419689885,0.266591221,0.581287632,0.461531352,0.884652981,0.715388149,0.11827957,0.791193116,-1.0,-1.0,-1.0,-1.0,
764,front,2,2,soccer+coffee,Y,./stimuli/A_cropped/soccer_coffee_Y/2/front/IMG_0467.jpeg,coffee,annotator2,11,Site0,-1,0.40795968,0.267389093,0.569557426,0.464720281,0.866080156,0.734901127,0.109481916,0.797700413,-1.0,-1.0,-1.0,-1.0,
765,left,2,2,soccer+coffee,Y,./stimuli/A_cropped/soccer_coffee_Y/2/left/IMG_0444.jpeg,soccer,annotator2,16,Site0,-1,0.724507938,0.313232454,0.878620117,0.509072309,0.099706745,0.725360268,0.172043011,0.633843408,-1.0,-1.0,-1.0,-1.0,
766,left,2,2,soccer+coffee,Y,./stimuli/A_cropped/soccer_coffee_Y/2/left/IMG_0445.jpeg,soccer,annotator2,1,Site0,-1,0.717141441,0.309714345,0.872301374,0.504341829,0.105571848,0.712148264,0.188660802,0.625996685,-1.0,-1.0,-1.0,-1.0,
767,left,2,2,soccer+coffee,Y,./stimuli/A_cropped/soccer_coffee_Y/2/left/IMG_0446.jpeg,soccer,annotator2,8,Site0,-1,0.72168072,0.293220653,0.871672163,0.491308615,0.109481916,0.706836888,0.188660802,0.610738443,-1.0,-1.0,-1.0,-1.0,
768,left,2,2,soccer+coffee,Y,./stimuli/A_cropped/soccer_coffee_Y/2/left/IMG_0447.jpeg,coffee,annotator2,0,Site0,-1,0.716793135,0.271622232,0.866784578,0.464601285,0.109481916,0.692008238,0.203323558,0.587549744,-1.0,-1.0,-1.0,-1.0,
769,left,2,2,soccer+coffee,Y,./stimuli/A_cropped/soccer_coffee_Y/2/left/IMG_0448.jpeg,coffee,annotator2,1,Site0,-1,0.699244694,0.330380675,0.841322266,0.508329002,0.105571848,0.711827957,0.188660802,0.627956989,-1.0,-1.0,-1.0,-1.0,
770,left,2,2,soccer+coffee,Y,./stimuli/A_cropped/soccer_coffee_Y/2/left/IMG_0449.jpeg,coffee,annotator2,19,Site0,-1,0.705109797,0.290264432,0.847187368,0.476049669,0.105571848,0.699320326,0.188660802,0.59803232,-1.0,-1.0,-1.0,-1.0,
771,right,2,2,soccer+coffee,Y,./stimuli/A_cropped/soccer_coffee_Y/2/right/IMG_0480.jpeg,soccer,annotator2,3,Site0,-1,0.19603796,0.308385741,0.327911209,0.504923282,0.923753666,0.593345489,0.764418377,0.759871238,-1.0,-1.0,-1.0,-1.0,
772,right,2,2,soccer+coffee,Y,./stimuli/A_cropped/soccer_coffee_Y/2/right/IMG_0481.jpeg,soccer,annotator2,10,Site0,-1,0.184307754,0.397455675,0.319,0.563677323,0.923753666,0.675694712,0.744868035,0.824817086,-1.0,-1.0,-1.0,-1.0,
773,right,2,2,soccer+coffee,Y,./stimuli/A_cropped/soccer_coffee_Y/2/right/IMG_0482.jpeg,soccer,annotator2,19,Site0,-1,0.182035673,0.357188152,0.318453085,0.525252263,0.935483871,0.629759165,0.764418377,0.79094149,-1.0,-1.0,-1.0,-1.0,
774,right,2,2,soccer+coffee,Y,./stimuli/A_cropped/soccer_coffee_Y/2/right/IMG_0483.jpeg,coffee,annotator2,10,Site0,-1,0.193105408,0.349708809,0.324978658,0.51881473,0.935483871,0.61955502,0.769305963,0.772149462,-1.0,-1.0,-1.0,-1.0,
775,right,2,2,soccer+coffee,Y,./stimuli/A_cropped/soccer_coffee_Y/2/right/IMG_0484.jpeg,coffee,annotator2,17,Site0,-1,0.21,0.353421305,0.325266107,0.5229608,0.935483871,0.61986155,0.769305963,0.77967695,-1.0,-1.0,-1.0,-1.0,
776,right,2,2,soccer+coffee,Y,./stimuli/A_cropped/soccer_coffee_Y/2/right/IMG_0485.jpeg,coffee,annotator2,10,Site0,-1,0.194082925,0.371167583,0.325956175,0.536949635,0.923753666,0.638515021,0.749755621,0.798100906,-1.0,-1.0,-1.0,-1.0,
777,front,3,2,soccer+coffee,Y,./stimuli/A_cropped/soccer_coffee_Y/3/front/IMG_0468.jpeg,soccer,annotator2,4,Site0,-1,0.459489206,0.397835783,0.570813824,0.541639137,0.900293255,0.677080803,0.10459433,0.739403657,-1.0,-1.0,-1.0,-1.0,
778,front,3,2,soccer+coffee,Y,./stimuli/A_cropped/soccer_coffee_Y/3/front/IMG_0469.jpeg,soccer,annotator2,6,Site0,-1,0.462458748,0.389543882,0.577619453,0.531159129,0.923753666,0.681698497,0.10459433,0.727907533,-1.0,-1.0,-1.0,-1.0,
779,front,3,2,soccer+coffee,Y,./stimuli/A_cropped/soccer_coffee_Y/3/front/IMG_0470.jpeg,soccer,annotator2,4,Site0,-1,0.471361914,0.408367458,0.580446492,0.546192847,0.923753666,0.713330518,0.109481916,0.735755303,-1.0,-1.0,-1.0,-1.0,
780,front,3,2,soccer+coffee,Y,./stimuli/A_cropped/soccer_coffee_Y/3/front/IMG_0471.jpeg,coffee,annotator2,14,Site0,-1,0.463541777,0.392075518,0.572626356,0.532622653,0.923753666,0.692784006,0.10459433,0.726188577,-1.0,-1.0,-1.0,-1.0,
781,front,3,2,soccer+coffee,Y,./stimuli/A_cropped/soccer_coffee_Y/3/front/IMG_0472.jpeg,coffee,annotator2,4,Site0,-1,0.463541777,0.382079326,0.572626356,0.520414781,0.923753666,0.683429594,0.109481916,0.715213283,-1.0,-1.0,-1.0,-1.0,
782,front,3,2,soccer+coffee,Y,./stimuli/A_cropped/soccer_coffee_Y/3/front/IMG_0473.jpeg,coffee,annotator2,18,Site0,-1,0.460609226,0.378700252,0.569693804,0.515993638,0.923753666,0.661232929,0.105571848,0.714704426,-1.0,-1.0,-1.0,-1.0,
783,left,3,2,soccer+coffee,Y,./stimuli/A_cropped/soccer_coffee_Y/3/left/IMG_0450.jpeg,soccer,annotator2,15,Site0,-1,0.608637043,0.223992454,0.763796975,0.425667239,0.1485826,0.742579806,0.172043011,0.54130028,-1.0,-1.0,-1.0,-1.0,
784,left,3,2,soccer+coffee,Y,./stimuli/A_cropped/soccer_coffee_Y/3/left/IMG_0451.jpeg,soccer,annotator2,17,Site0,-1,0.569995901,0.316222025,0.694911235,0.481612186,0.188660802,0.747883779,0.211143695,0.568367269,-1.0,-1.0,-1.0,-1.0,
785,left,3,2,soccer+coffee,Y,./stimuli/A_cropped/soccer_coffee_Y/3/left/IMG_0452.jpeg,soccer,annotator2,17,Site0,-1,0.578247148,0.28270768,0.710120398,0.453713433,0.188660802,0.74113796,0.211143695,0.540393668,-1.0,-1.0,-1.0,-1.0,
786,left,3,2,soccer+coffee,Y,./stimuli/A_cropped/soccer_coffee_Y/3/left/IMG_0453.jpeg,coffee,annotator2,8,Site0,-1,0.595411346,0.254463971,0.720326679,0.420775298,0.188660802,0.715523031,0.219941349,0.520666592,-1.0,-1.0,-1.0,-1.0,
787,left,3,2,soccer+coffee,Y,./stimuli/A_cropped/soccer_coffee_Y/3/left/IMG_0454.jpeg,coffee,annotator2,16,Site0,-1,0.575,0.291339351,0.69003392,0.45,0.219941349,0.728546637,0.230694037,0.547565544,-1.0,-1.0,-1.0,-1.0,
788,left,3,2,soccer+coffee,Y,./stimuli/A_cropped/soccer_coffee_Y/3/left/IMG_0455.jpeg,coffee,annotator2,3,Site0,-1,0.562165493,0.316345992,0.677326198,0.473273054,0.188660802,0.740029235,0.230694037,0.566200956,-1.0,-1.0,-1.0,-1.0,
789,right,3,2,soccer+coffee,Y,./stimuli/A_cropped/soccer_coffee_Y/3/right/IMG_0486.jpeg,soccer,annotator2,5,Site0,-1,0.233532849,0.279789106,0.367,0.456227281,0.923753666,0.500398767,0.579667644,0.818614664,-1.0,-1.0,-1.0,-1.0,
790,right,3,2,soccer+coffee,Y,./stimuli/A_cropped/soccer_coffee_Y/3/right/IMG_0487.jpeg,soccer,annotator2,16,Site0,-1,0.213418692,0.270027066,0.355496264,0.450188771,0.923753666,0.500396295,0.579667644,0.816639585,-1.0,-1.0,-1.0,-1.0,
791,right,3,2,soccer+coffee,Y,./stimuli/A_cropped/soccer_coffee_Y/3/right/IMG_0488.jpeg,soccer,annotator2,9,Site0,-1,0.201688487,0.270187875,0.343766059,0.453826462,0.913000978,0.500393142,0.579667644,0.821983274,-1.0,-1.0,-1.0,-1.0,
792,right,3,2,soccer+coffee,Y,./stimuli/A_cropped/soccer_coffee_Y/3/right/IMG_0489.jpeg,coffee,annotator2,2,Site0,-1,0.175248658,0.257027278,0.325240101,0.442583313,0.923753666,0.500402667,0.565004888,0.821730748,-1.0,-1.0,-1.0,-1.0,
793,right,3,2,soccer+coffee,Y,./stimuli/A_cropped/soccer_coffee_Y/3/right/IMG_0490.jpeg,coffee,annotator2,9,Site0,-1,0.213418692,0.293076886,0.355496264,0.473221995,0.923753666,0.535421598,0.579667644,0.851365968,-1.0,-1.0,-1.0,-1.0,
794,right,3,2,soccer+coffee,Y,./stimuli/A_cropped/soccer_coffee_Y/3/right/IMG_0491.jpeg,coffee,annotator2,16,Site0,-1,0.191474201,0.277554818,0.343,0.463854969,0.923753666,0.520772001,0.579667644,0.838710787,-1.0,-1.0,-1.0,-1.0,
795,front,1,2,soccer+doll,X,./stimuli/A_cropped/soccer_doll_X/1/front/doll_0116.JPG,doll,annotator2,8,Site0,-1,0.354980839,0.201868545,0.526739591,0.423219891,0.769305963,0.787756798,0.405669599,0.787756798,-1.0,-1.0,-1.0,-1.0,
796,front,1,2,soccer+doll,X,./stimuli/A_cropped/soccer_doll_X/1/front/doll_0117.JPG,doll,annotator2,4,Site0,-1,0.37081403,0.198530889,0.532411776,0.418095779,0.769305963,0.770374271,0.407624633,0.752074828,-1.0,-1.0,-1.0,-1.0,
797,front,1,2,soccer+doll,X,./stimuli/A_cropped/soccer_doll_X/1/front/soccer_0114.JPG,soccer,annotator2,2,Site0,-1,0.394081523,0.209578347,0.565840276,0.43727686,0.788856305,0.771050094,0.440860215,0.771050094,-1.0,-1.0,-1.0,-1.0,
798,front,1,2,soccer+doll,X,./stimuli/A_cropped/soccer_doll_X/1/front/soccer_0115.JPG,soccer,annotator2,10,Site0,-1,0.396609732,0.19801428,0.573087237,0.441954083,0.810361681,0.780710683,0.440860215,0.780710683,-1.0,-1.0,-1.0,-1.0,
799,left,1,2,soccer+doll,X,./stimuli/A_cropped/soccer_doll_X/1/left/doll_0108.JPG,doll,annotator2,18,Site0,-1,0.68850709,0.268194862,0.850104836,0.498889436,0.109481916,0.776333786,0.188660802,0.609965427,-1.0,-1.0,-1.0,-1.0,
800,left,1,2,soccer+doll,X,./stimuli/A_cropped/soccer_doll_X/1/left/doll_0109.JPG,doll,annotator2,17,Site0,-1,0.664007211,0.279438809,0.813998654,0.492221537,0.105571848,0.770904711,0.165200391,0.607804958,-1.0,-1.0,-1.0,-1.0,
801,left,1,2,soccer+doll,X,./stimuli/A_cropped/soccer_doll_X/1/left/doll_0112.JPG,doll,annotator2,7,Site0,-1,0.674759899,0.236953799,0.824751342,0.464468268,0.099706745,0.782187157,0.188660802,0.585497835,-1.0,-1.0,-1.0,-1.0,
802,left,1,2,soccer+doll,X,./stimuli/A_cropped/soccer_doll_X/1/left/doll_0113.JPG,doll,annotator2,19,Site0,-1,0.664007211,0.251757716,0.813998654,0.469770368,0.105571848,0.786802273,0.188660802,0.576559943,-1.0,-1.0,-1.0,-1.0,
803,left,1,2,soccer+doll,X,./stimuli/A_cropped/soccer_doll_X/1/left/soccer_0106.JPG,soccer,annotator2,4,Site0,-1,0.67893141,0.298998287,0.81080466,0.510454971,0.105571848,0.785820113,0.188660802,0.607133127,-1.0,-1.0,-1.0,-1.0,
804,left,1,2,soccer+doll,X,./stimuli/A_cropped/soccer_doll_X/1/left/soccer_0107.JPG,soccer,annotator2,18,Site0,-1,0.664069162,0.27185945,0.825666908,0.488349211,0.105571848,0.757567669,0.188660802,0.60249756,-1.0,-1.0,-1.0,-1.0,
805,left,1,2,soccer+doll,X,./stimuli/A_cropped/soccer_doll_X/1/left/soccer_0110.JPG,soccer,annotator2,18,Site0,-1,0.68106721,0.237715608,0.857544716,0.464232557,0.105571848,0.791993871,0.188660802,0.609447218,-1.0,-1.0,-1.0,-1.0,
806,left,1,2,soccer+doll,X,./stimuli/A_cropped/soccer_doll_X/1/left/soccer_0111.JPG,soccer,annotator2,2,Site0,-1,0.68850709,0.252561575,0.850104836,0.471527329,0.109481916,0.778776641,0.188660802,0.579007183,-1.0,-1.0,-1.0,-1.0,
807,right,1,2,soccer+doll,X,./stimuli/A_cropped/soccer_doll_X/1/right/doll_0120.JPG,doll,annotator2,11,Site0,-1,0.237629814,0.306383938,0.352790519,0.48924444,0.900293255,0.602185811,0.788856305,0.710424439,-1.0,-1.0,-1.0,-1.0,
808,right,1,2,soccer+doll,X,./stimuli/A_cropped/soccer_doll_X/1/right/doll_0121.JPG,doll,annotator2,8,Site0,-1,0.190670415,0.232184258,0.378244541,0.487515656,0.921798631,0.598651069,0.811339198,0.715139417,-1.0,-1.0,-1.0,-1.0,
809,right,1,2,soccer+doll,X,./stimuli/A_cropped/soccer_doll_X/1/right/soccer_0118.JPG,soccer,annotator2,7,Site0,-1,0.242709319,0.310813099,0.359441219,0.479307875,0.902248289,0.599089226,0.811339198,0.701469239,-1.0,-1.0,-1.0,-1.0,
810,right,1,2,soccer+doll,X,./stimuli/A_cropped/soccer_doll_X/1/right/soccer_0119.JPG,soccer,annotator2,12,Site0,-1,0.198578102,0.223588974,0.370336854,0.457222941,0.900293255,0.578115117,0.788856305,0.687252027,-1.0,-1.0,-1.0,-1.0,
811,front,2,2,soccer+doll,X,./stimuli/A_cropped/soccer_doll_X/2/front/doll_0128.JPG,doll,annotator2,14,Site0,-1,0.383521752,0.204204157,0.545119499,0.427557176,0.810361681,0.750148336,0.188660802,0.750148336,-1.0,-1.0,-1.0,-1.0,
812,front,2,2,soccer+doll,X,./stimuli/A_cropped/soccer_doll_X/2/front/doll_0129.JPG,doll,annotator2,6,Site0,-1,0.362992486,0.211835522,0.538278286,0.44362086,0.832844575,0.817932526,0.1485826,0.812330191,-1.0,-1.0,-1.0,-1.0,
813,front,2,2,soccer+doll,X,./stimuli/A_cropped/soccer_doll_X/2/front/soccer_0126.JPG,soccer,annotator2,18,Site0,-1,0.394149578,0.24166571,0.557952083,0.456554936,0.810361681,0.804913562,0.188660802,0.799540635,-1.0,-1.0,-1.0,-1.0,
814,front,2,2,soccer+doll,X,./stimuli/A_cropped/soccer_doll_X/2/front/soccer_0127.JPG,soccer,annotator2,12,Site0,-1,0.400526546,0.205455656,0.571125458,0.43139135,0.832844575,0.768951653,0.188660802,0.768951653,-1.0,-1.0,-1.0,-1.0,
815,left,2,2,soccer+doll,X,./stimuli/A_cropped/soccer_doll_X/2/left/doll_0124.JPG,doll,annotator2,13,Site0,-1,0.651129821,0.270197577,0.776045154,0.46821739,0.109481916,0.776851037,0.219941349,0.500412595,-1.0,-1.0,-1.0,-1.0,
816,left,2,2,soccer+doll,X,./stimuli/A_cropped/soccer_doll_X/2/left/doll_0125.JPG,doll,annotator2,15,Site0,-1,0.647219753,0.241522825,0.772135086,0.444175994,0.109481916,0.741236361,0.219941349,0.500408183,-1.0,-1.0,-1.0,-1.0,
817,left,2,2,soccer+doll,X,./stimuli/A_cropped/soccer_doll_X/2/left/soccer_0122.JPG,soccer,annotator2,3,Site0,-1,0.664069162,0.234441972,0.825666908,0.478351126,0.105571848,0.790189763,0.188660802,0.500426123,-1.0,-1.0,-1.0,-1.0,
818,left,2,2,soccer+doll,X,./stimuli/A_cropped/soccer_doll_X/2/left/soccer_0123.JPG,soccer,annotator2,0,Site0,-1,0.664069162,0.226592997,0.825666908,0.43890055,0.105571848,0.747068439,0.188660802,0.5004484,-1.0,-1.0,-1.0,-1.0,
819,right,2,2,soccer+doll,X,./stimuli/A_cropped/soccer_doll_X/2/right/doll_0133.JPG,doll,annotator2,15,Site0,-1,0.169445506,0.221783126,0.331043252,0.442432594,0.884652981,0.55898913,0.671554252,0.798245743,-1.0,-1.0,-1.0,-1.0,
820,right,2,2,soccer+doll,X,./stimuli/A_cropped/soccer_doll_X/2/right/doll_0134.JPG,doll,annotator2,15,Site0,-1,0.175248658,0.204887288,0.325240101,0.433219519,0.866080156,0.538679002,0.671554252,0.762750463,-1.0,-1.0,-1.0,-1.0,
821,right,2,2,soccer+doll,X,./stimuli/A_cropped/soccer_doll_X/2/right/soccer_0131.JPG,soccer,annotator2,6,Site0,-1,0.155177732,0.249688048,0.324,0.439250257,0.884652981,0.551287652,0.671554252,0.801471321,-1.0,-1.0,-1.0,-1.0,
822,right,2,2,soccer+doll,X,./stimuli/A_cropped/soccer_doll_X/2/right/soccer_0132.JPG,soccer,annotator2,1,Site0,-1,0.147675365,0.219418238,0.313712709,0.411993999,0.884652981,0.536357296,0.671554252,0.746978875,-1.0,-1.0,-1.0,-1.0,
823,front,3,2,soccer+doll,X,./stimuli/A_cropped/soccer_doll_X/3/front/doll_0141.JPG,doll,annotator2,-1,Site0,-1,0.430600289,0.358379198,0.533231578,0.496995227,0.884652981,0.665007172,0.1485826,0.665007172,-1.0,-1.0,-1.0,-1.0,
824,front,3,2,soccer+doll,X,./stimuli/A_cropped/soccer_doll_X/3/front/doll_0142.JPG,doll,annotator2,3,Site0,-1,0.400875171,0.364975838,0.516035875,0.509644572,0.884652981,0.702707611,0.109481916,0.688069385,-1.0,-1.0,-1.0,-1.0,
825,front,3,2,soccer+doll,X,./stimuli/A_cropped/soccer_doll_X/3/front/soccer_0139.JPG,soccer,annotator2,9,Site0,-1,0.442254251,0.346875208,0.546993061,0.477639524,0.900293255,0.680682566,0.109481916,0.680682566,-1.0,-1.0,-1.0,-1.0,
826,front,3,2,soccer+doll,X,./stimuli/A_cropped/soccer_doll_X/3/front/soccer_0140.JPG,soccer,annotator2,19,Site0,-1,0.434216264,0.345318651,0.543300842,0.488519672,0.884652981,0.681183674,0.109481916,0.681183674,-1.0,-1.0,-1.0,-1.0,
827,left,3,2,soccer+doll,X,./stimuli/A_cropped/soccer_doll_X/3/left/doll_0137.JPG,doll,annotator2,3,Site0,-1,0.606700638,0.206650581,0.738320723,0.395499957,0.347411813,0.890518084,0.211576631,0.42228739,-1.0,-1.0,-1.0,-1.0,
828,left,3,2,soccer+doll,X,./stimuli/A_cropped/soccer_doll_X/3/left/doll_0138.JPG,doll,annotator2,13,Site0,-1,0.618763694,0.172730908,0.751027677,0.359038398,0.354755604,0.866080156,0.204770292,0.407624633,-1.0,-1.0,-1.0,-1.0,
829,left,3,2,soccer+doll,X,./stimuli/A_cropped/soccer_doll_X/3/left/soccer_0135.JPG,soccer,annotator2,16,Site0,-1,0.656148006,0.192787284,0.819825211,0.397633049,0.369900654,0.866080156,0.211242915,0.440860215,-1.0,-1.0,-1.0,-1.0,
830,left,3,2,soccer+doll,X,./stimuli/A_cropped/soccer_doll_X/3/left/soccer_0136.JPG,soccer,annotator2,17,Site0,-1,0.630757727,0.189568849,0.805539075,0.393031346,0.346521897,0.866080156,0.209894506,0.403714565,-1.0,-1.0,-1.0,-1.0,
831,right,3,2,soccer+doll,X,./stimuli/A_cropped/soccer_doll_X/3/right/doll_0145.JPG,doll,annotator2,-1,Site0,-1,0.174387205,0.161628713,0.338509285,0.383825833,0.8750983,0.467253177,0.363210658,0.866080156,-1.0,-1.0,-1.0,-1.0,
832,right,3,2,soccer+doll,X,./stimuli/A_cropped/soccer_doll_X/3/right/doll_0146.JPG,doll,annotator2,5,Site0,-1,0.177000878,0.153983169,0.343038223,0.378748783,0.884652981,0.467320502,0.405669599,0.865327525,-1.0,-1.0,-1.0,-1.0,
833,right,3,2,soccer+doll,X,./stimuli/A_cropped/soccer_doll_X/3/right/soccer_0143.JPG,soccer,annotator2,15,Site0,-1,0.239699906,0.172730908,0.352274315,0.359038398,0.857858675,0.458455523,0.362876583,0.853372434,-1.0,-1.0,-1.0,-1.0,
834,right,3,2,soccer+doll,X,./stimuli/A_cropped/soccer_doll_X/3/right/soccer_0144.JPG,soccer,annotator2,15,Site0,-1,0.251278697,0.197406407,0.365557834,0.371508549,0.881708418,0.467253177,0.360800107,0.866080156,-1.0,-1.0,-1.0,-1.0,
835,front,1,2,white eraser+pen,X,./stimuli/A_cropped/white_pen_X/1/front/IMG_9927.JPG,white eraser,annotator2,18,Site0,-1,0.363344654,0.174761988,0.555872002,0.448893926,0.586010502,0.890518084,0.424443813,0.900293255,-1.0,-1.0,-1.0,-1.0,
836,front,1,2,white eraser+pen,X,./stimuli/A_cropped/white_pen_X/1/front/IMG_9928.JPG,white eraser,annotator2,0,Site0,-1,0.368242075,0.183728959,0.566264279,0.458975453,0.602150538,0.909098606,0.442815249,0.919749694,-1.0,-1.0,-1.0,-1.0,
837,front,1,2,white eraser+pen,X,./stimuli/A_cropped/white_pen_X/1/front/IMG_9929.JPG,pen,annotator2,16,Site0,-1,0.412250006,0.228882149,0.588727511,0.480385947,0.632453568,0.890343327,0.481915934,0.893202985,-1.0,-1.0,-1.0,-1.0,
838,front,1,2,white eraser+pen,X,./stimuli/A_cropped/white_pen_X/1/front/IMG_9930.JPG,pen,annotator2,6,Site0,-1,0.406701695,0.218795921,0.594275822,0.468254381,0.640273705,0.887168886,0.500488759,0.887168886,-1.0,-1.0,-1.0,-1.0,
839,left,1,2,white eraser+pen,X,./stimuli/A_cropped/white_pen_X/1/left/9923_white.JPG,white eraser,annotator2,15,Site0,-1,0.597992981,0.254356025,0.788126276,0.517489721,0.1485826,0.844757074,0.188660802,0.809397374,-1.0,-1.0,-1.0,-1.0,
840,left,1,2,white eraser+pen,X,./stimuli/A_cropped/white_pen_X/1/left/9924_white.JPG,white eraser,annotator2,19,Site0,-1,0.568276861,0.292265656,0.753326267,0.543167915,0.11827957,0.863250289,0.188660802,0.820703846,-1.0,-1.0,-1.0,-1.0,
841,left,1,2,white eraser+pen,X,./stimuli/A_cropped/white_pen_X/1/left/9925_pen.JPG,pen,annotator2,11,Site0,-1,0.581503526,0.254725426,0.761604978,0.520766961,0.134897361,0.850016481,0.1485826,0.810251295,-1.0,-1.0,-1.0,-1.0,
842,left,1,2,white eraser+pen,X,./stimuli/A_cropped/white_pen_X/1/left/9926_pen.JPG,pen,annotator2,8,Site0,-1,0.579420156,0.255474592,0.769553451,0.506282766,0.1485826,0.826649754,0.1485826,0.79012475,-1.0,-1.0,-1.0,-1.0,
843,right,1,2,white eraser+pen,X,./stimuli/A_cropped/white_pen_X/1/right/IMG_9931.JPG,white eraser,annotator2,13,Site0,-1,0.11033816,0.258167233,0.329544538,0.489835244,0.849462366,0.724339258,0.853372434,0.774387547,-1.0,-1.0,-1.0,-1.0,
844,right,1,2,white eraser+pen,X,./stimuli/A_cropped/white_pen_X/1/right/IMG_9932.JPG,white eraser,annotator2,7,Site0,-1,0.103745908,0.257797178,0.318541482,0.491458309,0.832844575,0.734581539,0.853372434,0.778265252,-1.0,-1.0,-1.0,-1.0,
845,right,1,2,white eraser+pen,X,./stimuli/A_cropped/white_pen_X/1/right/IMG_9933.JPG,pen,annotator2,2,Site0,-1,0.131682935,0.276512198,0.329705139,0.495258252,0.866080156,0.742769271,0.853372434,0.791235005,-1.0,-1.0,-1.0,-1.0,
846,right,1,2,white eraser+pen,X,./stimuli/A_cropped/white_pen_X/1/right/IMG_9934.JPG,pen,annotator2,4,Site0,-1,0.120930247,0.284259095,0.318952451,0.510479702,0.853372434,0.754153893,0.832844575,0.79996326,-1.0,-1.0,-1.0,-1.0,
847,front,2,2,white eraser+pen,X,./stimuli/A_cropped/white_pen_X/2/front/IMG_9939.JPG,white eraser,annotator2,18,Site0,-1,0.388152794,0.21523717,0.577300054,0.461204667,0.837535014,0.890518084,0.180205415,0.903225806,-1.0,-1.0,-1.0,-1.0,
848,front,2,2,white eraser+pen,X,./stimuli/A_cropped/white_pen_X/2/front/IMG_9940.JPG,white eraser,annotator2,18,Site0,-1,0.418625231,0.182870618,0.610083846,0.440785296,0.879237641,0.900293255,0.182811009,0.900293255,-1.0,-1.0,-1.0,-1.0,
849,front,2,2,white eraser+pen,X,./stimuli/A_cropped/white_pen_X/2/front/IMG_9941.JPG,pen,annotator2,1,Site0,-1,0.419689885,0.203153277,0.595,0.43557612,0.849462366,0.850132234,0.203323558,0.872408973,-1.0,-1.0,-1.0,-1.0,
850,front,2,2,white eraser+pen,X,./stimuli/A_cropped/white_pen_X/2/front/IMG_9942.JPG,pen,annotator2,18,Site0,-1,0.406278989,0.185611967,0.594689671,0.428268776,0.87245007,0.875855327,0.191481542,0.884652981,-1.0,-1.0,-1.0,-1.0,
851,left,2,2,white eraser+pen,X,./stimuli/A_cropped/white_pen_X/2/left/IMG_9935.JPG,white eraser,annotator2,5,Site0,-1,0.615000389,0.240261261,0.786759142,0.499635546,0.1485826,0.848465776,0.109481916,0.654521235,-1.0,-1.0,-1.0,-1.0,
852,left,2,2,white eraser+pen,X,./stimuli/A_cropped/white_pen_X/2/left/IMG_9936.JPG,white eraser,annotator2,8,Site0,-1,0.591670945,0.257365066,0.741662388,0.489819829,0.1485826,0.831146342,0.109481916,0.645472298,-1.0,-1.0,-1.0,-1.0,
853,left,2,2,white eraser+pen,X,./stimuli/A_cropped/white_pen_X/2/left/IMG_9937.JPG,pen,annotator2,16,Site0,-1,0.623013444,0.242523386,0.78461119,0.467493821,0.188660802,0.828092313,0.1485826,0.629221939,-1.0,-1.0,-1.0,-1.0,
854,left,2,2,white eraser+pen,X,./stimuli/A_cropped/white_pen_X/2/left/IMG_9938.JPG,pen,annotator2,5,Site0,-1,0.640415834,0.217070392,0.812174586,0.456776393,0.165200391,0.827515972,0.1485826,0.623102397,-1.0,-1.0,-1.0,-1.0,
855,right,2,2,white eraser+pen,X,./stimuli/A_cropped/white_pen_X/2/right/IMG_9943.JPG,white eraser,annotator2,12,Site0,-1,0.170818006,0.273893324,0.3609513,0.475269813,0.853372434,0.621048452,0.853372434,0.836051477,-1.0,-1.0,-1.0,-1.0,
856,right,2,2,white eraser+pen,X,./stimuli/A_cropped/white_pen_X/2/right/IMG_9944.JPG,white eraser,annotator2,10,Site0,-1,0.206350074,0.194950054,0.362564882,0.477335705,0.826979472,0.615545439,0.853372434,0.80959736,-1.0,-1.0,-1.0,-1.0,
857,right,2,2,white eraser+pen,X,./stimuli/A_cropped/white_pen_X/2/right/IMG_9945.JPG,pen,annotator2,16,Site0,-1,0.220276396,0.196209811,0.381874142,0.477429301,0.827956989,0.608653317,0.853372434,0.800300128,-1.0,-1.0,-1.0,-1.0,
858,right,2,2,white eraser+pen,X,./stimuli/A_cropped/white_pen_X/2/right/IMG_9946.JPG,pen,annotator2,1,Site0,-1,0.194406752,0.160488904,0.374508204,0.467168757,0.827956989,0.605296812,0.853372434,0.799875712,-1.0,-1.0,-1.0,-1.0,
859,front,3,2,white eraser+pen,X,./stimuli/A_cropped/white_pen_X/3/front/IMG_9951.JPG,white eraser,annotator2,17,Site0,-1,0.468323851,0.337851594,0.583484556,0.5122635,0.980449658,0.754679955,0.109481916,0.754679955,-1.0,-1.0,-1.0,-1.0,
860,front,3,2,white eraser+pen,X,./stimuli/A_cropped/white_pen_X/3/front/IMG_9952.JPG,white eraser,annotator2,15,Site0,-1,0.454638611,0.358840959,0.569799316,0.513880742,0.959921799,0.76457088,0.078201369,0.758110053,-1.0,-1.0,-1.0,-1.0,
861,front,3,2,white eraser+pen,X,./stimuli/A_cropped/white_pen_X/3/front/IMG_9953.JPG,pen,annotator2,2,Site0,-1,0.431178201,0.363798967,0.546338906,0.529640552,0.959921799,0.779963445,0.078201369,0.772859413,-1.0,-1.0,-1.0,-1.0,
862,front,3,2,white eraser+pen,X,./stimuli/A_cropped/white_pen_X/3/front/IMG_9954.JPG,pen,annotator2,14,Site0,-1,0.414126351,0.328443001,0.534065243,0.519310963,0.953079179,0.773853346,0.064516129,0.758691916,-1.0,-1.0,-1.0,-1.0,
863,left,3,2,white eraser+pen,X,./stimuli/A_cropped/white_pen_X/3/left/IMG_9947.JPG,white eraser,annotator2,2,Site0,-1,0.428077304,0.217403269,0.572866308,0.406252645,0.199459572,0.820136852,0.131519507,0.500488759,-1.0,-1.0,-1.0,-1.0,
864,left,3,2,white eraser+pen,X,./stimuli/A_cropped/white_pen_X/3/left/IMG_9948.JPG,white eraser,annotator2,19,Site0,-1,0.461723121,0.21051632,0.623320867,0.426063949,0.188660802,0.889239095,0.1485826,0.525819364,-1.0,-1.0,-1.0,-1.0,
865,left,3,2,white eraser+pen,X,./stimuli/A_cropped/white_pen_X/3/left/IMG_9949.JPG,pen,annotator2,2,Site0,-1,0.405518407,0.248787941,0.495752365,0.411161273,0.172043011,0.829566647,0.140762463,0.506837482,-1.0,-1.0,-1.0,-1.0,
866,left,3,2,white eraser+pen,X,./stimuli/A_cropped/white_pen_X/3/left/IMG_9950.JPG,pen,annotator2,2,Site0,-1,0.344179178,0.200717843,0.459339883,0.366488507,0.109481916,0.796440381,0.064516129,0.467889503,-1.0,-1.0,-1.0,-1.0,
867,right,3,2,white eraser+pen,X,./stimuli/A_cropped/white_pen_X/3/right/IMG_9955.JPG,white eraser,annotator2,4,Site0,-1,0.315015679,0.19003279,0.447598625,0.378882166,0.733196537,0.481915934,0.733196537,0.900293255,-1.0,-1.0,-1.0,-1.0,
868,right,3,2,white eraser+pen,X,./stimuli/A_cropped/white_pen_X/3/right/IMG_9956.JPG,white eraser,annotator2,13,Site0,-1,0.313197522,0.214024197,0.438,0.38812634,0.704011311,0.476050831,0.766160452,0.875855327,-1.0,-1.0,-1.0,-1.0,
869,right,3,2,white eraser+pen,X,./stimuli/A_cropped/white_pen_X/3/right/IMG_9957.JPG,pen,annotator2,6,Site0,-1,0.268488177,0.207301831,0.430008504,0.416354083,0.728587828,0.481915934,0.764374572,0.913000978,-1.0,-1.0,-1.0,-1.0,
870,right,3,2,white eraser+pen,X,./stimuli/A_cropped/white_pen_X/3/right/IMG_9958.JPG,pen,annotator2,18,Site0,-1,0.209972055,0.217137893,0.41,0.431933466,0.720720393,0.492668622,0.753897571,0.942326491,-1.0,-1.0,-1.0,-1.0,
871,front,1,2,yellow eraser+white eraser,X,./stimuli/A_cropped/yellow_white_X/1/front/white_1430.jpeg,white eraser,annotator1,16,Site0,-1,0.378877504,0.233641774,0.556952036,0.468215509,0.753605171,0.928641251,0.156731995,0.936461388,-1.0,-1.0,-1.0,-1.0,
872,front,1,2,yellow eraser+white eraser,X,./stimuli/A_cropped/yellow_white_X/1/front/white_1431.jpeg,white eraser,annotator1,19,Site0,-1,0.410892231,0.232972617,0.572489978,0.457760667,0.764418377,0.88975411,0.203323558,0.88975411,-1.0,-1.0,-1.0,-1.0,
873,front,1,2,yellow eraser+white eraser,X,./stimuli/A_cropped/yellow_white_X/1/front/yellow_1428.jpeg,yellow eraser,annotator1,0,Site0,-1,0.437647266,0.257303413,0.592619011,0.462149178,0.762145013,0.853372434,0.234925993,0.866080156,-1.0,-1.0,-1.0,-1.0,
874,front,1,2,yellow eraser+white eraser,X,./stimuli/A_cropped/yellow_white_X/1/front/yellow_1429.jpeg,yellow eraser,annotator1,9,Site0,-1,0.437571549,0.209523328,0.592731481,0.41424743,0.762463343,0.819496261,0.234604106,0.819496261,-1.0,-1.0,-1.0,-1.0,
875,left,1,2,yellow eraser+white eraser,X,./stimuli/A_cropped/yellow_white_X/1/left/IMG_1424.jpeg,yellow eraser,annotator1,3,Site0,-1,0.5633849,0.236997209,0.724982646,0.482746557,0.078201369,0.867089723,0.042033236,0.624507278,-1.0,-1.0,-1.0,-1.0,
876,left,1,2,yellow eraser+white eraser,X,./stimuli/A_cropped/yellow_white_X/1/left/IMG_1425.jpeg,yellow eraser,annotator1,9,Site0,-1,0.580980208,0.219127203,0.742577954,0.456464519,0.109481916,0.830415839,0.078201369,0.592886131,-1.0,-1.0,-1.0,-1.0,
877,left,1,2,yellow eraser+white eraser,X,./stimuli/A_cropped/yellow_white_X/1/left/IMG_1426.jpeg,white eraser,annotator1,13,Site0,-1,0.53445437,0.210379597,0.724587664,0.447172338,0.064516129,0.82480102,0.042033236,0.586327437,-1.0,-1.0,-1.0,-1.0,
878,left,1,2,yellow eraser+white eraser,X,./stimuli/A_cropped/yellow_white_X/1/left/IMG_1427.jpeg,white eraser,annotator1,19,Site0,-1,0.516271161,0.249284832,0.688029914,0.498798839,0.059628543,0.861197105,0.029325513,0.63385798,-1.0,-1.0,-1.0,-1.0,
879,right,1,2,yellow eraser+white eraser,X,./stimuli/A_cropped/yellow_white_X/1/right/IMG_1432.jpeg,yellow eraser,annotator1,11,Site0,-1,0.254489494,0.203657771,0.416087241,0.431230453,0.923753666,0.636087117,0.788856305,0.894984558,-1.0,-1.0,-1.0,-1.0,
880,right,1,2,yellow eraser+white eraser,X,./stimuli/A_cropped/yellow_white_X/1/right/IMG_1433.jpeg,yellow eraser,annotator1,7,Site0,-1,0.220276396,0.182215692,0.381874142,0.441493191,0.890518084,0.651163631,0.764418377,0.905414385,-1.0,-1.0,-1.0,-1.0,
881,right,1,2,yellow eraser+white eraser,X,./stimuli/A_cropped/yellow_white_X/1/right/IMG_1434.jpeg,white eraser,annotator1,12,Site0,-1,0.206008622,0.177395383,0.392,0.44060573,0.900293255,0.644070833,0.769305963,0.90687105,-1.0,-1.0,-1.0,-1.0,
882,right,1,2,yellow eraser+white eraser,X,./stimuli/A_cropped/yellow_white_X/1/right/IMG_1435.jpeg,white eraser,annotator1,5,Site0,-1,0.217214761,0.176717022,0.398,0.45084896,0.937262945,0.671554252,0.799527476,0.953079179,-1.0,-1.0,-1.0,-1.0,
883,front,2,2,yellow eraser+white eraser,X,./stimuli/A_cropped/yellow_white_X/2/front/IMG_1452.jpeg,yellow eraser,annotator1,1,Site0,-1,0.442055223,0.26850047,0.578472636,0.452763056,0.936461388,0.771262467,0.083088954,0.780055416,-1.0,-1.0,-1.0,-1.0,
884,front,2,2,yellow eraser+white eraser,X,./stimuli/A_cropped/yellow_white_X/2/front/IMG_1453.jpeg,yellow eraser,annotator1,0,Site0,-1,0.429449973,0.222634009,0.571527544,0.414459104,0.942326491,0.743721649,0.053763441,0.763180464,-1.0,-1.0,-1.0,-1.0,
885,front,2,2,yellow eraser+white eraser,X,./stimuli/A_cropped/yellow_white_X/2/front/IMG_1454.jpeg,white eraser,annotator1,3,Site0,-1,0.422390818,0.278120484,0.549,0.465395796,0.928641251,0.775697657,0.083088954,0.775697657,-1.0,-1.0,-1.0,-1.0,
886,front,2,2,yellow eraser+white eraser,X,./stimuli/A_cropped/yellow_white_X/2/front/IMG_1455.jpeg,white eraser,annotator1,12,Site0,-1,0.434552134,0.291312707,0.566425383,0.46962999,0.936461388,0.784745862,0.099706745,0.784745862,-1.0,-1.0,-1.0,-1.0,
887,left,2,2,yellow eraser+white eraser,X,./stimuli/A_cropped/yellow_white_X/2/left/IMG_1448.jpeg,yellow eraser,annotator1,18,Site0,-1,0.660052439,0.208159095,0.785553662,0.382261238,0.343247123,0.765395894,0.311617462,0.428152493,-1.0,-1.0,-1.0,-1.0,
888,left,2,2,yellow eraser+white eraser,X,./stimuli/A_cropped/yellow_white_X/2/left/IMG_1449.jpeg,yellow eraser,annotator1,14,Site0,-1,0.656256345,0.215001714,0.81015896,0.389103857,0.336614998,0.765395894,0.311478844,0.432062561,-1.0,-1.0,-1.0,-1.0,
889,left,2,2,yellow eraser+white eraser,X,./stimuli/A_cropped/yellow_white_X/2/left/IMG_1450.jpeg,white eraser,annotator1,13,Site0,-1,0.618100827,0.234771867,0.710517424,0.388884047,0.309815422,0.779081134,0.279627393,0.442815249,-1.0,-1.0,-1.0,-1.0,
890,left,2,2,yellow eraser+white eraser,X,./stimuli/A_cropped/yellow_white_X/2/left/IMG_1451.jpeg,white eraser,annotator1,10,Site0,-1,0.65847344,0.217934266,0.769870723,0.392036409,0.350126822,0.779081134,0.320814086,0.442815249,-1.0,-1.0,-1.0,-1.0,
891,right,2,2,yellow eraser+white eraser,X,./stimuli/A_cropped/yellow_white_X/2/right/IMG_1456.jpeg,yellow eraser,annotator1,19,Site0,-1,0.273050375,0.315464624,0.336920299,0.411074966,0.602150538,0.48643695,0.440860215,0.711510264,-1.0,-1.0,-1.0,-1.0,
892,right,2,2,yellow eraser+white eraser,X,./stimuli/A_cropped/yellow_white_X/2/right/IMG_1457.jpeg,yellow eraser,annotator1,15,Site0,-1,0.236503616,0.336110157,0.33241134,0.416822394,0.595307918,0.491568915,0.434995112,0.716642229,-1.0,-1.0,-1.0,-1.0,
893,right,2,2,yellow eraser+white eraser,X,./stimuli/A_cropped/yellow_white_X/2/right/IMG_1458.jpeg,white eraser,annotator1,4,Site0,-1,0.239340499,0.318674208,0.329574457,0.434258343,0.598240469,0.494501466,0.440860215,0.726173021,-1.0,-1.0,-1.0,-1.0,
894,right,2,2,yellow eraser+white eraser,X,./stimuli/A_cropped/yellow_white_X/2/right/IMG_1459.jpeg,white eraser,annotator1,13,Site0,-1,0.242863681,0.311177972,0.326051276,0.441754579,0.595307918,0.500366569,0.440860215,0.732771261,-1.0,-1.0,-1.0,-1.0,
895,front,3,2,yellow eraser+white eraser,X,./stimuli/A_cropped/yellow_white_X/3/front/IMG_1464.jpeg,yellow eraser,annotator1,5,Site0,-1,0.465545232,0.358517715,0.564757798,0.494603754,0.875855327,0.732226867,0.083088954,0.756612106,-1.0,-1.0,-1.0,-1.0,
896,front,3,2,yellow eraser+white eraser,X,./stimuli/A_cropped/yellow_white_X/3/front/IMG_1465.jpeg,yellow eraser,annotator1,9,Site0,-1,0.492915711,0.313405326,0.592128277,0.445722719,0.913000978,0.690095811,0.099706745,0.720309715,-1.0,-1.0,-1.0,-1.0,
897,front,3,2,yellow eraser+white eraser,X,./stimuli/A_cropped/yellow_white_X/3/front/IMG_1466.jpeg,white eraser,annotator1,4,Site0,-1,0.449751026,0.385657312,0.564911731,0.544469387,0.942326491,0.816073932,0.036168133,0.836624903,-1.0,-1.0,-1.0,-1.0,
898,front,3,2,yellow eraser+white eraser,X,./stimuli/A_cropped/yellow_white_X/3/front/IMG_1467.jpeg,white eraser,annotator1,15,Site0,-1,0.449751026,0.358587511,0.564911731,0.519398404,0.942326491,0.798896137,0.036168133,0.814243821,-1.0,-1.0,-1.0,-1.0,
899,left,3,2,yellow eraser+white eraser,X,./stimuli/A_cropped/yellow_white_X/3/left/IMG_1460.jpeg,yellow eraser,annotator1,10,Site0,-1,0.546708093,0.252036409,0.653730147,0.395079915,0.270311204,0.749755621,0.26,0.417399804,-1.0,-1.0,-1.0,-1.0,
900,left,3,2,yellow eraser+white eraser,X,./stimuli/A_cropped/yellow_white_X/3/left/IMG_1461.jpeg,yellow eraser,annotator1,19,Site0,-1,0.564443889,0.244897724,0.6691827,0.392182698,0.295210166,0.743730173,0.268562443,0.417399804,-1.0,-1.0,-1.0,-1.0,
901,left,3,2,yellow eraser+white eraser,X,./stimuli/A_cropped/yellow_white_X/3/left/IMG_1462.jpeg,white eraser,annotator1,16,Site0,-1,0.562657978,0.240306204,0.637971019,0.38334971,0.308490503,0.749755621,0.268562443,0.417399804,-1.0,-1.0,-1.0,-1.0,
902,left,3,2,yellow eraser+white eraser,X,./stimuli/A_cropped/yellow_white_X/3/left/IMG_1463.jpeg,white eraser,annotator1,17,Site0,-1,0.574671039,0.265563454,0.650485332,0.391328042,0.31977827,0.764418377,0.268562443,0.417399804,-1.0,-1.0,-1.0,-1.0,
903,right,3,2,yellow eraser+white eraser,X,./stimuli/A_cropped/yellow_white_X/3/right/IMG_1468.jpeg,yellow eraser,annotator1,18,Site0,-1,0.417684453,0.253143513,0.526,0.376377504,0.851087405,0.453567937,0.642966166,0.832844575,-1.0,-1.0,-1.0,-1.0,
904,right,3,2,yellow eraser+white eraser,X,./stimuli/A_cropped/yellow_white_X/3/right/IMG_1469.jpeg,yellow eraser,annotator1,3,Site0,-1,0.247064951,0.153637947,0.380180707,0.307750127,0.807270471,0.403714565,0.545334988,0.900293255,-1.0,-1.0,-1.0,-1.0,
905,right,3,2,yellow eraser+white eraser,X,./stimuli/A_cropped/yellow_white_X/3/right/IMG_1470.jpeg,white eraser,annotator1,1,Site0,-1,0.329526693,0.209717339,0.454442026,0.368993445,0.845552297,0.439403606,0.602150538,0.88130384,-1.0,-1.0,-1.0,-1.0,
906,right,3,2,yellow eraser+white eraser,X,./stimuli/A_cropped/yellow_white_X/3/right/IMG_1471.jpeg,white eraser,annotator1,18,Site0,-1,0.400875171,0.304560049,0.516035875,0.461279533,0.875855327,0.523958498,0.666666667,0.925376359,-1.0,-1.0,-1.0,-1.0,
12111,right,2,4,pen holder+bunny+tulips+kettle,Z,./stimuli/B_cropped_v1117/pens_bunny_tulip toy_kettle/IMG_4040.jpg,kettle,annotator2,13,SiteB,bunny,0.154605757,0.197406407,0.28918701,0.371508549,0.89540567,0.569892473,0.744868035,0.500488759,0.500488759,0.476050831,0.1485826,0.744868035,2.0
12343,front,2,2,tulips+kettle,Z,./stimuli/B_cropped_v1117/tulip toy_kettle/IMG_3806.jpg,tulips,annotator1,1,SiteB,kettle,0.443088345,0.233694793,0.593079788,0.442747044,0.769305963,0.500488759,0.250244379,0.769305963,-1.0,-1.0,-1.0,-1.0,1.0
11890,front,2,2,wooden hand+tulips,Z,./stimuli/B_cropped_v1117/hand_tulip toy/IMG_4473.jpg,wooden hand,annotator2,2,SiteH,wooden hand,0.424938067,0.074366219,0.622960271,0.332280897,0.853372434,0.632453568,0.250244379,0.500488759,-1.0,-1.0,-1.0,-1.0,0.0
11499,front,3,2,bunny+wooden hand,Z,./stimuli/B_cropped_v1117/bunny_hand/IMG_4460.jpg,wooden hand,annotator1,9,SiteH,-1,0.366786406,0.269675569,0.503203819,0.449777021,0.866080156,0.671554252,0.101661779,0.660801564,-1.0,-1.0,-1.0,-1.0,
11465,left,3,3,bottle+umbrella+keys,Z,./stimuli/B_cropped_v1117/bottle2_umbrella_keys/IMG_3521.jpg,keys,annotator2,9,SiteB,keys,0.645067551,0.28564518,0.774287287,0.449447685,0.866080156,0.671554252,0.500488759,0.769305963,0.099706745,0.782013685,-1.0,-1.0,0.0
11877,right,3,2,wooden hand+tulips,Z,./stimuli/B_cropped_v1117/hand_tulip toy/IMG_4265.jpg,tulips,annotator2,10,SiteH,-1,0.232984118,0.164599327,0.394581864,0.380855218,0.942326491,0.542521994,0.481915934,0.602150538,-1.0,-1.0,-1.0,-1.0,
11566,front,1,3,wooden hand+bunny+bottle,Z,./stimuli/B_cropped_v1117/hand_bunny_bottle2/IMG_4509.jpg,bottle,annotator1,7,SiteH,bunny,0.390885569,0.212816855,0.610091948,0.410839059,0.89540567,0.632453568,0.500488759,0.632453568,0.109481916,0.671554252,-1.0,-1.0,1.0
11664,right,2,4,wooden hand+bunny+kettle+bottle,Z,./stimuli/B_cropped_v1117/hand_bunny_kettle_bottle2/IMG_4358.jpg,bunny,annotator2,17,SiteH,kettle,0.122524685,0.085541583,0.284122431,0.29178002,0.935483871,0.403714565,0.811339198,0.500488759,0.594330401,0.671554252,0.335288368,0.671554252,1.0
11754,left,1,4,wooden hand+bunny+kettle+bottle,Z,./stimuli/B_cropped_v1117/hand_bunny_kettle_bottle2/IMG_4806.jpg,wooden hand,annotator2,8,SiteH,wooden hand,0.653316474,0.171133698,0.81491422,0.38018595,0.602150538,0.744868035,0.403714565,0.744868035,0.219941349,0.721407625,0.053763441,0.632453568,0.0
11575,front,2,3,wooden hand+bunny+bottle,Z,./stimuli/B_cropped_v1117/hand_bunny_bottle2/IMG_4518.jpg,bottle,annotator1,0,SiteH,wooden hand,0.434352642,0.215270177,0.595950388,0.420115942,0.744868035,0.632453568,0.500488759,0.671554252,0.250244379,0.671554252,-1.0,-1.0,2.0
12273,right,3,2,tissue+stuffed bird,Z,./stimuli/B_cropped_v1117/tissue_bird/IMG_3855.jpg,stuffed bird,annotator2,10,SiteB,-1,0.186978863,0.126795349,0.336970306,0.324817554,0.853372434,0.594330401,0.301075269,0.769305963,-1.0,-1.0,-1.0,-1.0,
12084,right,1,4,pen holder+bunny+tulips+kettle,Z,./stimuli/B_cropped_v1117/pens_bunny_tulip toy_kettle/IMG_4012.jpg,pen holder,annotator2,14,SiteB,pen holder,0.187786713,0.255079916,0.312702046,0.429182059,0.91202346,0.632453568,0.744868035,0.579667644,0.500488759,0.548387097,0.335288368,0.769305963,0.0
11560,front,1,3,wooden hand+bunny+bottle,Z,./stimuli/B_cropped_v1117/hand_bunny_bottle2/IMG_4503.jpg,bottle,annotator1,19,SiteH,-1,0.409852763,0.212816855,0.559844206,0.410839059,0.89540567,0.632453568,0.500488759,0.632453568,0.109481916,0.671554252,-1.0,-1.0,
11398,front,1,3,bottle+umbrella+keys,Z,./stimuli/B_cropped_v1117/bottle2_umbrella_keys/IMG_3447.jpg,keys,annotator2,1,SiteB,-1,0.41523912,0.245767298,0.55445785,0.438494676,0.716520039,0.500488759,0.500488759,0.721407625,0.146627566,0.788856305,-1.0,-1.0,
12317,right,1,2,tulips+kettle,Z,./stimuli/B_cropped_v1117/tulip toy_kettle/IMG_3780.jpg,kettle,annotator1,6,SiteB,tulips,0.243619251,0.2477063,0.380036663,0.436555675,0.801564027,0.515151515,0.671554252,0.744868035,-1.0,-1.0,-1.0,-1.0,1.0
11747,front,3,4,wooden hand+bunny+kettle+bottle,Z,./stimuli/B_cropped_v1117/hand_bunny_kettle_bottle2/IMG_4593.jpg,wooden hand,annotator2,16,SiteH,bottle,0.420579445,0.452269221,0.519792011,0.578033809,0.959921799,0.721407625,0.703812317,0.749755621,0.335288368,0.788856305,0.053763441,0.744868035,3.0
12329,right,3,2,tulips+kettle,Z,./stimuli/B_cropped_v1117/tulip toy_kettle/IMG_3792.jpg,kettle,annotator1,2,SiteB,tulips,0.225363473,0.218674212,0.357236723,0.404981702,0.884652981,0.488758553,0.359726295,0.744868035,-1.0,-1.0,-1.0,-1.0,1.0
11883,front,1,2,wooden hand+tulips,Z,./stimuli/B_cropped_v1117/hand_tulip toy/IMG_4466.jpg,tulips,annotator2,18,SiteH,-1,0.401477656,0.079362293,0.599499861,0.325329789,0.716520039,0.632453568,0.359726295,0.523949169,-1.0,-1.0,-1.0,-1.0,
12148,front,1,4,pen holder+bunny+tulips+kettle,Z,./stimuli/B_cropped_v1117/pens_bunny_tulip toy_kettle/IMG_4077.jpg,bunny,annotator2,2,SiteB,bunny,0.425493037,0.217225211,0.57548448,0.422070976,0.788856305,0.686217009,0.602150538,0.671554252,0.373411535,0.500488759,0.105571848,0.744868035,0.0
12126,right,3,4,pen holder+bunny+tulips+kettle,Z,./stimuli/B_cropped_v1117/pens_bunny_tulip toy_kettle/IMG_4055.jpg,tulips,annotator2,1,SiteB,pen holder,0.254247605,0.260782792,0.369408309,0.423479183,0.942326491,0.590420332,0.788856305,0.632453568,0.500488759,0.515151515,0.105571848,0.788856305,2.0
11578,front,2,3,wooden hand+bunny+bottle,Z,./stimuli/B_cropped_v1117/hand_bunny_bottle2/IMG_4521.jpg,bottle,annotator1,18,SiteH,bunny,0.405422111,0.217225211,0.595555406,0.422070976,0.744868035,0.632453568,0.500488759,0.671554252,0.250244379,0.671554252,-1.0,-1.0,1.0
11434,left,1,3,bottle+umbrella+keys,Z,./stimuli/B_cropped_v1117/bottle2_umbrella_keys/IMG_3489.jpg,keys,annotator2,8,SiteB,-1,0.565162941,0.234484953,0.699744194,0.414586406,0.579667644,0.632453568,0.359726295,0.769305963,0.11827957,0.788856305,-1.0,-1.0,
11515,left,2,2,bunny+wooden hand,Z,./stimuli/B_cropped_v1117/bunny_hand/IMG_4696.jpg,bunny,annotator1,16,SiteH,wooden hand,0.635721166,0.104970784,0.797318912,0.321226675,0.434995112,0.671554252,0.109481916,0.500488759,-1.0,-1.0,-1.0,-1.0,1.0
11039,right,2,4,bottle+tulips+kettle+bunny,Z,./stimuli/B_cropped_v1117/bottle2_tulip toy_kettle_bunny/IMG_3628.jpg,kettle,annotator1,3,SiteB,bunny,0.225363473,0.26387757,0.357236723,0.437979713,0.921798631,0.671554252,0.769305963,0.523949169,0.632453568,0.721407625,0.359726295,0.632453568,1.0
11485,right,3,2,bunny+wooden hand,Z,./stimuli/B_cropped_v1117/bunny_hand/IMG_4251.jpg,bunny,annotator1,12,SiteH,wooden hand,0.200664103,0.256503954,0.350655546,0.445353329,0.884652981,0.671554252,0.470185728,0.721407625,-1.0,-1.0,-1.0,-1.0,1.0
11720,front,2,4,wooden hand+bunny+kettle+bottle,Z,./stimuli/B_cropped_v1117/hand_bunny_kettle_bottle2/IMG_4567.jpg,kettle,annotator2,9,SiteH,bunny,0.44,0.415612532,0.56,0.569724711,0.942326491,0.749755621,0.69599218,0.769305963,0.359726295,0.853372434,0.10459433,0.788856305,1.0
11956,front,1,3,kettle+bunny+tulips,Z,./stimuli/B_cropped_v1117/kettle_bunny_tulip toy/IMG_3937.jpg,tulips,annotator2,12,SiteB,-1,0.449799998,0.077239037,0.621558751,0.311812772,0.853372434,0.721407625,0.500488759,0.500488759,0.188660802,0.42228739,-1.0,-1.0,
11541,right,2,3,wooden hand+bunny+bottle,Z,./stimuli/B_cropped_v1117/hand_bunny_bottle2/IMG_4307.jpg,wooden hand,annotator1,16,SiteH,bunny,0.262509123,0.302978254,0.394382373,0.477080397,0.884652981,0.602150538,0.721407625,0.721407625,0.382209189,0.788856305,-1.0,-1.0,1.0
11524,right,1,3,wooden hand+bunny+bottle,Z,./stimuli/B_cropped_v1117/hand_bunny_bottle2/IMG_4290.jpg,bottle,annotator1,18,SiteH,-1,0.235901586,0.295604638,0.377979157,0.484454013,0.89540567,0.632453568,0.769305963,0.632453568,0.542521994,0.810361681,-1.0,-1.0,
11563,front,1,3,wooden hand+bunny+bottle,Z,./stimuli/B_cropped_v1117/hand_bunny_bottle2/IMG_4506.jpg,bottle,annotator1,18,SiteH,wooden hand,0.434352642,0.209405075,0.595950388,0.414250839,0.89540567,0.632453568,0.500488759,0.671554252,0.109481916,0.671554252,-1.0,-1.0,2.0
12129,right,3,4,pen holder+bunny+tulips+kettle,Z,./stimuli/B_cropped_v1117/pens_bunny_tulip toy_kettle/IMG_4058.jpg,pen holder,annotator2,16,SiteB,bunny,0.248968879,0.263715343,0.355136693,0.426411734,0.942326491,0.595307918,0.788856305,0.632453568,0.500488759,0.515151515,0.105571848,0.769305963,1.0
11591,front,3,3,wooden hand+bunny+bottle,Z,./stimuli/B_cropped_v1117/hand_bunny_bottle2/IMG_4534.jpg,bottle,annotator1,7,SiteH,bottle,0.416515444,0.366873925,0.531676149,0.514846505,0.921798631,0.686217009,0.500488759,0.721407625,0.064516129,0.721407625,-1.0,-1.0,0.0
11549,right,3,3,wooden hand+bunny+bottle,Z,./stimuli/B_cropped_v1117/hand_bunny_bottle2/IMG_4315.jpg,wooden hand,annotator1,4,SiteH,wooden hand,0.287483186,0.295158117,0.402643891,0.46926026,0.853372434,0.579667644,0.671554252,0.686217009,0.250244379,0.788856305,-1.0,-1.0,0.0
12282,front,1,2,tissue+stuffed bird,Z,./stimuli/B_cropped_v1117/tissue_bird/IMG_3864.jpg,stuffed bird,annotator2,5,SiteB,stuffed bird,0.426912763,0.098529362,0.603390268,0.323758028,0.671554252,0.788856305,0.219941349,0.832844575,-1.0,-1.0,-1.0,-1.0,0.0
12132,right,3,4,pen holder+bunny+tulips+kettle,Z,./stimuli/B_cropped_v1117/pens_bunny_tulip toy_kettle/IMG_4061.jpg,tulips,annotator2,2,SiteB,tulips,0.213202157,0.253940172,0.338117491,0.416636563,0.942326491,0.579667644,0.788856305,0.632453568,0.500488759,0.500488759,0.105571848,0.769305963,0.0
11304,left,1,4,bottle+tulips+kettle+wooden hand,Z,./stimuli/B_cropped_v1117/bottle2_tulip toy_kettle_hand/IMG_4864.jpg,bottle,annotator1,11,SiteH,bottle,0.663076561,0.20471158,0.805154133,0.397438958,0.542521994,0.769305963,0.405669599,0.560117302,0.230694037,0.721407625,0.099706745,0.602150538,0.0
11966,front,2,3,kettle+bunny+tulips,Z,./stimuli/B_cropped_v1117/kettle_bunny_tulip toy/IMG_3947.jpg,kettle,annotator2,4,SiteB,-1,0.432280052,0.08543846,0.568697465,0.274287835,0.866080156,0.590420332,0.500488759,0.500488759,0.11827957,0.359726295,-1.0,-1.0,
11066,front,1,4,bottle+tulips+kettle+bunny,Z,./stimuli/B_cropped_v1117/bottle2_tulip toy_kettle_bunny/IMG_3661.jpg,kettle,annotator1,3,SiteB,bottle,0.511344875,0.16801379,0.636260208,0.348115242,0.884652981,0.632453568,0.660801564,0.407624633,0.500488759,0.671554252,0.188660802,0.500488759,2.0
11150,left,2,4,bottle+tulips+kettle+bunny,Z,./stimuli/B_cropped_v1117/bottle2_tulip toy_kettle_bunny/IMG_3744.jpg,kettle,annotator1,0,SiteB,tulips,0.687297954,0.349695656,0.812213287,0.520294568,0.810361681,0.788856305,0.579667644,0.632453568,0.359726295,0.788856305,0.1485826,0.744868035,1.0
11314,left,1,4,bottle+tulips+kettle+wooden hand,Z,./stimuli/B_cropped_v1117/bottle2_tulip toy_kettle_hand/IMG_4874.jpg,tulips,annotator1,17,SiteH,kettle,0.637614249,0.221777231,0.787605692,0.401878683,0.548387097,0.769305963,0.407624633,0.548387097,0.250244379,0.704789834,0.105571848,0.560117302,1.0
11165,left,3,4,bottle+tulips+kettle+bunny,Z,./stimuli/B_cropped_v1117/bottle2_tulip toy_kettle_bunny/IMG_3759.jpg,tulips,annotator1,18,SiteB,bottle,0.71856823,0.330348733,0.833728935,0.504450876,0.866080156,0.788856305,0.569892473,0.632453568,0.335288368,0.769305963,0.109481916,0.686217009,1.0
11783,left,2,4,wooden hand+bunny+kettle+bottle,Z,./stimuli/B_cropped_v1117/hand_bunny_kettle_bottle2/IMG_4831.jpg,wooden hand,annotator2,0,SiteH,kettle,0.689422656,0.147999555,0.839414099,0.33684893,0.853372434,0.721407625,0.500488759,0.671554252,0.250244379,0.632453568,0.064516129,0.579667644,2.0
12216,left,1,4,pen holder+bunny+tulips+kettle,Z,./stimuli/B_cropped_v1117/pens_bunny_tulip toy_kettle/IMG_4145.jpg,kettle,annotator2,0,SiteB,kettle,0.676976376,0.318618528,0.808849626,0.492720671,0.721407625,0.769305963,0.458455523,0.769305963,0.284457478,0.579667644,0.1485826,0.769305963,0.0
11834,front,2,2,wooden hand+kettle,Z,./stimuli/B_cropped_v1117/hand_kettle/IMG_4489.jpg,wooden hand,annotator2,13,SiteH,-1,0.437842798,0.054756143,0.606145472,0.289329878,0.788856305,0.542521994,0.250244379,0.671554252,-1.0,-1.0,-1.0,-1.0,
12304,left,2,2,tissue+stuffed bird,Z,./stimuli/B_cropped_v1117/tissue_bird/IMG_3888.jpg,tissue,annotator2,0,SiteB,tissue,0.7,0.203041684,0.863852026,0.401063888,0.500488759,0.788856305,0.11827957,0.721407625,-1.0,-1.0,-1.0,-1.0,0.0
11109,front,3,4,bottle+tulips+kettle+bunny,Z,./stimuli/B_cropped_v1117/bottle2_tulip toy_kettle_bunny/IMG_3704.jpg,bottle,annotator1,12,SiteB,tulips,0.530061361,0.392518898,0.629273927,0.524392148,0.935483871,0.721407625,0.734115347,0.602150538,0.440860215,0.744868035,0.1485826,0.703812317,1.0
11545,right,2,3,wooden hand+bunny+bottle,Z,./stimuli/B_cropped_v1117/hand_bunny_bottle2/IMG_4311.jpg,bunny,annotator1,9,SiteH,bottle,0.232866563,0.312753425,0.369283975,0.486855568,0.884652981,0.602150538,0.721407625,0.721407625,0.382209189,0.788856305,-1.0,-1.0,1.0
11459,left,3,3,bottle+umbrella+keys,Z,./stimuli/B_cropped_v1117/bottle2_umbrella_keys/IMG_3515.jpg,bottle,annotator2,3,SiteB,bottle,0.694809013,0.266572551,0.834027742,0.45288004,0.866080156,0.671554252,0.500488759,0.769305963,0.11827957,0.769305963,-1.0,-1.0,0.0
12066,left,1,2,keys+remote control,Z,./stimuli/B_cropped_v1117/keys_remote2/IMG_3395.jpg,remote control,annotator2,12,SiteB,remote control,0.545207058,0.217347188,0.735340352,0.439544308,0.359726295,0.890518084,0.188660802,0.849462366,-1.0,-1.0,-1.0,-1.0,0.0
11288,front,3,4,bottle+tulips+kettle+wooden hand,Z,./stimuli/B_cropped_v1117/bottle2_tulip toy_kettle_hand/IMG_4644.jpg,tulips,annotator1,13,SiteH,tulips,0.450882476,0.444327305,0.550095041,0.576200554,0.942326491,0.788856305,0.671554252,0.693059629,0.359726295,0.788856305,0.042033236,0.721407625,0.0
11429,front,3,3,bottle+umbrella+keys,Z,./stimuli/B_cropped_v1117/bottle2_umbrella_keys/IMG_3483.jpg,keys,annotator2,0,SiteB,keys,0.419458267,0.374556814,0.5443736,0.528668993,0.884652981,0.671554252,0.500488759,0.832844575,0.099706745,0.832844575,-1.0,-1.0,0.0
11617,left,2,3,wooden hand+bunny+bottle,Z,./stimuli/B_cropped_v1117/hand_bunny_bottle2/IMG_4764.jpg,bunny,annotator1,6,SiteH,bottle,0.596558531,0.241394676,0.746549974,0.415496819,0.542521994,0.744868035,0.250244379,0.671554252,0.078201369,0.671554252,-1.0,-1.0,1.0
11191,right,1,4,bottle+tulips+kettle+wooden hand,Z,./stimuli/B_cropped_v1117/bottle2_tulip toy_kettle_hand/IMG_4396.jpg,wooden hand,annotator1,14,SiteH,tulips,0.220214445,0.151233277,0.370205888,0.349255481,0.866080156,0.542521994,0.764418377,0.458455523,0.69599218,0.671554252,0.548387097,0.602150538,2.0
11946,right,3,3,kettle+bunny+tulips,Z,./stimuli/B_cropped_v1117/kettle_bunny_tulip toy/IMG_3927.jpg,bunny,annotator2,12,SiteB,kettle,0.21514692,0.204249026,0.330307625,0.378351169,0.884652981,0.632453568,0.590420332,0.671554252,0.165200391,0.500488759,-1.0,-1.0,1.0
12162,front,2,4,pen holder+bunny+tulips+kettle,Z,./stimuli/B_cropped_v1117/pens_bunny_tulip toy_kettle/IMG_4091.jpg,tulips,annotator2,14,SiteB,-1,0.435674646,0.305153099,0.541842461,0.459265278,0.853372434,0.654936461,0.635386119,0.671554252,0.359726295,0.523949169,0.105571848,0.671554252,
11903,left,1,2,wooden hand+tulips,Z,./stimuli/B_cropped_v1117/hand_tulip toy/IMG_4707.jpg,tulips,annotator2,6,SiteH,wooden hand,0.66876383,0.052801109,0.840522583,0.287374844,0.390029326,0.632453568,0.105571848,0.442815249,-1.0,-1.0,-1.0,-1.0,1.0
11385,right,3,3,bottle+umbrella+keys,Z,./stimuli/B_cropped_v1117/bottle2_umbrella_keys/IMG_3434.jpg,umbrella,annotator2,15,SiteB,-1,0.40557586,0.250638851,0.534795596,0.439488226,0.942326491,0.671554252,0.594330401,0.744868035,0.129032258,0.827956989,-1.0,-1.0,
12202,left,1,4,pen holder+bunny+tulips+kettle,Z,./stimuli/B_cropped_v1117/pens_bunny_tulip toy_kettle/IMG_4131.jpg,tulips,annotator2,7,SiteB,-1,0.670794226,0.202740513,0.807211639,0.391589888,0.703812317,0.686217009,0.440860215,0.671554252,0.265884653,0.500488759,0.109481916,0.671554252,
11323,left,2,4,bottle+tulips+kettle+wooden hand,Z,./stimuli/B_cropped_v1117/bottle2_tulip toy_kettle_hand/IMG_4883.jpg,wooden hand,annotator1,6,SiteH,-1,0.663837544,0.214024197,0.788752877,0.38812634,0.703812317,0.769305963,0.470185728,0.548387097,0.250244379,0.671554252,0.078201369,0.548387097,
11601,left,1,3,wooden hand+bunny+bottle,Z,./stimuli/B_cropped_v1117/hand_bunny_bottle2/IMG_4748.jpg,wooden hand,annotator1,15,SiteH,bunny,0.615193307,0.185446376,0.776791053,0.38346858,0.500488759,0.686217009,0.250244379,0.671554252,0.10459433,0.632453568,-1.0,-1.0,1.0
12128,right,3,4,pen holder+bunny+tulips+kettle,Z,./stimuli/B_cropped_v1117/pens_bunny_tulip toy_kettle/IMG_4057.jpg,bunny,annotator2,5,SiteB,bunny,0.244472433,0.263715343,0.359633138,0.426411734,0.942326491,0.595307918,0.788856305,0.632453568,0.500488759,0.515151515,0.105571848,0.769305963,0.0
12211,left,1,4,pen holder+bunny+tulips+kettle,Z,./stimuli/B_cropped_v1117/pens_bunny_tulip toy_kettle/IMG_4140.jpg,kettle,annotator2,13,SiteB,bunny,0.696209671,0.282212824,0.832627083,0.468520314,0.721407625,0.744868035,0.458455523,0.721407625,0.295210166,0.548387097,0.1485826,0.721407625,2.0
12031,right,1,2,keys+remote control,Z,./stimuli/B_cropped_v1117/keys_remote2/IMG_3360.jpg,keys,annotator2,4,SiteB,remote control,0.189390831,0.1667673,0.379524125,0.435383238,0.866080156,0.845552297,0.500488759,0.890518084,-1.0,-1.0,-1.0,-1.0,1.0
11528,right,1,3,wooden hand+bunny+bottle,Z,./stimuli/B_cropped_v1117/hand_bunny_bottle2/IMG_4294.jpg,bunny,annotator1,8,SiteH,bunny,0.239764787,0.287784501,0.38975623,0.476633876,0.89540567,0.632453568,0.769305963,0.671554252,0.542521994,0.810361681,-1.0,-1.0,0.0
11133,left,1,4,bottle+tulips+kettle+bunny,Z,./stimuli/B_cropped_v1117/bottle2_tulip toy_kettle_bunny/IMG_3727.jpg,bottle,annotator1,3,SiteB,kettle,0.653198918,0.347944041,0.789616331,0.522046184,0.602150538,0.769305963,0.500488759,0.594330401,0.335288368,0.788856305,0.1485826,0.742913001,2.0
11932,right,2,3,kettle+bunny+tulips,Z,./stimuli/B_cropped_v1117/kettle_bunny_tulip toy/IMG_3913.jpg,tulips,annotator2,0,SiteB,-1,0.184307754,0.131381764,0.316181004,0.320231139,0.884652981,0.579667644,0.671554252,0.602150538,0.335288368,0.470185728,-1.0,-1.0,
11387,right,3,3,bottle+umbrella+keys,Z,./stimuli/B_cropped_v1117/bottle2_umbrella_keys/IMG_3436.jpg,bottle,annotator2,17,SiteB,bottle,0.428687031,0.245067174,0.560560281,0.431374664,0.935483871,0.632453568,0.579667644,0.744868035,0.129032258,0.811339198,-1.0,-1.0,0.0
12094,right,1,4,pen holder+bunny+tulips+kettle,Z,./stimuli/B_cropped_v1117/pens_bunny_tulip toy_kettle/IMG_4022.jpg,bunny,annotator2,6,SiteB,tulips,0.155698316,0.200271854,0.305689759,0.380373307,0.853372434,0.594330401,0.744868035,0.500488759,0.500488759,0.500488759,0.359726295,0.721407625,1.0
11279,front,2,4,bottle+tulips+kettle+wooden hand,Z,./stimuli/B_cropped_v1117/bottle2_tulip toy_kettle_hand/IMG_4635.jpg,kettle,annotator1,8,SiteH,wooden hand,0.395997856,0.277562809,0.52091319,0.451664952,0.900293255,0.744868035,0.632453568,0.542521994,0.359726295,0.769305963,0.101661779,0.632453568,1.0
11583,front,3,3,wooden hand+bunny+bottle,Z,./stimuli/B_cropped_v1117/hand_bunny_bottle2/IMG_4526.jpg,bunny,annotator1,7,SiteH,-1,0.466368817,0.373579296,0.581529522,0.527691476,0.921798631,0.686217009,0.500488759,0.721407625,0.078201369,0.744868035,-1.0,-1.0,
11607,left,2,3,wooden hand+bunny+bottle,Z,./stimuli/B_cropped_v1117/hand_bunny_bottle2/IMG_4754.jpg,bunny,annotator1,18,SiteH,-1,0.58069974,0.248977243,0.768273867,0.435284732,0.542521994,0.744868035,0.250244379,0.671554252,0.078201369,0.671554252,-1.0,-1.0,
11753,left,1,4,wooden hand+bunny+kettle+bottle,Z,./stimuli/B_cropped_v1117/hand_bunny_kettle_bottle2/IMG_4805.jpg,bottle,annotator2,16,SiteH,-1,0.628816595,0.179581273,0.778808038,0.377603478,0.602150538,0.744868035,0.359726295,0.632453568,0.219941349,0.721407625,0.053763441,0.632453568,
11709,front,1,4,wooden hand+bunny+kettle+bottle,Z,./stimuli/B_cropped_v1117/hand_bunny_kettle_bottle2/IMG_4556.jpg,kettle,annotator2,5,SiteH,bottle,0.375639665,0.178302585,0.525631108,0.36715196,0.89540567,0.602150538,0.671554252,0.579667644,0.335288368,0.721407625,0.109481916,0.671554252,1.0
12276,right,3,2,tissue+stuffed bird,Z,./stimuli/B_cropped_v1117/tissue_bird/IMG_3858.jpg,stuffed bird,annotator2,10,SiteB,stuffed bird,0.18702573,0.167549897,0.329103302,0.356399272,0.849462366,0.608993157,0.284457478,0.769305963,-1.0,-1.0,-1.0,-1.0,0.0
12218,left,1,4,pen holder+bunny+tulips+kettle,Z,./stimuli/B_cropped_v1117/pens_bunny_tulip toy_kettle/IMG_4147.jpg,bunny,annotator2,11,SiteB,kettle,0.682410369,0.330348733,0.807325702,0.504450876,0.721407625,0.788856305,0.458455523,0.769305963,0.359726295,0.594330401,0.1485826,0.769305963,2.0
11310,left,1,4,bottle+tulips+kettle+wooden hand,Z,./stimuli/B_cropped_v1117/bottle2_tulip toy_kettle_hand/IMG_4870.jpg,kettle,annotator1,11,SiteH,tulips,0.651299489,0.206650581,0.801290932,0.395499957,0.542521994,0.769305963,0.407624633,0.548387097,0.219941349,0.721407625,0.101661779,0.560117302,1.0
11642,right,1,4,wooden hand+bunny+kettle+bottle,Z,./stimuli/B_cropped_v1117/hand_bunny_kettle_bottle2/IMG_4336.jpg,kettle,annotator2,19,SiteH,kettle,0.149895164,0.094180032,0.31149291,0.316377152,0.935483871,0.500488759,0.832844575,0.500488759,0.671554252,0.671554252,0.500488759,0.671554252,0.0
12189,front,3,4,pen holder+bunny+tulips+kettle,Z,./stimuli/B_cropped_v1117/pens_bunny_tulip toy_kettle/IMG_4118.jpg,pen holder,annotator2,1,SiteB,bunny,0.488273799,0.419149188,0.590905087,0.558367918,0.890518084,0.721407625,0.69599218,0.721407625,0.345063539,0.607038123,0.099706745,0.744868035,1.0
12252,left,3,4,pen holder+bunny+tulips+kettle,Z,./stimuli/B_cropped_v1117/pens_bunny_tulip toy_kettle/IMG_4181.jpg,tulips,annotator2,0,SiteB,tulips,0.574137588,0.361008823,0.735735335,0.508981402,0.832844575,0.744868035,0.500488759,0.744868035,0.272727273,0.579667644,0.099706745,0.69599218,0.0
11138,left,1,4,bottle+tulips+kettle+bunny,Z,./stimuli/B_cropped_v1117/bottle2_tulip toy_kettle_bunny/IMG_3732.jpg,tulips,annotator1,2,SiteB,bunny,0.64135465,0.368268481,0.766269983,0.538867393,0.602150538,0.788856305,0.500488759,0.608993157,0.335288368,0.788856305,0.1485826,0.749755621,2.0
12203,left,1,4,pen holder+bunny+tulips+kettle,Z,./stimuli/B_cropped_v1117/pens_bunny_tulip toy_kettle/IMG_4132.jpg,kettle,annotator2,18,SiteB,-1,0.653198918,0.21056065,0.789616331,0.399410025,0.700879765,0.693059629,0.440860215,0.671554252,0.261974585,0.500488759,0.109481916,0.671554252,
11277,front,2,4,bottle+tulips+kettle+wooden hand,Z,./stimuli/B_cropped_v1117/bottle2_tulip toy_kettle_hand/IMG_4633.jpg,bottle,annotator1,19,SiteH,wooden hand,0.395997856,0.272675224,0.52091319,0.446777367,0.900293255,0.744868035,0.632453568,0.548387097,0.359726295,0.769305963,0.101661779,0.632453568,3.0
11450,left,2,3,bottle+umbrella+keys,Z,./stimuli/B_cropped_v1117/bottle2_umbrella_keys/IMG_3506.jpg,umbrella,annotator2,7,SiteB,umbrella,0.620996458,0.269675569,0.770987901,0.449777021,0.703812317,0.632453568,0.359726295,0.769305963,0.109481916,0.782013685,-1.0,-1.0,0.0
12150,front,1,4,pen holder+bunny+tulips+kettle,Z,./stimuli/B_cropped_v1117/pens_bunny_tulip toy_kettle/IMG_4079.jpg,tulips,annotator2,10,SiteB,bunny,0.429465056,0.226022865,0.591062803,0.43086863,0.788856305,0.686217009,0.602150538,0.671554252,0.39198436,0.500488759,0.109481916,0.744868035,1.0
11060,front,1,4,bottle+tulips+kettle+bunny,Z,./stimuli/B_cropped_v1117/bottle2_tulip toy_kettle_bunny/IMG_3655.jpg,bottle,annotator1,2,SiteB,-1,0.490817016,0.160707277,0.615732349,0.349556653,0.866080156,0.632453568,0.632453568,0.42228739,0.500488759,0.671554252,0.188660802,0.500488759,
12182,front,3,4,pen holder+bunny+tulips+kettle,Z,./stimuli/B_cropped_v1117/pens_bunny_tulip toy_kettle/IMG_4111.jpg,tulips,annotator2,3,SiteB,-1,0.465545232,0.39996255,0.564757798,0.534543803,0.884652981,0.704789834,0.674486804,0.721407625,0.335288368,0.594330401,0.099706745,0.721407625,
11730,front,3,4,wooden hand+bunny+kettle+bottle,Z,./stimuli/B_cropped_v1117/hand_bunny_kettle_bottle2/IMG_4576.jpg,wooden hand,annotator2,11,SiteH,-1,0.472633525,0.447381636,0.575264813,0.573146223,0.959921799,0.721407625,0.703812317,0.769305963,0.31769306,0.788856305,0.053763441,0.744868035,
11958,front,1,3,kettle+bunny+tulips,Z,./stimuli/B_cropped_v1117/kettle_bunny_tulip toy/IMG_3939.jpg,bunny,annotator2,17,SiteB,kettle,0.465465904,0.121280326,0.619578084,0.330332577,0.788856305,0.671554252,0.500488759,0.500488759,0.109481916,0.458455523,-1.0,-1.0,1.0
12362,left,3,2,tulips+kettle,Z,./stimuli/B_cropped_v1117/tulip toy_kettle/IMG_3831.jpg,tulips,annotator1,8,SiteB,-1,0.717817519,0.155819692,0.859895091,0.344669067,0.744868035,0.442815249,0.109481916,0.632453568,-1.0,-1.0,-1.0,-1.0,
11909,left,2,2,wooden hand+tulips,Z,./stimuli/B_cropped_v1117/hand_tulip toy/IMG_4713.jpg,tulips,annotator2,7,SiteH,wooden hand,0.708057432,0.047913523,0.869655178,0.282487259,0.542521994,0.602150538,0.165200391,0.407624633,-1.0,-1.0,-1.0,-1.0,1.0
11657,right,2,4,wooden hand+bunny+kettle+bottle,Z,./stimuli/B_cropped_v1117/hand_bunny_kettle_bottle2/IMG_4351.jpg,bottle,annotator2,8,SiteH,wooden hand,0.169445506,0.067825134,0.331043252,0.284081025,0.942326491,0.407624633,0.811339198,0.500488759,0.594330401,0.671554252,0.335288368,0.744868035,3.0
11690,front,1,4,wooden hand+bunny+kettle+bottle,Z,./stimuli/B_cropped_v1117/hand_bunny_kettle_bottle2/IMG_4537.jpg,wooden hand,annotator2,7,SiteH,-1,0.404965178,0.159053414,0.554956621,0.357075618,0.890518084,0.602150538,0.671554252,0.594330401,0.335288368,0.721407625,0.109481916,0.671554252,
11755,left,1,4,wooden hand+bunny+kettle+bottle,Z,./stimuli/B_cropped_v1117/hand_bunny_kettle_bottle2/IMG_4807.jpg,bunny,annotator2,10,SiteH,wooden hand,0.653316474,0.164599327,0.81491422,0.380855218,0.602150538,0.744868035,0.359726295,0.632453568,0.188660802,0.721407625,0.053763441,0.632453568,1.0
11531,right,1,3,wooden hand+bunny+bottle,Z,./stimuli/B_cropped_v1117/hand_bunny_bottle2/IMG_4297.jpg,bottle,annotator1,17,SiteH,bottle,0.230852091,0.305379809,0.365433344,0.494229184,0.89540567,0.632453568,0.769305963,0.671554252,0.542521994,0.810361681,-1.0,-1.0,0.0
11380,right,2,3,bottle+umbrella+keys,Z,./stimuli/B_cropped_v1117/bottle2_umbrella_keys/IMG_3429.jpg,keys,annotator2,15,SiteB,umbrella,0.321820619,0.251917539,0.458238032,0.449939743,0.923753666,0.671554252,0.594330401,0.788856305,0.146627566,0.884652981,-1.0,-1.0,1.0
11938,right,2,3,kettle+bunny+tulips,Z,./stimuli/B_cropped_v1117/kettle_bunny_tulip toy/IMG_3919.jpg,tulips,annotator2,0,SiteB,bunny,0.166873551,0.147999555,0.364895755,0.33684893,0.884652981,0.594330401,0.671554252,0.632453568,0.335288368,0.481915934,-1.0,-1.0,1.0
12348,front,3,2,tulips+kettle,Z,./stimuli/B_cropped_v1117/tulip toy_kettle/IMG_3811.jpg,kettle,annotator1,1,SiteB,kettle,0.452693849,0.295158117,0.577609182,0.46926026,0.853372434,0.500488759,0.11827957,0.721407625,-1.0,-1.0,-1.0,-1.0,0.0
11802,left,3,4,wooden hand+bunny+kettle+bottle,Z,./stimuli/B_cropped_v1117/hand_bunny_kettle_bottle2/IMG_4850.jpg,kettle,annotator2,6,SiteH,kettle,0.59,0.282670206,0.734875373,0.436782385,0.849462366,0.744868035,0.500488759,0.769305963,0.188660802,0.671554252,0.064516129,0.632453568,0.0
11699,front,1,4,wooden hand+bunny+kettle+bottle,Z,./stimuli/B_cropped_v1117/hand_bunny_kettle_bottle2/IMG_4546.jpg,wooden hand,annotator2,8,SiteH,bunny,0.406920212,0.160243336,0.556911655,0.363705833,0.890518084,0.602150538,0.671554252,0.579667644,0.335288368,0.721407625,0.109481916,0.671554252,1.0
11969,front,2,3,kettle+bunny+tulips,Z,./stimuli/B_cropped_v1117/kettle_bunny_tulip toy/IMG_3950.jpg,kettle,annotator2,6,SiteB,kettle,0.485065976,0.077618323,0.621483388,0.266467698,0.900293255,0.542521994,0.542521994,0.500488759,0.165200391,0.335288368,-1.0,-1.0,0.0
22111,right,2,4,pen holder+bunny+tulips+kettle,Z,./stimuli/B_cropped_v1117/pens_bunny_tulip toy_kettle/IMG_4040.jpg,kettle,annotator2,13,SiteB,bunny,0.154605757,0.197406407,0.28918701,0.371508549,0.89540567,0.569892473,0.744868035,0.500488759,0.500488759,0.476050831,0.1485826,0.744868035,2.0
22343,front,2,2,tulips+kettle,Z,./stimuli/B_cropped_v1117/tulip toy_kettle/IMG_3806.jpg,tulips,annotator1,1,SiteB,kettle,0.443088345,0.233694793,0.593079788,0.442747044,0.769305963,0.500488759,0.250244379,0.769305963,-1.0,-1.0,-1.0,-1.0,1.0
21890,front,2,2,wooden hand+tulips,Z,./stimuli/B_cropped_v1117/hand_tulip toy/IMG_4473.jpg,wooden hand,annotator2,2,SiteH,wooden hand,0.424938067,0.074366219,0.622960271,0.332280897,0.853372434,0.632453568,0.250244379,0.500488759,-1.0,-1.0,-1.0,-1.0,0.0
21499,front,3,2,bunny+wooden hand,Z,./stimuli/B_cropped_v1117/bunny_hand/IMG_4460.jpg,wooden hand,annotator1,9,SiteH,-1,0.366786406,0.269675569,0.503203819,0.449777021,0.866080156,0.671554252,0.101661779,0.660801564,-1.0,-1.0,-1.0,-1.0,
21465,left,3,3,bottle+umbrella+keys,Z,./stimuli/B_cropped_v1117/bottle2_umbrella_keys/IMG_3521.jpg,keys,annotator2,9,SiteB,keys,0.645067551,0.28564518,0.774287287,0.449447685,0.866080156,0.671554252,0.500488759,0.769305963,0.099706745,0.782013685,-1.0,-1.0,0.0
21877,right,3,2,wooden hand+tulips,Z,./stimuli/B_cropped_v1117/hand_tulip toy/IMG_4265.jpg,tulips,annotator2,10,SiteH,-1,0.232984118,0.164599327,0.394581864,0.380855218,0.942326491,0.542521994,0.481915934,0.602150538,-1.0,-1.0,-1.0,-1.0,
21566,front,1,3,wooden hand+bunny+bottle,Z,./stimuli/B_cropped_v1117/hand_bunny_bottle2/IMG_4509.jpg,bottle,annotator1,7,SiteH,bunny,0.390885569,0.212816855,0.610091948,0.410839059,0.89540567,0.632453568,0.500488759,0.632453568,0.109481916,0.671554252,-1.0,-1.0,1.0
21664,right,2,4,wooden hand+bunny+kettle+bottle,Z,./stimuli/B_cropped_v1117/hand_bunny_kettle_bottle2/IMG_4358.jpg,bunny,annotator2,17,SiteH,kettle,0.122524685,0.085541583,0.284122431,0.29178002,0.935483871,0.403714565,0.811339198,0.500488759,0.594330401,0.671554252,0.335288368,0.671554252,1.0
21754,left,1,4,wooden hand+bunny+kettle+bottle,Z,./stimuli/B_cropped_v1117/hand_bunny_kettle_bottle2/IMG_4806.jpg,wooden hand,annotator2,8,SiteH,wooden hand,0.653316474,0.171133698,0.81491422,0.38018595,0.602150538,0.744868035,0.403714565,0.744868035,0.219941349,0.721407625,0.053763441,0.632453568,0.0
21575,front,2,3,wooden hand+bunny+bottle,Z,./stimuli/B_cropped_v1117/hand_bunny_bottle2/IMG_4518.jpg,bottle,annotator1,0,SiteH,wooden hand,0.434352642,0.215270177,0.595950388,0.420115942,0.744868035,0.632453568,0.500488759,0.671554252,0.250244379,0.671554252,-1.0,-1.0,2.0
22273,right,3,2,tissue+stuffed bird,Z,./stimuli/B_cropped_v1117/tissue_bird/IMG_3855.jpg,stuffed bird,annotator2,10,SiteB,-1,0.186978863,0.126795349,0.336970306,0.324817554,0.853372434,0.594330401,0.301075269,0.769305963,-1.0,-1.0,-1.0,-1.0,
22084,right,1,4,pen holder+bunny+tulips+kettle,Z,./stimuli/B_cropped_v1117/pens_bunny_tulip toy_kettle/IMG_4012.jpg,pen holder,annotator2,14,SiteB,pen holder,0.187786713,0.255079916,0.312702046,0.429182059,0.91202346,0.632453568,0.744868035,0.579667644,0.500488759,0.548387097,0.335288368,0.769305963,0.0
21560,front,1,3,wooden hand+bunny+bottle,Z,./stimuli/B_cropped_v1117/hand_bunny_bottle2/IMG_4503.jpg,bottle,annotator1,19,SiteH,-1,0.409852763,0.212816855,0.559844206,0.410839059,0.89540567,0.632453568,0.500488759,0.632453568,0.109481916,0.671554252,-1.0,-1.0,
21398,front,1,3,bottle+umbrella+keys,Z,./stimuli/B_cropped_v1117/bottle2_umbrella_keys/IMG_3447.jpg,keys,annotator2,1,SiteB,-1,0.41523912,0.245767298,0.55445785,0.438494676,0.716520039,0.500488759,0.500488759,0.721407625,0.146627566,0.788856305,-1.0,-1.0,
22317,right,1,2,tulips+kettle,Z,./stimuli/B_cropped_v1117/tulip toy_kettle/IMG_3780.jpg,kettle,annotator1,6,SiteB,tulips,0.243619251,0.2477063,0.380036663,0.436555675,0.801564027,0.515151515,0.671554252,0.744868035,-1.0,-1.0,-1.0,-1.0,1.0
21747,front,3,4,wooden hand+bunny+kettle+bottle,Z,./stimuli/B_cropped_v1117/hand_bunny_kettle_bottle2/IMG_4593.jpg,wooden hand,annotator2,16,SiteH,bottle,0.420579445,0.452269221,0.519792011,0.578033809,0.959921799,0.721407625,0.703812317,0.749755621,0.335288368,0.788856305,0.053763441,0.744868035,3.0
22329,right,3,2,tulips+kettle,Z,./stimuli/B_cropped_v1117/tulip toy_kettle/IMG_3792.jpg,kettle,annotator1,2,SiteB,tulips,0.225363473,0.218674212,0.357236723,0.404981702,0.884652981,0.488758553,0.359726295,0.744868035,-1.0,-1.0,-1.0,-1.0,1.0
21883,front,1,2,wooden hand+tulips,Z,./stimuli/B_cropped_v1117/hand_tulip toy/IMG_4466.jpg,tulips,annotator2,18,SiteH,-1,0.401477656,0.079362293,0.599499861,0.325329789,0.716520039,0.632453568,0.359726295,0.523949169,-1.0,-1.0,-1.0,-1.0,
22148,front,1,4,pen holder+bunny+tulips+kettle,Z,./stimuli/B_cropped_v1117/pens_bunny_tulip toy_kettle/IMG_4077.jpg,bunny,annotator2,2,SiteB,bunny,0.425493037,0.217225211,0.57548448,0.422070976,0.788856305,0.686217009,0.602150538,0.671554252,0.373411535,0.500488759,0.105571848,0.744868035,0.0
22126,right,3,4,pen holder+bunny+tulips+kettle,Z,./stimuli/B_cropped_v1117/pens_bunny_tulip toy_kettle/IMG_4055.jpg,tulips,annotator2,1,SiteB,pen holder,0.254247605,0.260782792,0.369408309,0.423479183,0.942326491,0.590420332,0.788856305,0.632453568,0.500488759,0.515151515,0.105571848,0.788856305,2.0
21578,front,2,3,wooden hand+bunny+bottle,Z,./stimuli/B_cropped_v1117/hand_bunny_bottle2/IMG_4521.jpg,bottle,annotator1,18,SiteH,bunny,0.405422111,0.217225211,0.595555406,0.422070976,0.744868035,0.632453568,0.500488759,0.671554252,0.250244379,0.671554252,-1.0,-1.0,1.0
21434,left,1,3,bottle+umbrella+keys,Z,./stimuli/B_cropped_v1117/bottle2_umbrella_keys/IMG_3489.jpg,keys,annotator2,8,SiteB,-1,0.565162941,0.234484953,0.699744194,0.414586406,0.579667644,0.632453568,0.359726295,0.769305963,0.11827957,0.788856305,-1.0,-1.0,
21515,left,2,2,bunny+wooden hand,Z,./stimuli/B_cropped_v1117/bunny_hand/IMG_4696.jpg,bunny,annotator1,16,SiteH,wooden hand,0.635721166,0.104970784,0.797318912,0.321226675,0.434995112,0.671554252,0.109481916,0.500488759,-1.0,-1.0,-1.0,-1.0,1.0
21039,right,2,4,bottle+tulips+kettle+bunny,Z,./stimuli/B_cropped_v1117/bottle2_tulip toy_kettle_bunny/IMG_3628.jpg,kettle,annotator1,3,SiteB,bunny,0.225363473,0.26387757,0.357236723,0.437979713,0.921798631,0.671554252,0.769305963,0.523949169,0.632453568,0.721407625,0.359726295,0.632453568,1.0
21485,right,3,2,bunny+wooden hand,Z,./stimuli/B_cropped_v1117/bunny_hand/IMG_4251.jpg,bunny,annotator1,12,SiteH,wooden hand,0.200664103,0.256503954,0.350655546,0.445353329,0.884652981,0.671554252,0.470185728,0.721407625,-1.0,-1.0,-1.0,-1.0,1.0
21720,front,2,4,wooden hand+bunny+kettle+bottle,Z,./stimuli/B_cropped_v1117/hand_bunny_kettle_bottle2/IMG_4567.jpg,kettle,annotator2,9,SiteH,bunny,0.44,0.415612532,0.56,0.569724711,0.942326491,0.749755621,0.69599218,0.769305963,0.359726295,0.853372434,0.10459433,0.788856305,1.0
21956,front,1,3,kettle+bunny+tulips,Z,./stimuli/B_cropped_v1117/kettle_bunny_tulip toy/IMG_3937.jpg,tulips,annotator2,12,SiteB,-1,0.449799998,0.077239037,0.621558751,0.311812772,0.853372434,0.721407625,0.500488759,0.500488759,0.188660802,0.42228739,-1.0,-1.0,
21541,right,2,3,wooden hand+bunny+bottle,Z,./stimuli/B_cropped_v1117/hand_bunny_bottle2/IMG_4307.jpg,wooden hand,annotator1,16,SiteH,bunny,0.262509123,0.302978254,0.394382373,0.477080397,0.884652981,0.602150538,0.721407625,0.721407625,0.382209189,0.788856305,-1.0,-1.0,1.0
21524,right,1,3,wooden hand+bunny+bottle,Z,./stimuli/B_cropped_v1117/hand_bunny_bottle2/IMG_4290.jpg,bottle,annotator1,18,SiteH,-1,0.235901586,0.295604638,0.377979157,0.484454013,0.89540567,0.632453568,0.769305963,0.632453568,0.542521994,0.810361681,-1.0,-1.0,
21563,front,1,3,wooden hand+bunny+bottle,Z,./stimuli/B_cropped_v1117/hand_bunny_bottle2/IMG_4506.jpg,bottle,annotator1,18,SiteH,wooden hand,0.434352642,0.209405075,0.595950388,0.414250839,0.89540567,0.632453568,0.500488759,0.671554252,0.109481916,0.671554252,-1.0,-1.0,2.0
22129,right,3,4,pen holder+bunny+tulips+kettle,Z,./stimuli/B_cropped_v1117/pens_bunny_tulip toy_kettle/IMG_4058.jpg,pen holder,annotator2,16,SiteB,bunny,0.248968879,0.263715343,0.355136693,0.426411734,0.942326491,0.595307918,0.788856305,0.632453568,0.500488759,0.515151515,0.105571848,0.769305963,1.0
21591,front,3,3,wooden hand+bunny+bottle,Z,./stimuli/B_cropped_v1117/hand_bunny_bottle2/IMG_4534.jpg,bottle,annotator1,7,SiteH,bottle,0.416515444,0.366873925,0.531676149,0.514846505,0.921798631,0.686217009,0.500488759,0.721407625,0.064516129,0.721407625,-1.0,-1.0,0.0
21549,right,3,3,wooden hand+bunny+bottle,Z,./stimuli/B_cropped_v1117/hand_bunny_bottle2/IMG_4315.jpg,wooden hand,annotator1,4,SiteH,wooden hand,0.287483186,0.295158117,0.402643891,0.46926026,0.853372434,0.579667644,0.671554252,0.686217009,0.250244379,0.788856305,-1.0,-1.0,0.0
22282,front,1,2,tissue+stuffed bird,Z,./stimuli/B_cropped_v1117/tissue_bird/IMG_3864.jpg,stuffed bird,annotator2,5,SiteB,stuffed bird,0.426912763,0.098529362,0.603390268,0.323758028,0.671554252,0.788856305,0.219941349,0.832844575,-1.0,-1.0,-1.0,-1.0,0.0
22132,right,3,4,pen holder+bunny+tulips+kettle,Z,./stimuli/B_cropped_v1117/pens_bunny_tulip toy_kettle/IMG_4061.jpg,tulips,annotator2,2,SiteB,tulips,0.213202157,0.253940172,0.338117491,0.416636563,0.942326491,0.579667644,0.788856305,0.632453568,0.500488759,0.500488759,0.105571848,0.769305963,0.0
21304,left,1,4,bottle+tulips+kettle+wooden hand,Z,./stimuli/B_cropped_v1117/bottle2_tulip toy_kettle_hand/IMG_4864.jpg,bottle,annotator1,11,SiteH,bottle,0.663076561,0.20471158,0.805154133,0.397438958,0.542521994,0.769305963,0.405669599,0.560117302,0.230694037,0.721407625,0.099706745,0.602150538,0.0
21966,front,2,3,kettle+bunny+tulips,Z,./stimuli/B_cropped_v1117/kettle_bunny_tulip toy/IMG_3947.jpg,kettle,annotator2,4,SiteB,-1,0.432280052,0.08543846,0.568697465,0.274287835,0.866080156,0.590420332,0.500488759,0.500488759,0.11827957,0.359726295,-1.0,-1.0,
21066,front,1,4,bottle+tulips+kettle+bunny,Z,./stimuli/B_cropped_v1117/bottle2_tulip toy_kettle_bunny/IMG_3661.jpg,kettle,annotator1,3,SiteB,bottle,0.511344875,0.16801379,0.636260208,0.348115242,0.884652981,0.632453568,0.660801564,0.407624633,0.500488759,0.671554252,0.188660802,0.500488759,2.0
21150,left,2,4,bottle+tulips+kettle+bunny,Z,./stimuli/B_cropped_v1117/bottle2_tulip toy_kettle_bunny/IMG_3744.jpg,kettle,annotator1,0,SiteB,tulips,0.687297954,0.349695656,0.812213287,0.520294568,0.810361681,0.788856305,0.579667644,0.632453568,0.359726295,0.788856305,0.1485826,0.744868035,1.0
21314,left,1,4,bottle+tulips+kettle+wooden hand,Z,./stimuli/B_cropped_v1117/bottle2_tulip toy_kettle_hand/IMG_4874.jpg,tulips,annotator1,17,SiteH,kettle,0.637614249,0.221777231,0.787605692,0.401878683,0.548387097,0.769305963,0.407624633,0.548387097,0.250244379,0.704789834,0.105571848,0.560117302,1.0
21165,left,3,4,bottle+tulips+kettle+bunny,Z,./stimuli/B_cropped_v1117/bottle2_tulip toy_kettle_bunny/IMG_3759.jpg,tulips,annotator1,18,SiteB,bottle,0.71856823,0.330348733,0.833728935,0.504450876,0.866080156,0.788856305,0.569892473,0.632453568,0.335288368,0.769305963,0.109481916,0.686217009,1.0
21783,left,2,4,wooden hand+bunny+kettle+bottle,Z,./stimuli/B_cropped_v1117/hand_bunny_kettle_bottle2/IMG_4831.jpg,wooden hand,annotator2,0,SiteH,kettle,0.689422656,0.147999555,0.839414099,0.33684893,0.853372434,0.721407625,0.500488759,0.671554252,0.250244379,0.632453568,0.064516129,0.579667644,2.0
22216,left,1,4,pen holder+bunny+tulips+kettle,Z,./stimuli/B_cropped_v1117/pens_bunny_tulip toy_kettle/IMG_4145.jpg,kettle,annotator2,0,SiteB,kettle,0.676976376,0.318618528,0.808849626,0.492720671,0.721407625,0.769305963,0.458455523,0.769305963,0.284457478,0.579667644,0.1485826,0.769305963,0.0
21834,front,2,2,wooden hand+kettle,Z,./stimuli/B_cropped_v1117/hand_kettle/IMG_4489.jpg,wooden hand,annotator2,13,SiteH,-1,0.437842798,0.054756143,0.606145472,0.289329878,0.788856305,0.542521994,0.250244379,0.671554252,-1.0,-1.0,-1.0,-1.0,
22304,left,2,2,tissue+stuffed bird,Z,./stimuli/B_cropped_v1117/tissue_bird/IMG_3888.jpg,tissue,annotator2,0,SiteB,tissue,0.7,0.203041684,0.863852026,0.401063888,0.500488759,0.788856305,0.11827957,0.721407625,-1.0,-1.0,-1.0,-1.0,0.0
21109,front,3,4,bottle+tulips+kettle+bunny,Z,./stimuli/B_cropped_v1117/bottle2_tulip toy_kettle_bunny/IMG_3704.jpg,bottle,annotator1,12,SiteB,tulips,0.530061361,0.392518898,0.629273927,0.524392148,0.935483871,0.721407625,0.734115347,0.602150538,0.440860215,0.744868035,0.1485826,0.703812317,1.0
21545,right,2,3,wooden hand+bunny+bottle,Z,./stimuli/B_cropped_v1117/hand_bunny_bottle2/IMG_4311.jpg,bunny,annotator1,9,SiteH,bottle,0.232866563,0.312753425,0.369283975,0.486855568,0.884652981,0.602150538,0.721407625,0.721407625,0.382209189,0.788856305,-1.0,-1.0,1.0
21459,left,3,3,bottle+umbrella+keys,Z,./stimuli/B_cropped_v1117/bottle2_umbrella_keys/IMG_3515.jpg,bottle,annotator2,3,SiteB,bottle,0.694809013,0.266572551,0.834027742,0.45288004,0.866080156,0.671554252,0.500488759,0.769305963,0.11827957,0.769305963,-1.0,-1.0,0.0
22066,left,1,2,keys+remote control,Z,./stimuli/B_cropped_v1117/keys_remote2/IMG_3395.jpg,remote control,annotator2,12,SiteB,remote control,0.545207058,0.217347188,0.735340352,0.439544308,0.359726295,0.890518084,0.188660802,0.849462366,-1.0,-1.0,-1.0,-1.0,0.0
21288,front,3,4,bottle+tulips+kettle+wooden hand,Z,./stimuli/B_cropped_v1117/bottle2_tulip toy_kettle_hand/IMG_4644.jpg,tulips,annotator1,13,SiteH,tulips,0.450882476,0.444327305,0.550095041,0.576200554,0.942326491,0.788856305,0.671554252,0.693059629,0.359726295,0.788856305,0.042033236,0.721407625,0.0
21429,front,3,3,bottle+umbrella+keys,Z,./stimuli/B_cropped_v1117/bottle2_umbrella_keys/IMG_3483.jpg,keys,annotator2,0,SiteB,keys,0.419458267,0.374556814,0.5443736,0.528668993,0.884652981,0.671554252,0.500488759,0.832844575,0.099706745,0.832844575,-1.0,-1.0,0.0
21617,left,2,3,wooden hand+bunny+bottle,Z,./stimuli/B_cropped_v1117/hand_bunny_bottle2/IMG_4764.jpg,bunny,annotator1,6,SiteH,bottle,0.596558531,0.241394676,0.746549974,0.415496819,0.542521994,0.744868035,0.250244379,0.671554252,0.078201369,0.671554252,-1.0,-1.0,1.0
21191,right,1,4,bottle+tulips+kettle+wooden hand,Z,./stimuli/B_cropped_v1117/bottle2_tulip toy_kettle_hand/IMG_4396.jpg,wooden hand,annotator1,14,SiteH,tulips,0.220214445,0.151233277,0.370205888,0.349255481,0.866080156,0.542521994,0.764418377,0.458455523,0.69599218,0.671554252,0.548387097,0.602150538,2.0
21946,right,3,3,kettle+bunny+tulips,Z,./stimuli/B_cropped_v1117/kettle_bunny_tulip toy/IMG_3927.jpg,bunny,annotator2,12,SiteB,kettle,0.21514692,0.204249026,0.330307625,0.378351169,0.884652981,0.632453568,0.590420332,0.671554252,0.165200391,0.500488759,-1.0,-1.0,1.0
22162,front,2,4,pen holder+bunny+tulips+kettle,Z,./stimuli/B_cropped_v1117/pens_bunny_tulip toy_kettle/IMG_4091.jpg,tulips,annotator2,14,SiteB,-1,0.435674646,0.305153099,0.541842461,0.459265278,0.853372434,0.654936461,0.635386119,0.671554252,0.359726295,0.523949169,0.105571848,0.671554252,
21903,left,1,2,wooden hand+tulips,Z,./stimuli/B_cropped_v1117/hand_tulip toy/IMG_4707.jpg,tulips,annotator2,6,SiteH,wooden hand,0.66876383,0.052801109,0.840522583,0.287374844,0.390029326,0.632453568,0.105571848,0.442815249,-1.0,-1.0,-1.0,-1.0,1.0
21385,right,3,3,bottle+umbrella+keys,Z,./stimuli/B_cropped_v1117/bottle2_umbrella_keys/IMG_3434.jpg,umbrella,annotator2,15,SiteB,-1,0.40557586,0.250638851,0.534795596,0.439488226,0.942326491,0.671554252,0.594330401,0.744868035,0.129032258,0.827956989,-1.0,-1.0,
22202,left,1,4,pen holder+bunny+tulips+kettle,Z,./stimuli/B_cropped_v1117/pens_bunny_tulip toy_kettle/IMG_4131.jpg,tulips,annotator2,7,SiteB,-1,0.670794226,0.202740513,0.807211639,0.391589888,0.703812317,0.686217009,0.440860215,0.671554252,0.265884653,0.500488759,0.109481916,0.671554252,
21323,left,2,4,bottle+tulips+kettle+wooden hand,Z,./stimuli/B_cropped_v1117/bottle2_tulip toy_kettle_hand/IMG_4883.jpg,wooden hand,annotator1,6,SiteH,-1,0.663837544,0.214024197,0.788752877,0.38812634,0.703812317,0.769305963,0.470185728,0.548387097,0.250244379,0.671554252,0.078201369,0.548387097,
21601,left,1,3,wooden hand+bunny+bottle,Z,./stimuli/B_cropped_v1117/hand_bunny_bottle2/IMG_4748.jpg,wooden hand,annotator1,15,SiteH,bunny,0.615193307,0.185446376,0.776791053,0.38346858,0.500488759,0.686217009,0.250244379,0.671554252,0.10459433,0.632453568,-1.0,-1.0,1.0
22128,right,3,4,pen holder+bunny+tulips+kettle,Z,./stimuli/B_cropped_v1117/pens_bunny_tulip toy_kettle/IMG_4057.jpg,bunny,annotator2,5,SiteB,bunny,0.244472433,0.263715343,0.359633138,0.426411734,0.942326491,0.595307918,0.788856305,0.632453568,0.500488759,0.515151515,0.105571848,0.769305963,0.0
22211,left,1,4,pen holder+bunny+tulips+kettle,Z,./stimuli/B_cropped_v1117/pens_bunny_tulip toy_kettle/IMG_4140.jpg,kettle,annotator2,13,SiteB,bunny,0.696209671,0.282212824,0.832627083,0.468520314,0.721407625,0.744868035,0.458455523,0.721407625,0.295210166,0.548387097,0.1485826,0.721407625,2.0
22031,right,1,2,keys+remote control,Z,./stimuli/B_cropped_v1117/keys_remote2/IMG_3360.jpg,keys,annotator2,4,SiteB,remote control,0.189390831,0.1667673,0.379524125,0.435383238,0.866080156,0.845552297,0.500488759,0.890518084,-1.0,-1.0,-1.0,-1.0,1.0
21528,right,1,3,wooden hand+bunny+bottle,Z,./stimuli/B_cropped_v1117/hand_bunny_bottle2/IMG_4294.jpg,bunny,annotator1,8,SiteH,bunny,0.239764787,0.287784501,0.38975623,0.476633876,0.89540567,0.632453568,0.769305963,0.671554252,0.542521994,0.810361681,-1.0,-1.0,0.0
21133,left,1,4,bottle+tulips+kettle+bunny,Z,./stimuli/B_cropped_v1117/bottle2_tulip toy_kettle_bunny/IMG_3727.jpg,bottle,annotator1,3,SiteB,kettle,0.653198918,0.347944041,0.789616331,0.522046184,0.602150538,0.769305963,0.500488759,0.594330401,0.335288368,0.788856305,0.1485826,0.742913001,2.0
21932,right,2,3,kettle+bunny+tulips,Z,./stimuli/B_cropped_v1117/kettle_bunny_tulip toy/IMG_3913.jpg,tulips,annotator2,0,SiteB,-1,0.184307754,0.131381764,0.316181004,0.320231139,0.884652981,0.579667644,0.671554252,0.602150538,0.335288368,0.470185728,-1.0,-1.0,
21387,right,3,3,bottle+umbrella+keys,Z,./stimuli/B_cropped_v1117/bottle2_umbrella_keys/IMG_3436.jpg,bottle,annotator2,17,SiteB,bottle,0.428687031,0.245067174,0.560560281,0.431374664,0.935483871,0.632453568,0.579667644,0.744868035,0.129032258,0.811339198,-1.0,-1.0,0.0
22094,right,1,4,pen holder+bunny+tulips+kettle,Z,./stimuli/B_cropped_v1117/pens_bunny_tulip toy_kettle/IMG_4022.jpg,bunny,annotator2,6,SiteB,tulips,0.155698316,0.200271854,0.305689759,0.380373307,0.853372434,0.594330401,0.744868035,0.500488759,0.500488759,0.500488759,0.359726295,0.721407625,1.0
21279,front,2,4,bottle+tulips+kettle+wooden hand,Z,./stimuli/B_cropped_v1117/bottle2_tulip toy_kettle_hand/IMG_4635.jpg,kettle,annotator1,8,SiteH,wooden hand,0.395997856,0.277562809,0.52091319,0.451664952,0.900293255,0.744868035,0.632453568,0.542521994,0.359726295,0.769305963,0.101661779,0.632453568,1.0
21583,front,3,3,wooden hand+bunny+bottle,Z,./stimuli/B_cropped_v1117/hand_bunny_bottle2/IMG_4526.jpg,bunny,annotator1,7,SiteH,-1,0.466368817,0.373579296,0.581529522,0.527691476,0.921798631,0.686217009,0.500488759,0.721407625,0.078201369,0.744868035,-1.0,-1.0,
21607,left,2,3,wooden hand+bunny+bottle,Z,./stimuli/B_cropped_v1117/hand_bunny_bottle2/IMG_4754.jpg,bunny,annotator1,18,SiteH,-1,0.58069974,0.248977243,0.768273867,0.435284732,0.542521994,0.744868035,0.250244379,0.671554252,0.078201369,0.671554252,-1.0,-1.0,
21753,left,1,4,wooden hand+bunny+kettle+bottle,Z,./stimuli/B_cropped_v1117/hand_bunny_kettle_bottle2/IMG_4805.jpg,bottle,annotator2,16,SiteH,-1,0.628816595,0.179581273,0.778808038,0.377603478,0.602150538,0.744868035,0.359726295,0.632453568,0.219941349,0.721407625,0.053763441,0.632453568,
21709,front,1,4,wooden hand+bunny+kettle+bottle,Z,./stimuli/B_cropped_v1117/hand_bunny_kettle_bottle2/IMG_4556.jpg,kettle,annotator2,5,SiteH,bottle,0.375639665,0.178302585,0.525631108,0.36715196,0.89540567,0.602150538,0.671554252,0.579667644,0.335288368,0.721407625,0.109481916,0.671554252,1.0
22276,right,3,2,tissue+stuffed bird,Z,./stimuli/B_cropped_v1117/tissue_bird/IMG_3858.jpg,stuffed bird,annotator2,10,SiteB,stuffed bird,0.18702573,0.167549897,0.329103302,0.356399272,0.849462366,0.608993157,0.284457478,0.769305963,-1.0,-1.0,-1.0,-1.0,0.0
22218,left,1,4,pen holder+bunny+tulips+kettle,Z,./stimuli/B_cropped_v1117/pens_bunny_tulip toy_kettle/IMG_4147.jpg,bunny,annotator2,11,SiteB,kettle,0.682410369,0.330348733,0.807325702,0.504450876,0.721407625,0.788856305,0.458455523,0.769305963,0.359726295,0.594330401,0.1485826,0.769305963,2.0
21310,left,1,4,bottle+tulips+kettle+wooden hand,Z,./stimuli/B_cropped_v1117/bottle2_tulip toy_kettle_hand/IMG_4870.jpg,kettle,annotator1,11,SiteH,tulips,0.651299489,0.206650581,0.801290932,0.395499957,0.542521994,0.769305963,0.407624633,0.548387097,0.219941349,0.721407625,0.101661779,0.560117302,1.0
21642,right,1,4,wooden hand+bunny+kettle+bottle,Z,./stimuli/B_cropped_v1117/hand_bunny_kettle_bottle2/IMG_4336.jpg,kettle,annotator2,19,SiteH,kettle,0.149895164,0.094180032,0.31149291,0.316377152,0.935483871,0.500488759,0.832844575,0.500488759,0.671554252,0.671554252,0.500488759,0.671554252,0.0
22189,front,3,4,pen holder+bunny+tulips+kettle,Z,./stimuli/B_cropped_v1117/pens_bunny_tulip toy_kettle/IMG_4118.jpg,pen holder,annotator2,1,SiteB,bunny,0.488273799,0.419149188,0.590905087,0.558367918,0.890518084,0.721407625,0.69599218,0.721407625,0.345063539,0.607038123,0.099706745,0.744868035,1.0
22252,left,3,4,pen holder+bunny+tulips+kettle,Z,./stimuli/B_cropped_v1117/pens_bunny_tulip toy_kettle/IMG_4181.jpg,tulips,annotator2,0,SiteB,tulips,0.574137588,0.361008823,0.735735335,0.508981402,0.832844575,0.744868035,0.500488759,0.744868035,0.272727273,0.579667644,0.099706745,0.69599218,0.0
21138,left,1,4,bottle+tulips+kettle+bunny,Z,./stimuli/B_cropped_v1117/bottle2_tulip toy_kettle_bunny/IMG_3732.jpg,tulips,annotator1,2,SiteB,bunny,0.64135465,0.368268481,0.766269983,0.538867393,0.602150538,0.788856305,0.500488759,0.608993157,0.335288368,0.788856305,0.1485826,0.749755621,2.0
22203,left,1,4,pen holder+bunny+tulips+kettle,Z,./stimuli/B_cropped_v1117/pens_bunny_tulip toy_kettle/IMG_4132.jpg,kettle,annotator2,18,SiteB,-1,0.653198918,0.21056065,0.789616331,0.399410025,0.700879765,0.693059629,0.440860215,0.671554252,0.261974585,0.500488759,0.109481916,0.671554252,
21277,front,2,4,bottle+tulips+kettle+wooden hand,Z,./stimuli/B_cropped_v1117/bottle2_tulip toy_kettle_hand/IMG_4633.jpg,bottle,annotator1,19,SiteH,wooden hand,0.395997856,0.272675224,0.52091319,0.446777367,0.900293255,0.744868035,0.632453568,0.548387097,0.359726295,0.769305963,0.101661779,0.632453568,3.0
21450,left,2,3,bottle+umbrella+keys,Z,./stimuli/B_cropped_v1117/bottle2_umbrella_keys/IMG_3506.jpg,umbrella,annotator2,7,SiteB,umbrella,0.620996458,0.269675569,0.770987901,0.449777021,0.703812317,0.632453568,0.359726295,0.769305963,0.109481916,0.782013685,-1.0,-1.0,0.0
22150,front,1,4,pen holder+bunny+tulips+kettle,Z,./stimuli/B_cropped_v1117/pens_bunny_tulip toy_kettle/IMG_4079.jpg,tulips,annotator2,10,SiteB,bunny,0.429465056,0.226022865,0.591062803,0.43086863,0.788856305,0.686217009,0.602150538,0.671554252,0.39198436,0.500488759,0.109481916,0.744868035,1.0
21060,front,1,4,bottle+tulips+kettle+bunny,Z,./stimuli/B_cropped_v1117/bottle2_tulip toy_kettle_bunny/IMG_3655.jpg,bottle,annotator1,2,SiteB,-1,0.490817016,0.160707277,0.615732349,0.349556653,0.866080156,0.632453568,0.632453568,0.42228739,0.500488759,0.671554252,0.188660802,0.500488759,
22182,front,3,4,pen holder+bunny+tulips+kettle,Z,./stimuli/B_cropped_v1117/pens_bunny_tulip toy_kettle/IMG_4111.jpg,tulips,annotator2,3,SiteB,-1,0.465545232,0.39996255,0.564757798,0.534543803,0.884652981,0.704789834,0.674486804,0.721407625,0.335288368,0.594330401,0.099706745,0.721407625,
21730,front,3,4,wooden hand+bunny+kettle+bottle,Z,./stimuli/B_cropped_v1117/hand_bunny_kettle_bottle2/IMG_4576.jpg,wooden hand,annotator2,11,SiteH,-1,0.472633525,0.447381636,0.575264813,0.573146223,0.959921799,0.721407625,0.703812317,0.769305963,0.31769306,0.788856305,0.053763441,0.744868035,
21958,front,1,3,kettle+bunny+tulips,Z,./stimuli/B_cropped_v1117/kettle_bunny_tulip toy/IMG_3939.jpg,bunny,annotator2,17,SiteB,kettle,0.465465904,0.121280326,0.619578084,0.330332577,0.788856305,0.671554252,0.500488759,0.500488759,0.109481916,0.458455523,-1.0,-1.0,1.0
22362,left,3,2,tulips+kettle,Z,./stimuli/B_cropped_v1117/tulip toy_kettle/IMG_3831.jpg,tulips,annotator1,8,SiteB,-1,0.717817519,0.155819692,0.859895091,0.344669067,0.744868035,0.442815249,0.109481916,0.632453568,-1.0,-1.0,-1.0,-1.0,
21909,left,2,2,wooden hand+tulips,Z,./stimuli/B_cropped_v1117/hand_tulip toy/IMG_4713.jpg,tulips,annotator2,7,SiteH,wooden hand,0.708057432,0.047913523,0.869655178,0.282487259,0.542521994,0.602150538,0.165200391,0.407624633,-1.0,-1.0,-1.0,-1.0,1.0
21657,right,2,4,wooden hand+bunny+kettle+bottle,Z,./stimuli/B_cropped_v1117/hand_bunny_kettle_bottle2/IMG_4351.jpg,bottle,annotator2,8,SiteH,wooden hand,0.169445506,0.067825134,0.331043252,0.284081025,0.942326491,0.407624633,0.811339198,0.500488759,0.594330401,0.671554252,0.335288368,0.744868035,3.0
21690,front,1,4,wooden hand+bunny+kettle+bottle,Z,./stimuli/B_cropped_v1117/hand_bunny_kettle_bottle2/IMG_4537.jpg,wooden hand,annotator2,7,SiteH,-1,0.404965178,0.159053414,0.554956621,0.357075618,0.890518084,0.602150538,0.671554252,0.594330401,0.335288368,0.721407625,0.109481916,0.671554252,
21755,left,1,4,wooden hand+bunny+kettle+bottle,Z,./stimuli/B_cropped_v1117/hand_bunny_kettle_bottle2/IMG_4807.jpg,bunny,annotator2,10,SiteH,wooden hand,0.653316474,0.164599327,0.81491422,0.380855218,0.602150538,0.744868035,0.359726295,0.632453568,0.188660802,0.721407625,0.053763441,0.632453568,1.0
21531,right,1,3,wooden hand+bunny+bottle,Z,./stimuli/B_cropped_v1117/hand_bunny_bottle2/IMG_4297.jpg,bottle,annotator1,17,SiteH,bottle,0.230852091,0.305379809,0.365433344,0.494229184,0.89540567,0.632453568,0.769305963,0.671554252,0.542521994,0.810361681,-1.0,-1.0,0.0
21380,right,2,3,bottle+umbrella+keys,Z,./stimuli/B_cropped_v1117/bottle2_umbrella_keys/IMG_3429.jpg,keys,annotator2,15,SiteB,umbrella,0.321820619,0.251917539,0.458238032,0.449939743,0.923753666,0.671554252,0.594330401,0.788856305,0.146627566,0.884652981,-1.0,-1.0,1.0
21938,right,2,3,kettle+bunny+tulips,Z,./stimuli/B_cropped_v1117/kettle_bunny_tulip toy/IMG_3919.jpg,tulips,annotator2,0,SiteB,bunny,0.166873551,0.147999555,0.364895755,0.33684893,0.884652981,0.594330401,0.671554252,0.632453568,0.335288368,0.481915934,-1.0,-1.0,1.0
22348,front,3,2,tulips+kettle,Z,./stimuli/B_cropped_v1117/tulip toy_kettle/IMG_3811.jpg,kettle,annotator1,1,SiteB,kettle,0.452693849,0.295158117,0.577609182,0.46926026,0.853372434,0.500488759,0.11827957,0.721407625,-1.0,-1.0,-1.0,-1.0,0.0
21802,left,3,4,wooden hand+bunny+kettle+bottle,Z,./stimuli/B_cropped_v1117/hand_bunny_kettle_bottle2/IMG_4850.jpg,kettle,annotator2,6,SiteH,kettle,0.59,0.282670206,0.734875373,0.436782385,0.849462366,0.744868035,0.500488759,0.769305963,0.188660802,0.671554252,0.064516129,0.632453568,0.0
21699,front,1,4,wooden hand+bunny+kettle+bottle,Z,./stimuli/B_cropped_v1117/hand_bunny_kettle_bottle2/IMG_4546.jpg,wooden hand,annotator2,8,SiteH,bunny,0.406920212,0.160243336,0.556911655,0.363705833,0.890518084,0.602150538,0.671554252,0.579667644,0.335288368,0.721407625,0.109481916,0.671554252,1.0
21969,front,2,3,kettle+bunny+tulips,Z,./stimuli/B_cropped_v1117/kettle_bunny_tulip toy/IMG_3950.jpg,kettle,annotator2,6,SiteB,kettle,0.485065976,0.077618323,0.621483388,0.266467698,0.900293255,0.542521994,0.542521994,0.500488759,0.165200391,0.335288368,-1.0,-1.0,0.0
