Stimulus_ID,Angle,Proximity,n_candidates,Candidates,Actor,path,label,annotator,list_id,Site,HeadTarget,face_x_min,face_y_min,face_x_max,face_y_max,option1_x,option1_y,option2_x,option2_y,option3_x,option3_y,option4_x,option4_y
0,front,1,2,water+coffee,X,./stimuli/A_cropped/bottle_coffee_X/1/front/IMG_9963.JPG,water,annotator1,7,Site0,-1,0.436420346,0.202936541,0.616500463,0.453954955,0.690440377,0.769305963,0.335647346,0.890518084,-1.0,-1.0,-1.0,-1.0
1,front,1,2,water+coffee,X,./stimuli/A_cropped/bottle_coffee_X/1/front/IMG_9964.JPG,water,annotator1,3,Site0,-1,0.434953232,0.21115888,0.608199837,0.445732615,0.694896239,0.721407625,0.319252308,0.866080156,-1.0,-1.0,-1.0,-1.0
2,front,1,2,water+coffee,X,./stimuli/A_cropped/bottle_coffee_X/1/front/IMG_9965.JPG,coffee,annotator1,9,Site0,-1,0.449574349,0.18769847,0.618859558,0.422272205,0.704264842,0.744868035,0.347579026,0.853372434,-1.0,-1.0,-1.0,-1.0
3,front,1,2,water+coffee,X,./stimuli/A_cropped/bottle_coffee_X/1/front/IMG_9966.JPG,coffee,annotator1,3,Site0,-1,0.455114327,0.200729397,0.615843728,0.422926517,0.711799042,0.671554252,0.379227957,0.832844575,-1.0,-1.0,-1.0,-1.0
4,left,1,2,water+coffee,X,./stimuli/A_cropped/bottle_coffee_X/1/left/IMG_9959.JPG,water,annotator1,14,Site0,-1,0.598051477,0.258012467,0.723909288,0.43211461,0.110851345,0.542521994,0.175784609,0.548387097,-1.0,-1.0,-1.0,-1.0
5,left,1,2,water+coffee,X,./stimuli/A_cropped/bottle_coffee_X/1/left/IMG_9960.JPG,water,annotator1,6,Site0,-1,0.603392415,0.251169847,0.735413506,0.42527199,0.108056958,0.542521994,0.173456492,0.548387097,-1.0,-1.0,-1.0,-1.0
6,left,1,2,water+coffee,X,./stimuli/A_cropped/bottle_coffee_X/1/left/IMG_9961.JPG,coffee,annotator1,17,Site0,-1,0.592748413,0.251169847,0.710556423,0.42527199,0.102200497,0.542521994,0.168577239,0.548387097,-1.0,-1.0,-1.0,-1.0
7,left,1,2,water+coffee,X,./stimuli/A_cropped/bottle_coffee_X/1/left/IMG_9962.JPG,coffee,annotator1,3,Site0,-1,0.606330461,0.256831531,0.723362898,0.427430443,0.122447927,0.542521994,0.192060601,0.560117302,-1.0,-1.0,-1.0,-1.0
8,right,1,2,water+coffee,X,./stimuli/A_cropped/bottle_coffee_X/1/right/IMG_9967.JPG,water,annotator1,5,Site0,-1,0.203426986,0.276778931,0.329,0.503302392,0.935483871,0.623647223,0.832844575,0.805239824,-1.0,-1.0,-1.0,-1.0
9,right,1,2,water+coffee,X,./stimuli/A_cropped/bottle_coffee_X/1/right/IMG_9968.JPG,water,annotator1,9,Site0,-1,0.219056989,0.319795482,0.334217694,0.501980984,0.890518084,0.617801409,0.801564027,0.790808645,-1.0,-1.0,-1.0,-1.0
10,right,1,2,water+coffee,X,./stimuli/A_cropped/bottle_coffee_X/1/right/IMG_9969.JPG,coffee,annotator1,4,Site0,-1,0.130344822,0.266197186,0.291942568,0.464539507,0.884652981,0.577103588,0.788856305,0.75448179,-1.0,-1.0,-1.0,-1.0
11,right,1,2,water+coffee,X,./stimuli/A_cropped/bottle_coffee_X/1/right/IMG_9970.JPG,coffee,annotator1,0,Site0,-1,0.149895164,0.343699777,0.31149291,0.534931128,0.900293255,0.660152452,0.810361681,0.829886675,-1.0,-1.0,-1.0,-1.0
12,front,2,2,water+coffee,X,./stimuli/A_cropped/bottle_coffee_X/2/front/bottle0.JPG,water,annotator1,10,Site0,-1,0.400369087,0.263362606,0.540953084,0.456089984,0.807420805,0.721407625,0.156011852,0.788856305,-1.0,-1.0,-1.0,-1.0
13,front,2,2,water+coffee,X,./stimuli/A_cropped/bottle_coffee_X/2/front/bottle1.JPG,water,annotator1,13,Site0,-1,0.391188215,0.320343736,0.53804968,0.518365941,0.832214299,0.769305963,0.128269201,0.866080156,-1.0,-1.0,-1.0,-1.0
14,front,2,2,water+coffee,X,./stimuli/A_cropped/bottle_coffee_X/2/front/coffee0.JPG,coffee,annotator1,16,Site0,-1,0.389808347,0.329639679,0.540160702,0.534485444,0.828781673,0.769305963,0.132110134,0.866080156,-1.0,-1.0,-1.0,-1.0
15,front,2,2,water+coffee,X,./stimuli/A_cropped/bottle_coffee_X/2/front/coffee1.JPG,coffee,annotator1,1,Site0,-1,0.40513829,0.342541492,0.551484114,0.53526887,0.831528771,0.788856305,0.141913517,0.866080156,-1.0,-1.0,-1.0,-1.0
16,front,2,2,water+coffee,X,./stimuli/A_cropped/bottle_coffee_X/2/front/coffee2.JPG,coffee,annotator1,16,Site0,-1,0.384785625,0.257701661,0.539945558,0.471878007,0.866080156,0.759584674,0.105571848,0.840616551,-1.0,-1.0,-1.0,-1.0
17,left,2,2,water+coffee,X,./stimuli/A_cropped/bottle_coffee_X/2/left/IMG_9971.JPG,water,annotator1,0,Site0,-1,0.610195572,0.214024197,0.755074308,0.38812634,0.203578957,0.632453568,0.203578957,0.470185728,-1.0,-1.0,-1.0,-1.0
18,left,2,2,water+coffee,X,./stimuli/A_cropped/bottle_coffee_X/2/left/IMG_9972.JPG,water,annotator1,18,Site0,-1,0.596839807,0.20515944,0.748845433,0.385260892,0.203403715,0.590420332,0.191853372,0.470185728,-1.0,-1.0,-1.0,-1.0
19,left,2,2,water+coffee,X,./stimuli/A_cropped/bottle_coffee_X/2/left/IMG_9973.JPG,coffee,annotator1,10,Site0,-1,0.60961838,0.208159095,0.737255809,0.382261238,0.215097339,0.671554252,0.20594718,0.481915934,-1.0,-1.0,-1.0,-1.0
20,left,2,2,water+coffee,X,./stimuli/A_cropped/bottle_coffee_X/2/left/IMG_9974.JPG,coffee,annotator1,8,Site0,-1,0.573394066,0.211024543,0.699987915,0.391125995,0.190243665,0.674486804,0.186414786,0.481915934,-1.0,-1.0,-1.0,-1.0
21,right,2,2,water+coffee,X,./stimuli/A_cropped/bottle_coffee_X/2/right/IMG_9980.JPG,water,annotator1,17,Site0,-1,0.218523408,0.355764178,0.345119755,0.529866321,0.887090742,0.594330401,0.735069651,0.942326491,-1.0,-1.0,-1.0,-1.0
22,right,2,2,water+coffee,X,./stimuli/A_cropped/bottle_coffee_X/2/right/IMG_9981.JPG,water,annotator1,12,Site0,-1,0.190335567,0.33257223,0.341720816,0.537417995,0.874995912,0.542521994,0.729393104,0.942326491,-1.0,-1.0,-1.0,-1.0
23,right,2,2,water+coffee,X,./stimuli/A_cropped/bottle_coffee_X/2/right/IMG_9982.JPG,coffee,annotator1,17,Site0,-1,0.205013402,0.356210698,0.338,0.545060074,0.88559108,0.594330401,0.740582468,0.942326491,-1.0,-1.0,-1.0,-1.0
24,right,2,2,water+coffee,X,./stimuli/A_cropped/bottle_coffee_X/2/right/IMG_9983.JPG,coffee,annotator1,18,Site0,-1,0.203890623,0.340392367,0.34,0.545238132,0.888222595,0.594330401,0.737484152,0.942326491,-1.0,-1.0,-1.0,-1.0
25,front,3,2,water+coffee,X,./stimuli/A_cropped/bottle_coffee_X/3/front/bottle0.JPG,water,annotator1,1,Site0,-1,0.440081367,0.430214091,0.549165945,0.57067685,0.942326491,0.74545405,0.064516129,0.803365168,-1.0,-1.0,-1.0,-1.0
26,front,3,2,water+coffee,X,./stimuli/A_cropped/bottle_coffee_X/3/front/bottle1.JPG,water,annotator1,12,Site0,-1,0.442908406,0.425392129,0.558069111,0.575473672,0.942326491,0.738528139,0.099706745,0.812987013,-1.0,-1.0,-1.0,-1.0
27,front,3,2,water+coffee,X,./stimuli/A_cropped/bottle_coffee_X/3/front/coffee0.JPG,coffee,annotator1,12,Site0,-1,0.419553508,0.426667372,0.528638086,0.574219153,0.935483871,0.744237589,0.078201369,0.797429078,-1.0,-1.0,-1.0,-1.0
28,front,3,2,water+coffee,X,./stimuli/A_cropped/bottle_coffee_X/3/front/coffee1.JPG,coffee,annotator1,0,Site0,-1,0.414523419,0.439095995,0.525848038,0.579622202,0.935483871,0.763391778,0.078201369,0.803502201,-1.0,-1.0,-1.0,-1.0
29,left,3,2,water+coffee,X,./stimuli/A_cropped/bottle_coffee_X/3/left/bottle0.JPG,water,annotator1,16,Site0,-1,0.5307316,0.178833582,0.679812908,0.352935724,0.3286898,0.632453568,0.189621656,0.411534702,-1.0,-1.0,-1.0,-1.0
30,left,3,2,water+coffee,X,./stimuli/A_cropped/bottle_coffee_X/3/left/bottle1.JPG,water,annotator1,10,Site0,-1,0.544850553,0.171013445,0.677624208,0.345115588,0.337360509,0.671554252,0.211264705,0.401759531,-1.0,-1.0,-1.0,-1.0
31,left,3,2,water+coffee,X,./stimuli/A_cropped/bottle_coffee_X/3/left/coffee0.JPG,coffee,annotator1,11,Site0,-1,0.488654401,0.227929248,0.603030982,0.382041427,0.309547842,0.721407625,0.178355749,0.450635386,-1.0,-1.0,-1.0,-1.0
32,left,3,2,water+coffee,X,./stimuli/A_cropped/bottle_coffee_X/3/left/coffee1.JPG,coffee,annotator1,11,Site0,-1,0.499127405,0.234771867,0.607279555,0.388884047,0.309881271,0.769305963,0.182639381,0.458455523,-1.0,-1.0,-1.0,-1.0
33,right,3,2,water+coffee,X,./stimuli/A_cropped/bottle_coffee_X/3/right/IMG_9992.JPG,water,annotator1,2,Site0,-1,0.342820938,0.250564916,0.473750462,0.420011819,0.91878011,0.500488759,0.579097518,0.935483871,-1.0,-1.0,-1.0,-1.0
34,right,3,2,water+coffee,X,./stimuli/A_cropped/bottle_coffee_X/3/right/IMG_9993.JPG,water,annotator1,8,Site0,-1,0.344936587,0.253940172,0.48305865,0.416636563,0.930011908,0.442815249,0.599306617,0.921798631,-1.0,-1.0,-1.0,-1.0
35,right,3,2,water+coffee,X,./stimuli/A_cropped/bottle_coffee_X/3/right/IMG_9994.JPG,coffee,annotator1,1,Site0,-1,0.299747727,0.217347188,0.455785778,0.439544308,0.92050125,0.442815249,0.592028893,0.942326491,-1.0,-1.0,-1.0,-1.0
36,right,3,2,water+coffee,X,./stimuli/A_cropped/bottle_coffee_X/3/right/IMG_9995.JPG,coffee,annotator1,10,Site0,-1,0.291517589,0.22723964,0.427935001,0.431175653,0.884652981,0.441122864,0.548387097,0.919925359,-1.0,-1.0,-1.0,-1.0
37,front,1,2,coffee+remote,X,./stimuli/A_cropped/coffee_remote_X/1/front/IMG_0001.JPG,coffee,annotator1,12,Site0,-1,0.444833673,0.202361226,0.613838968,0.436934961,0.713049016,0.884652981,0.361975017,0.900293255,-1.0,-1.0,-1.0,-1.0
38,front,1,2,coffee+remote,X,./stimuli/A_cropped/coffee_remote_X/1/front/IMG_0002.JPG,coffee,annotator1,15,Site0,-1,0.448082524,0.179931352,0.613192418,0.388983604,0.696171271,0.811339198,0.368761877,0.853372434,-1.0,-1.0,-1.0,-1.0
39,front,1,2,coffee+remote,X,./stimuli/A_cropped/coffee_remote_X/1/front/IMG_0003.JPG,remote,annotator1,17,Site0,-1,0.426937279,0.155440405,0.600767384,0.39001414,0.679186614,0.853372434,0.349411748,0.866080156,-1.0,-1.0,-1.0,-1.0
40,front,1,2,coffee+remote,X,./stimuli/A_cropped/coffee_remote_X/1/front/IMG_0004.JPG,remote,annotator1,11,Site0,-1,0.437501535,0.16717061,0.619610446,0.401744346,0.734533628,0.866080156,0.365646405,0.890518084,-1.0,-1.0,-1.0,-1.0
41,left,1,2,coffee+remote,X,./stimuli/A_cropped/coffee_remote_X/1/left/IMG_9996.JPG,coffee,annotator1,6,Site0,-1,0.664069162,0.290245197,0.825666908,0.508228784,0.099706745,0.739092716,0.165200391,0.655533147,-1.0,-1.0,-1.0,-1.0
42,left,1,2,coffee+remote,X,./stimuli/A_cropped/coffee_remote_X/1/left/IMG_9997.JPG,coffee,annotator1,18,Site0,-1,0.653123556,0.27607034,0.824882309,0.511056282,0.10459433,0.752555349,0.165200391,0.664290778,-1.0,-1.0,-1.0,-1.0
43,left,1,2,coffee+remote,X,./stimuli/A_cropped/coffee_remote_X/1/left/IMG_9998.JPG,remote,annotator1,13,Site0,-1,0.675291423,0.284591843,0.822264784,0.505534636,0.11827957,0.748996286,0.203323558,0.669288224,-1.0,-1.0,-1.0,-1.0
44,left,1,2,coffee+remote,X,./stimuli/A_cropped/coffee_remote_X/1/left/IMG_9999.JPG,remote,annotator1,1,Site0,-1,0.660716698,0.297174307,0.829019373,0.51738795,0.078201369,0.778156615,0.1485826,0.691208627,-1.0,-1.0,-1.0,-1.0
45,right,1,2,coffee+remote,X,./stimuli/A_cropped/coffee_remote_X/1/right/IMG_0005.JPG,coffee,annotator1,15,Site0,-1,0.226877126,0.331236651,0.355,0.482191866,0.890518084,0.654515765,0.866080156,0.769772279,-1.0,-1.0,-1.0,-1.0
46,right,1,2,coffee+remote,X,./stimuli/A_cropped/coffee_remote_X/1/right/IMG_0006.JPG,coffee,annotator1,4,Site0,-1,0.206790648,0.296277239,0.338663898,0.505234395,0.884652981,0.690535,0.866080156,0.799807341,-1.0,-1.0,-1.0,-1.0
47,right,1,2,coffee+remote,X,./stimuli/A_cropped/coffee_remote_X/1/right/IMG_0007.JPG,remote,annotator1,5,Site0,-1,0.210269606,0.304854824,0.335184939,0.489159497,0.853372434,0.650362369,0.853372434,0.75945583,-1.0,-1.0,-1.0,-1.0
48,right,1,2,coffee+remote,X,./stimuli/A_cropped/coffee_remote_X/1/right/IMG_0008.JPG,remote,annotator1,13,Site0,-1,0.198594026,0.294790352,0.33317528,0.491374593,0.866080156,0.656092139,0.853372434,0.769342761,-1.0,-1.0,-1.0,-1.0
49,front,2,2,coffee+remote,X,./stimuli/A_cropped/coffee_remote_X/2/front/IMG_0013.JPG,coffee,annotator1,3,Site0,-1,0.399162026,0.209049998,0.560759772,0.424884044,0.866080156,0.806254198,0.105571848,0.836834647,-1.0,-1.0,-1.0,-1.0
50,front,2,2,coffee+remote,X,./stimuli/A_cropped/coffee_remote_X/2/front/IMG_0014.JPG,coffee,annotator1,18,Site0,-1,0.395190007,0.245918664,0.54518145,0.450110141,0.832844575,0.813276436,0.109481916,0.831886918,-1.0,-1.0,-1.0,-1.0
51,front,2,2,coffee+remote,X,./stimuli/A_cropped/coffee_remote_X/2/front/IMG_0015.JPG,remote,annotator1,4,Site0,-1,0.372769064,0.235430238,0.534366811,0.46537382,0.866080156,0.846900558,0.099706745,0.86450032,-1.0,-1.0,-1.0,-1.0
52,front,2,2,coffee+remote,X,./stimuli/A_cropped/coffee_remote_X/2/front/IMG_0016.JPG,remote,annotator1,5,Site0,-1,0.40795968,0.207796631,0.569557426,0.425218194,0.884652981,0.798230196,0.109481916,0.828009423,-1.0,-1.0,-1.0,-1.0
53,left,2,2,coffee+remote,X,./stimuli/A_cropped/coffee_remote_X/2/left/IMG_0009.JPG,coffee,annotator1,7,Site0,-1,0.669872314,0.242439311,0.819863757,0.471217615,0.11827957,0.805514191,0.1485826,0.575460781,-1.0,-1.0,-1.0,-1.0
54,left,2,2,coffee+remote,X,./stimuli/A_cropped/coffee_remote_X/2/left/IMG_0010.JPG,coffee,annotator1,4,Site0,-1,0.634681698,0.255826319,0.784673141,0.471903002,0.109481916,0.822765982,0.105571848,0.594123246,-1.0,-1.0,-1.0,-1.0
55,left,2,2,coffee+remote,X,./stimuli/A_cropped/coffee_remote_X/2/left/IMG_0011.JPG,remote,annotator1,0,Site0,-1,0.658204059,0.222418165,0.819801806,0.448169652,0.109481916,0.820428214,0.1485826,0.58256695,-1.0,-1.0,-1.0,-1.0
56,left,2,2,coffee+remote,X,./stimuli/A_cropped/coffee_remote_X/2/left/IMG_0012.JPG,remote,annotator1,19,Site0,-1,0.638638634,0.236941306,0.780716205,0.456290386,0.11827957,0.811340735,0.109481916,0.580225316,-1.0,-1.0,-1.0,-1.0
57,right,2,2,coffee+remote,X,./stimuli/A_cropped/coffee_remote_X/2/right/IMG_0017.JPG,coffee,annotator1,16,Site0,-1,0.2,0.25,0.37,0.5,0.913000978,0.63055995,0.853372434,0.917695487,-1.0,-1.0,-1.0,-1.0
58,right,2,2,coffee+remote,X,./stimuli/A_cropped/coffee_remote_X/2/right/IMG_0018.JPG,coffee,annotator1,9,Site0,-1,0.2,0.25,0.37,0.5,0.913000978,0.62999608,0.853372434,0.927404087,-1.0,-1.0,-1.0,-1.0
59,right,2,2,coffee+remote,X,./stimuli/A_cropped/coffee_remote_X/2/right/IMG_0019.JPG,remote,annotator1,11,Site0,-1,0.1919284,0.249592192,0.353526146,0.472611901,0.903225806,0.631154514,0.853372434,0.931212811,-1.0,-1.0,-1.0,-1.0
60,right,2,2,coffee+remote,X,./stimuli/A_cropped/coffee_remote_X/2/right/IMG_0020.JPG,remote,annotator1,4,Site0,-1,0.155177732,0.251895948,0.345311026,0.471204176,0.890518084,0.618188972,0.810361681,0.918244238,-1.0,-1.0,-1.0,-1.0
61,front,3,2,coffee+remote,X,./stimuli/A_cropped/coffee_remote_X/3/front/IMG_0025.JPG,coffee,annotator1,3,Site0,-1,0.492915711,0.339938554,0.592128277,0.481422708,0.942326491,0.708204382,0.109481916,0.722520378,-1.0,-1.0,-1.0,-1.0
62,front,3,2,coffee+remote,X,./stimuli/A_cropped/coffee_remote_X/3/front/IMG_0026.JPG,coffee,annotator1,8,Site0,-1,0.483309969,0.338969132,0.58804878,0.472918824,0.921798631,0.68727475,0.109481916,0.709044393,-1.0,-1.0,-1.0,-1.0
63,front,3,2,coffee+remote,X,./stimuli/A_cropped/coffee_remote_X/3/front/IMG_0027.JPG,remote,annotator1,4,Site0,-1,0.437442909,0.337506657,0.540074197,0.476966896,0.913000978,0.697947733,0.099706745,0.711161868,-1.0,-1.0,-1.0,-1.0
64,front,3,2,coffee+remote,X,./stimuli/A_cropped/coffee_remote_X/3/front/IMG_0028.JPG,remote,annotator1,-1,Site0,-1,0.442908406,0.382886371,0.558069111,0.524250239,0.942326491,0.765494051,0.064516129,0.783749247,-1.0,-1.0,-1.0,-1.0
65,left,3,2,coffee+remote,X,./stimuli/A_cropped/coffee_remote_X/3/left/IMG_0021.JPG,coffee,annotator1,19,Site0,-1,0.609118315,0.164561264,0.773332848,0.386758384,0.231102218,0.849462366,0.162716911,0.458455523,-1.0,-1.0,-1.0,-1.0
66,left,3,2,coffee+remote,X,./stimuli/A_cropped/coffee_remote_X/3/left/IMG_0022.JPG,coffee,annotator1,11,Site0,-1,0.598256556,0.173358918,0.766452904,0.395556038,0.217134789,0.866080156,0.155871257,0.476050831,-1.0,-1.0,-1.0,-1.0
67,left,3,2,coffee+remote,X,./stimuli/A_cropped/coffee_remote_X/3/left/IMG_0023.JPG,remote,annotator1,3,Site0,-1,0.604877439,0.196894415,0.744096168,0.37982776,0.230694037,0.859450217,0.188660802,0.474564938,-1.0,-1.0,-1.0,-1.0
68,left,3,2,coffee+remote,X,./stimuli/A_cropped/coffee_remote_X/3/left/IMG_0024.JPG,remote,annotator1,-1,Site0,-1,0.535486805,0.188093789,0.668327341,0.380821167,0.193364817,0.853372434,0.143096754,0.474095797,-1.0,-1.0,-1.0,-1.0
69,right,3,2,coffee+remote,X,./stimuli/A_cropped/coffee_remote_X/3/right/IMG_0029.JPG,coffee,annotator1,7,Site0,-1,0.255481775,0.182963461,0.397236569,0.33707564,0.862287653,0.417399804,0.500428743,0.890518084,-1.0,-1.0,-1.0,-1.0
70,right,3,2,coffee+remote,X,./stimuli/A_cropped/coffee_remote_X/3/right/IMG_0030.JPG,coffee,annotator1,5,Site0,-1,0.255235393,0.240252637,0.380150726,0.391034088,0.796676442,0.469651364,0.500488759,0.892720405,-1.0,-1.0,-1.0,-1.0
71,right,3,2,coffee+remote,X,./stimuli/A_cropped/coffee_remote_X/3/right/IMG_0031.JPG,remote,annotator1,3,Site0,-1,0.144838063,0.15388069,0.292038102,0.346608068,0.776765292,0.407624633,0.500479663,0.900293255,-1.0,-1.0,-1.0,-1.0
72,right,3,2,coffee+remote,X,./stimuli/A_cropped/coffee_remote_X/3/right/IMG_0032.JPG,remote,annotator1,9,Site0,-1,0.293341391,0.188271674,0.426111199,0.378911571,0.884652981,0.445333166,0.500488759,0.870017664,-1.0,-1.0,-1.0,-1.0
73,front,1,2,doll+water,X,./stimuli/A_cropped/doll_bottle_X/1/front/bottle_0075.JPG,water,annotator1,17,Site0,-1,0.397497686,0.14233048,0.576829896,0.393348894,0.655362392,0.826979472,0.372965794,0.632453568,-1.0,-1.0,-1.0,-1.0
74,front,1,2,doll+water,X,./stimuli/A_cropped/doll_bottle_X/1/front/bottle_0076.JPG,water,annotator1,19,Site0,-1,0.404993778,0.157263971,0.579733813,0.39992078,0.657665159,0.788856305,0.371082904,0.632453568,-1.0,-1.0,-1.0,-1.0
75,front,1,2,doll+water,X,./stimuli/A_cropped/doll_bottle_X/1/front/bottle_0077.JPG,water,annotator1,2,Site0,-1,0.422431677,0.151398868,0.604288985,0.394055677,0.695233222,0.788856305,0.431474432,0.579667644,-1.0,-1.0,-1.0,-1.0
76,front,1,2,doll+water,X,./stimuli/A_cropped/doll_bottle_X/1/front/doll_0073.JPG,doll,annotator1,14,Site0,-1,0.409092943,0.163129074,0.591846634,0.405785882,0.664895754,0.827956989,0.409330825,0.594330401,-1.0,-1.0,-1.0,-1.0
77,front,1,2,doll+water,X,./stimuli/A_cropped/doll_bottle_X/1/front/doll_0074.JPG,doll,annotator1,16,Site0,-1,0.397868304,0.170306691,0.563486365,0.398608265,0.627718109,0.788856305,0.364741338,0.590420332,-1.0,-1.0,-1.0,-1.0
78,left,1,2,doll+water,X,./stimuli/A_cropped/doll_bottle_X/1/left/IMG_0069.JPG,doll,annotator1,0,Site0,-1,0.698267177,0.236290179,0.840344749,0.432510372,0.1485826,0.607106266,0.31769306,0.500395226,-1.0,-1.0,-1.0,-1.0
79,left,1,2,doll+water,X,./stimuli/A_cropped/doll_bottle_X/1/left/IMG_0070.JPG,doll,annotator1,12,Site0,-1,0.693379592,0.180876938,0.835457163,0.370575031,0.1485826,0.500468213,0.311827957,0.500468213,-1.0,-1.0,-1.0,-1.0
80,left,1,2,doll+water,X,./stimuli/A_cropped/doll_bottle_X/1/left/IMG_0071.JPG,water,annotator1,13,Site0,-1,0.612131805,0.30868113,0.73193487,0.471377521,0.125464206,0.632453568,0.282028605,0.542521994,-1.0,-1.0,-1.0,-1.0
81,left,1,2,doll+water,X,./stimuli/A_cropped/doll_bottle_X/1/left/IMG_0072.JPG,water,annotator1,11,Site0,-1,0.628856804,0.336051609,0.740530193,0.498748,0.150718878,0.632453568,0.293797892,0.548387097,-1.0,-1.0,-1.0,-1.0
82,right,1,2,doll+water,X,./stimuli/A_cropped/doll_bottle_X/1/right/IMG_0078.JPG,doll,annotator1,6,Site0,-1,0.159701368,0.218674212,0.316772869,0.404981702,0.873879107,0.500488759,0.710455456,0.548387097,-1.0,-1.0,-1.0,-1.0
83,right,1,2,doll+water,X,./stimuli/A_cropped/doll_bottle_X/1/right/IMG_0079.JPG,doll,annotator1,5,Site0,-1,0.144814661,0.282230399,0.316573413,0.476181672,0.890518084,0.614059807,0.721407625,0.614059807,-1.0,-1.0,-1.0,-1.0
84,right,1,2,doll+water,X,./stimuli/A_cropped/doll_bottle_X/1/right/IMG_0080.JPG,water,annotator1,1,Site0,-1,0.187786713,0.282764051,0.312702046,0.490476922,0.884652981,0.580746296,0.721407625,0.64684948,-1.0,-1.0,-1.0,-1.0
85,right,1,2,doll+water,X,./stimuli/A_cropped/doll_bottle_X/1/right/IMG_0081.JPG,water,annotator1,12,Site0,-1,0.142059943,0.316058604,0.284137515,0.489513244,0.884652981,0.57170088,0.716520039,0.654398827,-1.0,-1.0,-1.0,-1.0
86,front,2,2,doll+water,X,./stimuli/A_cropped/doll_bottle_X/2/front/IMG_0086.JPG,doll,annotator1,13,Site0,-1,0.374556814,0.255257487,0.528668993,0.466151115,0.853372434,0.817699655,0.064516129,0.69905663,-1.0,-1.0,-1.0,-1.0
87,front,2,2,doll+water,X,./stimuli/A_cropped/doll_bottle_X/2/front/IMG_0087.JPG,doll,annotator1,2,Site0,-1,0.389324904,0.234048469,0.539316347,0.435454592,0.853372434,0.744106988,0.109481916,0.62005988,-1.0,-1.0,-1.0,-1.0
88,front,2,2,doll+water,X,./stimuli/A_cropped/doll_bottle_X/2/front/IMG_0088.JPG,water,annotator1,4,Site0,-1,0.370752079,0.248845769,0.520743522,0.452813217,0.853372434,0.751167435,0.109481916,0.615171531,-1.0,-1.0,-1.0,-1.0
89,front,2,2,doll+water,X,./stimuli/A_cropped/doll_bottle_X/2/front/IMG_0089.JPG,water,annotator1,14,Site0,-1,0.344253783,0.25907901,0.498365963,0.466679647,0.853372434,0.812738945,0.064516129,0.695948468,-1.0,-1.0,-1.0,-1.0
90,left,2,2,doll+water,X,./stimuli/A_cropped/doll_bottle_X/2/left/IMG_0082.JPG,doll,annotator1,2,Site0,-1,0.565519771,0.242592004,0.677745162,0.396704183,0.184282515,0.594330401,0.220289238,0.442815249,-1.0,-1.0,-1.0,-1.0
91,left,2,2,doll+water,X,./stimuli/A_cropped/doll_bottle_X/2/left/IMG_0083.JPG,doll,annotator1,16,Site0,-1,0.571970206,0.243187484,0.681974006,0.405883875,0.16384673,0.594330401,0.211192261,0.440860215,-1.0,-1.0,-1.0,-1.0
92,left,2,2,doll+water,X,./stimuli/A_cropped/doll_bottle_X/2/left/IMG_0084.JPG,water,annotator1,3,Site0,-1,0.571381947,0.249571873,0.67052836,0.397544452,0.187342339,0.594330401,0.222944233,0.440860215,-1.0,-1.0,-1.0,-1.0
93,left,2,2,doll+water,X,./stimuli/A_cropped/doll_bottle_X/2/left/IMG_0085.JPG,water,annotator1,0,Site0,-1,0.561007057,0.202740513,0.681956674,0.391589888,0.177692026,0.594330401,0.214450376,0.440860215,-1.0,-1.0,-1.0,-1.0
94,right,2,2,doll+water,X,./stimuli/A_cropped/doll_bottle_X/2/right/IMG_0090.JPG,doll,annotator1,3,Site0,-1,0.308410651,0.259089154,0.411041939,0.410814753,0.788856305,0.423490847,0.832844575,0.630402392,-1.0,-1.0,-1.0,-1.0
95,right,2,2,doll+water,X,./stimuli/A_cropped/doll_bottle_X/2/right/IMG_0091.JPG,doll,annotator1,16,Site0,-1,0.306642388,0.259124709,0.412810203,0.412668018,0.788856305,0.422574249,0.832844575,0.631964645,-1.0,-1.0,-1.0,-1.0
96,right,2,2,doll+water,X,./stimuli/A_cropped/doll_bottle_X/2/right/IMG_0092.JPG,water,annotator1,10,Site0,-1,0.278026635,0.260782792,0.40008484,0.423479183,0.804218087,0.42228739,0.825231581,0.632453568,-1.0,-1.0,-1.0,-1.0
97,right,2,2,doll+water,X,./stimuli/A_cropped/doll_bottle_X/2/right/IMG_0093.JPG,water,annotator1,11,Site0,-1,0.23194465,0.288179671,0.381936093,0.434467364,0.782013685,0.423172262,0.811339198,0.630945389,-1.0,-1.0,-1.0,-1.0
98,front,3,2,doll+water,X,./stimuli/A_cropped/doll_bottle_X/3/front/IMG_0098.JPG,doll,annotator1,-1,Site0,-1,0.418433487,0.347294961,0.529758106,0.504006284,0.884652981,0.699291527,0.078201369,0.654417938,-1.0,-1.0,-1.0,-1.0
99,front,3,2,doll+water,X,./stimuli/A_cropped/doll_bottle_X/3/front/IMG_0099.JPG,doll,annotator1,6,Site0,-1,0.418470478,0.347615043,0.533631183,0.477070566,0.884652981,0.693701023,0.078201369,0.650086223,-1.0,-1.0,-1.0,-1.0
100,front,3,2,doll+water,X,./stimuli/A_cropped/doll_bottle_X/3/front/IMG_0100.JPG,water,annotator1,18,Site0,-1,0.381911205,0.358478231,0.48807902,0.504950369,0.884652981,0.710431442,0.078201369,0.663049528,-1.0,-1.0,-1.0,-1.0
101,front,3,2,doll+water,X,./stimuli/A_cropped/doll_bottle_X/3/front/IMG_0101.JPG,water,annotator1,18,Site0,-1,0.389731342,0.363526814,0.495899157,0.505816546,0.890518084,0.664965758,0.099706745,0.627366725,-1.0,-1.0,-1.0,-1.0
102,left,3,2,doll+water,X,./stimuli/A_cropped/doll_bottle_X/3/left/IMG_0094.JPG,doll,annotator1,5,Site0,-1,0.483537854,0.332236664,0.607240134,0.512338116,0.170356698,0.769305963,0.170356698,0.500488759,-1.0,-1.0,-1.0,-1.0
103,left,3,2,doll+water,X,./stimuli/A_cropped/doll_bottle_X/3/left/IMG_0095.JPG,doll,annotator1,4,Site0,-1,0.472221014,0.135217897,0.610622657,0.304664801,0.119585669,0.594330401,0.150056905,0.335288368,-1.0,-1.0,-1.0,-1.0
104,left,3,2,doll+water,X,./stimuli/A_cropped/doll_bottle_X/3/left/IMG_0096.JPG,water,annotator1,2,Site0,-1,0.46812914,0.398663975,0.55238167,0.541707481,0.109806267,0.810361681,0.154734706,0.548387097,-1.0,-1.0,-1.0,-1.0
105,left,3,2,doll+water,X,./stimuli/A_cropped/doll_bottle_X/3/left/IMG_0097.JPG,water,annotator1,6,Site0,-1,0.474437368,0.145955059,0.573284585,0.293927639,0.14987669,0.579667644,0.166433286,0.335288368,-1.0,-1.0,-1.0,-1.0
106,right,3,2,doll+water,X,./stimuli/A_cropped/doll_bottle_X/3/right/IMG_0102.JPG,doll,annotator1,15,Site0,-1,0.283749081,0.202562455,0.378748931,0.40740822,0.749280959,0.440860215,0.856051025,0.769305963,-1.0,-1.0,-1.0,-1.0
107,right,3,2,doll+water,X,./stimuli/A_cropped/doll_bottle_X/3/right/IMG_0103.JPG,doll,annotator1,19,Site0,-1,0.276194362,0.235141422,0.408067612,0.406335313,0.788856305,0.441848103,0.884652981,0.764807398,-1.0,-1.0,-1.0,-1.0
108,right,3,2,doll+water,X,./stimuli/A_cropped/doll_bottle_X/3/right/IMG_0104.JPG,water,annotator1,19,Site0,-1,0.19232043,0.196364655,0.353049887,0.439021464,0.775858463,0.405669599,0.867344518,0.769305963,-1.0,-1.0,-1.0,-1.0
109,right,3,2,doll+water,X,./stimuli/A_cropped/doll_bottle_X/3/right/IMG_0105.JPG,water,annotator1,11,Site0,-1,0.2176302,0.217771791,0.372790132,0.432938012,0.788856305,0.442731553,0.866080156,0.760784415,-1.0,-1.0,-1.0,-1.0
110,front,1,2,doll+coffee,Y,./stimuli/A_cropped/doll_coffee_Y/1/front/IMG_0401.jpeg,doll,annotator1,7,Site0,-1,0.435137242,0.134732899,0.606895994,0.356366777,0.744868035,0.73136031,0.1485826,0.83387925,-1.0,-1.0,-1.0,-1.0
111,front,1,2,doll+coffee,Y,./stimuli/A_cropped/doll_coffee_Y/1/front/IMG_0402.jpeg,doll,annotator1,4,Site0,-1,0.463223956,0.143676605,0.643325408,0.371399859,0.788856305,0.761441163,0.1485826,0.879113411,-1.0,-1.0,-1.0,-1.0
112,front,1,2,doll+coffee,Y,./stimuli/A_cropped/doll_coffee_Y/1/front/IMG_0403.jpeg,doll,annotator1,0,Site0,-1,0.428759768,0.132289244,0.611318434,0.362387631,0.744868035,0.764167971,0.1485826,0.859095844,-1.0,-1.0,-1.0,-1.0
113,front,1,2,doll+coffee,Y,./stimuli/A_cropped/doll_coffee_Y/1/front/IMG_0404.jpeg,doll,annotator1,3,Site0,-1,0.449013991,0.179143104,0.624299792,0.38981057,0.744868035,0.759417901,0.172043011,0.878811588,-1.0,-1.0,-1.0,-1.0
114,front,1,2,doll+coffee,Y,./stimuli/A_cropped/doll_coffee_Y/1/front/IMG_0405.jpeg,coffee,annotator1,18,Site0,-1,0.493788268,0.154423173,0.66554702,0.364676796,0.788856305,0.751400301,0.188660802,0.864553249,-1.0,-1.0,-1.0,-1.0
115,front,1,2,doll+coffee,Y,./stimuli/A_cropped/doll_coffee_Y/1/front/IMG_0406.jpeg,coffee,annotator1,13,Site0,-1,0.438095426,0.216995753,0.592207605,0.41213647,0.716520039,0.765387202,0.172043011,0.848230394,-1.0,-1.0,-1.0,-1.0
116,front,1,2,doll+coffee,Y,./stimuli/A_cropped/doll_coffee_Y/1/front/IMG_0407.jpeg,coffee,annotator1,5,Site0,-1,0.471741398,0.215464268,0.629486987,0.408191646,0.732639546,0.769305963,0.204208801,0.853372434,-1.0,-1.0,-1.0,-1.0
117,front,1,2,doll+coffee,Y,./stimuli/A_cropped/doll_coffee_Y/1/front/IMG_0408.jpeg,coffee,annotator1,15,Site0,-1,0.472475809,0.187400609,0.634073555,0.385141896,0.744868035,0.736375502,0.188660802,0.841116743,-1.0,-1.0,-1.0,-1.0
118,left,1,2,doll+coffee,Y,./stimuli/A_cropped/doll_coffee_Y/1/left/coffee_0374.jpeg,coffee,annotator1,15,Site0,-1,0.731481414,0.28951556,0.871646641,0.467998535,0.188660802,0.688069777,0.10459433,0.593875777,-1.0,-1.0,-1.0,-1.0
119,left,1,2,doll+coffee,Y,./stimuli/A_cropped/doll_coffee_Y/1/left/coffee_0375.jpeg,coffee,annotator1,6,Site0,-1,0.719725686,0.253800202,0.869717129,0.430960785,0.165200391,0.68345877,0.078201369,0.56016857,-1.0,-1.0,-1.0,-1.0
120,left,1,2,doll+coffee,Y,./stimuli/A_cropped/doll_coffee_Y/1/left/coffee_0376.jpeg,coffee,annotator1,2,Site0,-1,0.710974899,0.264781666,0.853052471,0.451268717,0.1485826,0.696503775,0.064516129,0.595425691,-1.0,-1.0,-1.0,-1.0
121,left,1,2,doll+coffee,Y,./stimuli/A_cropped/doll_coffee_Y/1/left/coffee_0384.jpeg,coffee,annotator1,7,Site0,-1,0.641571185,0.318269495,0.783648756,0.501320814,0.1485826,0.701913633,0.053763441,0.626510201,-1.0,-1.0,-1.0,-1.0
122,left,1,2,doll+coffee,Y,./stimuli/A_cropped/doll_coffee_Y/1/left/coffee_0385.jpeg,coffee,annotator1,8,Site0,-1,0.663076561,0.300842061,0.805154133,0.479675645,0.1485826,0.670228393,0.078201369,0.594763353,-1.0,-1.0,-1.0,-1.0
123,left,1,2,doll+coffee,Y,./stimuli/A_cropped/doll_coffee_Y/1/left/coffee_0386.jpeg,coffee,annotator1,15,Site0,-1,0.670794226,0.30300237,0.807211639,0.477345047,0.188660802,0.662236693,0.099706745,0.584504412,-1.0,-1.0,-1.0,-1.0
124,left,1,2,doll+coffee,Y,./stimuli/A_cropped/doll_coffee_Y/1/left/doll_0377.jpeg,doll,annotator1,5,Site0,-1,0.705109797,0.27352006,0.847187368,0.45608354,0.1485826,0.696319745,0.064516129,0.61659599,-1.0,-1.0,-1.0,-1.0
125,left,1,2,doll+coffee,Y,./stimuli/A_cropped/doll_coffee_Y/1/left/doll_0378.jpeg,doll,annotator1,3,Site0,-1,0.698267177,0.280482717,0.840344749,0.463333866,0.1485826,0.726572606,0.059628543,0.616779713,-1.0,-1.0,-1.0,-1.0
126,left,1,2,doll+coffee,Y,./stimuli/A_cropped/doll_coffee_Y/1/left/doll_0379.jpeg,doll,annotator1,5,Site0,-1,0.699223349,0.275211362,0.839388577,0.459149631,0.1485826,0.723333536,0.059628543,0.615110237,-1.0,-1.0,-1.0,-1.0
127,right,1,2,doll+coffee,Y,./stimuli/A_cropped/doll_coffee_Y/1/right/IMG_0421.jpeg,doll,annotator1,15,Site0,-1,0.09115618,0.353979405,0.190368746,0.481064583,0.632453568,0.531891496,0.548387097,0.669721408,-1.0,-1.0,-1.0,-1.0
128,right,1,2,doll+coffee,Y,./stimuli/A_cropped/doll_coffee_Y/1/right/IMG_0422.jpeg,doll,annotator1,13,Site0,-1,0.117622016,0.284534397,0.259699587,0.457468076,0.866080156,0.500323305,0.744868035,0.720170822,-1.0,-1.0,-1.0,-1.0
129,right,1,2,doll+coffee,Y,./stimuli/A_cropped/doll_coffee_Y/1/right/IMG_0423.jpeg,doll,annotator1,4,Site0,-1,0.116652798,0.311511106,0.260668805,0.484412835,0.866080156,0.617451629,0.739002933,0.746309322,-1.0,-1.0,-1.0,-1.0
130,right,1,2,doll+coffee,Y,./stimuli/A_cropped/doll_coffee_Y/1/right/IMG_0424.jpeg,coffee,annotator1,9,Site0,-1,0.121485217,0.30329804,0.27147666,0.479999772,0.890518084,0.622497824,0.764418377,0.740815932,-1.0,-1.0,-1.0,-1.0
131,right,1,2,doll+coffee,Y,./stimuli/A_cropped/doll_coffee_Y/1/right/IMG_0425.jpeg,coffee,annotator1,3,Site0,-1,0.12735032,0.294525301,0.277341763,0.469752816,0.884652981,0.607452443,0.749755621,0.729293105,-1.0,-1.0,-1.0,-1.0
132,right,1,2,doll+coffee,Y,./stimuli/A_cropped/doll_coffee_Y/1/right/IMG_0426.jpeg,coffee,annotator1,8,Site0,-1,0.117622016,0.287201759,0.259699587,0.46133963,0.866080156,0.500329998,0.744868035,0.724728759,-1.0,-1.0,-1.0,-1.0
133,front,2,2,doll+coffee,Y,./stimuli/A_cropped/doll_coffee_Y/2/front/IMG_0409.jpeg,doll,annotator1,8,Site0,-1,0.506671049,0.3483011,0.618754171,0.49627368,0.82847374,0.788856305,0.184682751,0.853372434,-1.0,-1.0,-1.0,-1.0
134,front,2,2,doll+coffee,Y,./stimuli/A_cropped/doll_coffee_Y/2/front/IMG_0410.jpeg,doll,annotator1,9,Site0,-1,0.495852472,0.367714194,0.615147872,0.521826373,0.837964463,0.826979472,0.162937979,0.890518084,-1.0,-1.0,-1.0,-1.0
135,front,2,2,doll+coffee,Y,./stimuli/A_cropped/doll_coffee_Y/2/front/IMG_0411.jpeg,doll,annotator1,0,Site0,-1,0.485430519,0.36896902,0.610341798,0.528391684,0.823567219,0.826979472,0.142420182,0.890518084,-1.0,-1.0,-1.0,-1.0
136,front,2,2,doll+coffee,Y,./stimuli/A_cropped/doll_coffee_Y/2/front/IMG_0412.jpeg,coffee,annotator1,7,Site0,-1,0.487667951,0.383354468,0.615770872,0.537466647,0.825157692,0.853372434,0.140662522,0.921798631,-1.0,-1.0,-1.0,-1.0
137,front,2,2,doll+coffee,Y,./stimuli/A_cropped/doll_coffee_Y/2/front/IMG_0413.jpeg,coffee,annotator1,8,Site0,-1,0.479158394,0.385309502,0.60988263,0.539421681,0.82513465,0.853372434,0.140687987,0.921798631,-1.0,-1.0,-1.0,-1.0
138,front,2,2,doll+coffee,Y,./stimuli/A_cropped/doll_coffee_Y/2/front/IMG_0414.jpeg,coffee,annotator1,0,Site0,-1,0.4743477,0.396877768,0.60215368,0.555223894,0.817876423,0.853372434,0.144312551,0.921798631,-1.0,-1.0,-1.0,-1.0
139,left,2,2,doll+coffee,Y,./stimuli/A_cropped/doll_coffee_Y/2/left/coffee_0390.jpeg,coffee,annotator1,14,Site0,-1,0.638422099,0.320133307,0.763337432,0.478096786,0.1485826,0.643998182,0.099706745,0.560071098,-1.0,-1.0,-1.0,-1.0
140,left,2,2,doll+coffee,Y,./stimuli/A_cropped/doll_coffee_Y/2/left/coffee_0391.jpeg,coffee,annotator1,3,Site0,-1,0.631382312,0.309346515,0.760602048,0.477008815,0.109481916,0.700604022,0.070381232,0.555769583,-1.0,-1.0,-1.0,-1.0
141,left,2,2,doll+coffee,Y,./stimuli/A_cropped/doll_coffee_Y/2/left/coffee_0392.jpeg,coffee,annotator1,0,Site0,-1,0.637875692,0.317510808,0.769748942,0.486347511,0.11827957,0.702009167,0.078201369,0.558395458,-1.0,-1.0,-1.0,-1.0
142,left,2,2,doll+coffee,Y,./stimuli/A_cropped/doll_coffee_Y/2/left/doll_0388.jpeg,doll,annotator1,1,Site0,-1,0.653198918,0.281134985,0.789616331,0.4502705,0.1485826,0.660579776,0.099706745,0.527885111,-1.0,-1.0,-1.0,-1.0
143,left,2,2,doll+coffee,Y,./stimuli/A_cropped/doll_coffee_Y/2/left/doll_0389.jpeg,doll,annotator1,14,Site0,-1,0.646673346,0.288646014,0.778546596,0.453337319,0.1485826,0.60807142,0.083088954,0.526786933,-1.0,-1.0,-1.0,-1.0
144,right,2,2,doll+coffee,Y,./stimuli/A_cropped/doll_coffee_Y/2/right/coffee_0429.jpeg,coffee,annotator1,10,Site0,-1,0.11366508,0.28695552,0.263656523,0.458688795,0.866080156,0.500312476,0.716520039,0.755918067,-1.0,-1.0,-1.0,-1.0
145,right,2,2,doll+coffee,Y,./stimuli/A_cropped/doll_coffee_Y/2/right/coffee_0430.jpeg,coffee,annotator1,19,Site0,-1,0.126398325,0.29688091,0.266563552,0.471227037,0.866080156,0.500310847,0.716520039,0.768261182,-1.0,-1.0,-1.0,-1.0
146,right,2,2,doll+coffee,Y,./stimuli/A_cropped/doll_coffee_Y/2/right/coffee_0431.jpeg,coffee,annotator1,13,Site0,-1,0.132736676,0.288137067,0.271955406,0.461977609,0.866080156,0.500316311,0.716520039,0.75905833,-1.0,-1.0,-1.0,-1.0
147,right,2,2,doll+coffee,Y,./stimuli/A_cropped/doll_coffee_Y/2/right/doll_0427.jpeg,doll,annotator1,17,Site0,-1,0.137736173,0.290506404,0.266955909,0.459377343,0.866080156,0.500307268,0.69599218,0.765172391,-1.0,-1.0,-1.0,-1.0
148,right,2,2,doll+coffee,Y,./stimuli/A_cropped/doll_coffee_Y/2/right/doll_0428.jpeg,doll,annotator1,4,Site0,-1,0.140865892,0.296260722,0.265781225,0.463291606,0.866080156,0.50031227,0.709677419,0.769488755,-1.0,-1.0,-1.0,-1.0
149,front,3,2,doll+coffee,Y,./stimuli/A_cropped/doll_coffee_Y/3/front/IMG_0415.jpeg,doll,annotator1,13,Site0,-1,0.579516452,0.295943946,0.66975041,0.40719444,0.923753666,0.500459538,0.250244379,0.592367159,-1.0,-1.0,-1.0,-1.0
150,front,3,2,doll+coffee,Y,./stimuli/A_cropped/doll_coffee_Y/3/front/IMG_0416.jpeg,doll,annotator1,4,Site0,-1,0.587336589,0.288341949,0.677570547,0.398545041,0.923753666,0.545991377,0.272727273,0.575723176,-1.0,-1.0,-1.0,-1.0
151,front,3,2,doll+coffee,Y,./stimuli/A_cropped/doll_coffee_Y/3/front/IMG_0417.jpeg,doll,annotator1,8,Site0,-1,0.586410117,0.287880269,0.678497019,0.3968882,0.921798631,0.545492597,0.272727273,0.574901953,-1.0,-1.0,-1.0,-1.0
152,front,3,2,doll+coffee,Y,./stimuli/A_cropped/doll_coffee_Y/3/front/IMG_0418.jpeg,coffee,annotator1,18,Site0,-1,0.598112422,0.291111414,0.682434987,0.404849452,0.921798631,0.500451097,0.284457478,0.573528752,-1.0,-1.0,-1.0,-1.0
153,front,3,2,doll+coffee,Y,./stimuli/A_cropped/doll_coffee_Y/3/front/IMG_0419.jpeg,coffee,annotator1,17,Site0,-1,0.598679907,0.294833307,0.681867502,0.404709766,0.923753666,0.500453862,0.284457478,0.573979576,-1.0,-1.0,-1.0,-1.0
154,front,3,2,doll+coffee,Y,./stimuli/A_cropped/doll_coffee_Y/3/front/IMG_0420.jpeg,coffee,annotator1,4,Site0,-1,0.593792322,0.300461458,0.676979917,0.414012778,0.921798631,0.573408044,0.284457478,0.586918726,-1.0,-1.0,-1.0,-1.0
155,left,3,2,doll+coffee,Y,./stimuli/A_cropped/doll_coffee_Y/3/left/coffee_0397.jpeg,coffee,annotator1,-1,Site0,-1,0.56169143,0.385359231,0.667359453,0.521776644,0.202729991,0.769305963,0.196114803,0.579667644,-1.0,-1.0,-1.0,-1.0
156,left,3,2,doll+coffee,Y,./stimuli/A_cropped/doll_coffee_Y/3/left/coffee_0398.jpeg,coffee,annotator1,9,Site0,-1,0.56039844,0.390843839,0.663851771,0.533887344,0.208960466,0.788856305,0.19762652,0.579667644,-1.0,-1.0,-1.0,-1.0
157,left,3,2,doll+coffee,Y,./stimuli/A_cropped/doll_coffee_Y/3/left/coffee_0399.jpeg,coffee,annotator1,19,Site0,-1,0.569445548,0.400576363,0.669600773,0.539795093,0.218238844,0.788856305,0.202563675,0.579667644,-1.0,-1.0,-1.0,-1.0
158,left,3,2,doll+coffee,Y,./stimuli/A_cropped/doll_coffee_Y/3/left/coffee_0400.jpeg,coffee,annotator1,13,Site0,-1,0.570266319,0.390801192,0.674381655,0.530019922,0.222552219,0.769305963,0.198627654,0.579667644,-1.0,-1.0,-1.0,-1.0
159,left,3,2,doll+coffee,Y,./stimuli/A_cropped/doll_coffee_Y/3/left/doll_0393.jpeg,doll,annotator1,4,Site0,-1,0.559444269,0.379113633,0.674909426,0.522157139,0.214406259,0.769305963,0.18977926,0.565004888,-1.0,-1.0,-1.0,-1.0
160,left,3,2,doll+coffee,Y,./stimuli/A_cropped/doll_coffee_Y/3/left/doll_0395.jpeg,doll,annotator1,0,Site0,-1,0.548445512,0.388846158,0.668769478,0.528064888,0.193781757,0.782013685,0.186724231,0.579667644,-1.0,-1.0,-1.0,-1.0
161,left,3,2,doll+coffee,Y,./stimuli/A_cropped/doll_coffee_Y/3/left/doll_0396.jpeg,doll,annotator1,13,Site0,-1,0.557010779,0.382003538,0.665264939,0.521222268,0.21152303,0.769305963,0.186647408,0.573802542,-1.0,-1.0,-1.0,-1.0
162,right,3,2,doll+coffee,Y,./stimuli/A_cropped/doll_coffee_Y/3/right/IMG_0432.jpeg,doll,annotator1,16,Site0,-1,0.380792292,0.307157863,0.475766806,0.443575275,0.804347405,0.500488759,0.704756313,0.721407625,-1.0,-1.0,-1.0,-1.0
163,right,3,2,doll+coffee,Y,./stimuli/A_cropped/doll_coffee_Y/3/right/IMG_0433.jpeg,doll,annotator1,3,Site0,-1,0.372439825,0.307157863,0.473695223,0.443575275,0.799849017,0.500488759,0.703026681,0.721407625,-1.0,-1.0,-1.0,-1.0
164,right,3,2,doll+coffee,Y,./stimuli/A_cropped/doll_coffee_Y/3/right/IMG_0434.jpeg,doll,annotator1,18,Site0,-1,0.363921684,0.312599824,0.469261565,0.451818553,0.801553357,0.500488759,0.704180683,0.72629521,-1.0,-1.0,-1.0,-1.0
165,right,3,2,doll+coffee,Y,./stimuli/A_cropped/doll_coffee_Y/3/right/IMG_0435.jpeg,coffee,annotator1,7,Site0,-1,0.344030208,0.290643117,0.451380672,0.460090021,0.795066258,0.500488759,0.685016515,0.744868035,-1.0,-1.0,-1.0,-1.0
166,right,3,2,doll+coffee,Y,./stimuli/A_cropped/doll_coffee_Y/3/right/IMG_0436.jpeg,coffee,annotator1,10,Site0,-1,0.351376354,0.288688083,0.457298726,0.458134987,0.795113149,0.500488759,0.685045917,0.744868035,-1.0,-1.0,-1.0,-1.0
167,right,3,2,doll+coffee,Y,./stimuli/A_cropped/doll_coffee_Y/3/right/IMG_0437.jpeg,coffee,annotator1,13,Site0,-1,0.337747342,0.31064479,0.450798743,0.449863519,0.794340903,0.500488759,0.663195269,0.721407625,-1.0,-1.0,-1.0,-1.0
168,front,1,4,doll+coffee+remote+soccer,X,./stimuli/A_cropped/doll_coffee_remote_soccer_X/1/front/IMG_1270.jpeg,doll,annotator2,11,Site0,-1,0.440155794,0.234630106,0.590147237,0.423047049,0.8,0.810626286,0.542521994,0.832082418,0.335288368,0.889623865,0.1485826,0.749183724
169,front,1,4,doll+coffee+remote+soccer,X,./stimuli/A_cropped/doll_coffee_remote_soccer_X/1/front/IMG_1271.jpeg,doll,annotator2,16,Site0,-1,0.461708037,0.229220214,0.603785609,0.412630142,0.8,0.796287433,0.542521994,0.816753127,0.359726295,0.871638397,0.165200391,0.733029834
170,front,1,4,doll+coffee+remote+soccer,X,./stimuli/A_cropped/doll_coffee_remote_soccer_X/1/front/IMG_1272.jpeg,coffee,annotator2,1,Site0,-1,0.443088345,0.197996971,0.593079788,0.393453861,0.8,0.773755735,0.542521994,0.794136872,0.359726295,0.870102931,0.1485826,0.709833076
171,front,1,4,doll+coffee+remote+soccer,X,./stimuli/A_cropped/doll_coffee_remote_soccer_X/1/front/IMG_1273.jpeg,coffee,annotator2,12,Site0,-1,0.425493037,0.175302542,0.57548448,0.377986346,0.832844575,0.764664326,0.500488759,0.805973095,0.335288368,0.859770563,0.109481916,0.712788197
172,front,1,4,doll+coffee+remote+soccer,X,./stimuli/A_cropped/doll_coffee_remote_soccer_X/1/front/IMG_1274.jpeg,remote,annotator2,1,Site0,-1,0.429449973,0.186025068,0.571527544,0.3847391,0.832844575,0.758328286,0.548387097,0.777560848,0.359726295,0.849245855,0.1485826,0.698007975
173,front,1,4,doll+coffee+remote+soccer,X,./stimuli/A_cropped/doll_coffee_remote_soccer_X/1/front/IMG_1275.jpeg,remote,annotator2,6,Site0,-1,0.419627934,0.168618274,0.569619377,0.368339442,0.8,0.759637562,0.500488759,0.779846238,0.335288368,0.829049973,0.11827957,0.694618342
174,front,1,4,doll+coffee+remote+soccer,X,./stimuli/A_cropped/doll_coffee_remote_soccer_X/1/front/IMG_1276.jpeg,soccer,annotator2,6,Site0,-1,0.436292593,0.196939236,0.578370164,0.386116906,0.8,0.764961097,0.548387097,0.785584126,0.359726295,0.83579672,0.1485826,0.703092008
175,front,1,4,doll+coffee+remote+soccer,X,./stimuli/A_cropped/doll_coffee_remote_soccer_X/1/front/IMG_1277.jpeg,soccer,annotator2,19,Site0,-1,0.409852763,0.187277841,0.559844206,0.380329421,0.853372434,0.766747503,0.542521994,0.802855456,0.335288368,0.83806071,0.11827957,0.704461284
176,left,1,4,doll+coffee+remote+soccer,X,./stimuli/A_cropped/doll_coffee_remote_soccer_X/1/left/IMG_1262.jpeg,doll,annotator2,10,Site0,-1,0.693379592,0.276862507,0.835457163,0.465937552,0.250244379,0.764817361,0.188660802,0.657277316,0.105571848,0.604403461,0.234604106,0.500448084
177,left,1,4,doll+coffee+remote+soccer,X,./stimuli/A_cropped/doll_coffee_remote_soccer_X/1/left/IMG_1263.jpeg,doll,annotator2,13,Site0,-1,0.701097257,0.294970232,0.837514669,0.494005354,0.250244379,0.778884962,0.203323558,0.675561805,0.109481916,0.633532046,0.250244379,0.538089469
178,left,1,4,doll+coffee+remote+soccer,X,./stimuli/A_cropped/doll_coffee_remote_soccer_X/1/left/IMG_1264.jpeg,coffee,annotator2,13,Site0,-1,0.654062372,0.262711099,0.778977706,0.448501801,0.250244379,0.728784419,0.188660802,0.63587704,0.109481916,0.59019758,0.250244379,0.500387114
179,left,1,4,doll+coffee+remote+soccer,X,./stimuli/A_cropped/doll_coffee_remote_soccer_X/1/left/IMG_1265.jpeg,coffee,annotator2,0,Site0,-1,0.676290646,0.278840757,0.766524603,0.480261919,0.250244379,0.785803271,0.188660802,0.675846653,0.10459433,0.623806116,0.250244379,0.500419682
180,left,1,4,doll+coffee+remote+soccer,X,./stimuli/A_cropped/doll_coffee_remote_soccer_X/1/left/IMG_1266.jpeg,remote,annotator2,19,Site0,-1,0.671801342,0.276587312,0.771013908,0.456593709,0.265884653,0.748722424,0.203323558,0.647718394,0.109481916,0.614050384,0.250244379,0.50042085
181,left,1,4,doll+coffee+remote+soccer,X,./stimuli/A_cropped/doll_coffee_remote_soccer_X/1/left/IMG_1267.jpeg,remote,annotator2,4,Site0,-1,0.676290646,0.268553802,0.766524603,0.46186173,0.250244379,0.751300349,0.211143695,0.651800718,0.109481916,0.615232478,0.250244379,0.500425212
182,left,1,4,doll+coffee+remote+soccer,X,./stimuli/A_cropped/doll_coffee_remote_soccer_X/1/left/IMG_1268.jpeg,soccer,annotator2,18,Site0,-1,0.693885954,0.283365502,0.784119911,0.455796232,0.284457478,0.743147343,0.250244379,0.646875806,0.1485826,0.611493959,0.284457478,0.500411417
183,left,1,4,doll+coffee+remote+soccer,X,./stimuli/A_cropped/doll_coffee_remote_soccer_X/1/left/IMG_1269.jpeg,soccer,annotator2,7,Site0,-1,0.665466576,0.275693468,0.742158058,0.454230771,0.250244379,0.75175832,0.211143695,0.652077361,0.1485826,0.599254972,0.250244379,0.500425987
184,right,1,4,doll+coffee+remote+soccer,X,./stimuli/A_cropped/doll_coffee_remote_soccer_X/1/right/IMG_1278.jpeg,doll,annotator2,5,Site0,-1,0.208304301,0.310197181,0.323465005,0.47039846,0.788856305,0.54701522,0.827956989,0.64563251,0.88856305,0.710612895,0.769305963,0.760303778
185,right,1,4,doll+coffee+remote+soccer,X,./stimuli/A_cropped/doll_coffee_remote_soccer_X/1/right/IMG_1279.jpeg,doll,annotator2,9,Site0,-1,0.203211826,0.318348634,0.320737344,0.464513875,0.769305963,0.537450543,0.810361681,0.632779198,0.866080156,0.70843686,0.744868035,0.740969655
186,right,1,4,doll+coffee+remote+soccer,X,./stimuli/A_cropped/doll_coffee_remote_soccer_X/1/right/IMG_1280.jpeg,coffee,annotator2,9,Site0,-1,0.208304301,0.305055332,0.323465005,0.46959654,0.788856305,0.538866663,0.827956989,0.637799988,0.890518084,0.7163185,0.769305963,0.732022202
187,right,1,4,doll+coffee+remote+soccer,X,./stimuli/A_cropped/doll_coffee_remote_soccer_X/1/right/IMG_1281.jpeg,coffee,annotator2,0,Site0,-1,0.156496701,0.283565075,0.31271151,0.48432572,0.788856305,0.557825116,0.827956989,0.654065518,0.866080156,0.730896091,0.749755621,0.775376949
188,right,1,4,doll+coffee+remote+soccer,X,./stimuli/A_cropped/doll_coffee_remote_soccer_X/1/right/IMG_1282.jpeg,remote,annotator2,17,Site0,-1,0.159608384,0.295100515,0.309599827,0.48516112,0.788856305,0.547086792,0.811339198,0.645854211,0.866080156,0.726246295,0.744868035,0.760700046
189,right,1,4,doll+coffee+remote+soccer,X,./stimuli/A_cropped/doll_coffee_remote_soccer_X/1/right/IMG_1283.jpeg,remote,annotator2,4,Site0,-1,0.206790648,0.344322426,0.338663898,0.503768876,0.811339198,0.564147973,0.832844575,0.657811885,0.890518084,0.727075954,0.769305963,0.768004723
190,right,1,4,doll+coffee+remote+soccer,X,./stimuli/A_cropped/doll_coffee_remote_soccer_X/1/right/IMG_1284.jpeg,soccer,annotator2,4,Site0,-1,0.149895164,0.285905753,0.31149291,0.491001154,0.769305963,0.555578941,0.810361681,0.648080956,0.866080156,0.724259085,0.744868035,0.764680133
191,right,1,4,doll+coffee+remote+soccer,X,./stimuli/A_cropped/doll_coffee_remote_soccer_X/1/right/IMG_1285.jpeg,soccer,annotator2,10,Site0,-1,0.210269606,0.291005921,0.335184939,0.488390177,0.788856305,0.547272265,0.832844575,0.646428723,0.900293255,0.721756885,0.769305963,0.76172693
192,front,2,4,doll+coffee+remote+soccer,X,./stimuli/A_cropped/doll_coffee_remote_soccer_X/2/front/IMG_1294.jpeg,doll,annotator2,18,Site0,-1,0.415531029,0.31232472,0.548300838,0.50206311,0.866080156,0.787472507,0.500488759,0.839081745,0.301075269,0.890690982,0.105571848,0.767553152
193,front,2,4,doll+coffee+remote+soccer,X,./stimuli/A_cropped/doll_coffee_remote_soccer_X/2/front/IMG_1295.jpeg,doll,annotator2,9,Site0,-1,0.432280052,0.250197001,0.568697465,0.437827278,0.8,0.731049688,0.500488759,0.782654695,0.302052786,0.812366668,0.109481916,0.695864457
194,front,2,4,doll+coffee+remote+soccer,X,./stimuli/A_cropped/doll_coffee_remote_soccer_X/2/front/IMG_1296.jpeg,coffee,annotator2,10,Site0,-1,0.424459916,0.254730475,0.560877328,0.440196376,0.8,0.737860463,0.500488759,0.790986658,0.301075269,0.821574467,0.109481916,0.705662769
195,front,2,4,doll+coffee+remote+soccer,X,./stimuli/A_cropped/doll_coffee_remote_soccer_X/2/front/IMG_1297.jpeg,coffee,annotator2,1,Site0,-1,0.42575448,0.24065393,0.557627729,0.429539919,0.8,0.732595985,0.500488759,0.784546357,0.301075269,0.794779006,0.109481916,0.695601023
196,front,2,4,doll+coffee+remote+soccer,X,./stimuli/A_cropped/doll_coffee_remote_soccer_X/2/front/IMG_1298.jpeg,remote,annotator2,8,Site0,-1,0.400868273,0.253348677,0.533638081,0.433115309,0.866080156,0.731579549,0.500488759,0.786217192,0.301075269,0.814796882,0.105571848,0.708883913
197,front,2,4,doll+coffee+remote+soccer,X,./stimuli/A_cropped/doll_coffee_remote_soccer_X/2/front/IMG_1299.jpeg,remote,annotator2,4,Site0,-1,0.404249103,0.247937237,0.536122353,0.432639836,0.8,0.727444518,0.500488759,0.778244309,0.302052786,0.807492673,0.105571848,0.692808297
198,front,2,4,doll+coffee+remote+soccer,X,./stimuli/A_cropped/doll_coffee_remote_soccer_X/2/front/IMG_1300.jpeg,soccer,annotator2,9,Site0,-1,0.40557586,0.250165222,0.534795596,0.424758439,0.8,0.723916219,0.500488759,0.773927964,0.301075269,0.802722605,0.109481916,0.689817303
199,front,2,4,doll+coffee+remote+soccer,X,./stimuli/A_cropped/doll_coffee_remote_soccer_X/2/front/IMG_1301.jpeg,soccer,annotator2,12,Site0,-1,0.408159172,0.249222208,0.540032422,0.424961649,0.866080156,0.707303343,0.500488759,0.772015094,0.302052786,0.800608659,0.109481916,0.688491787
200,left,2,4,doll+coffee+remote+soccer,X,./stimuli/A_cropped/doll_coffee_remote_soccer_X/2/left/IMG_1286.jpeg,doll,annotator2,11,Site0,-1,0.703154763,0.22675869,0.845232334,0.440987344,0.188660802,0.755015706,0.172043011,0.616936136,0.230694037,0.530636405,0.302052786,0.442610679
201,left,2,4,doll+coffee+remote+soccer,X,./stimuli/A_cropped/doll_coffee_remote_soccer_X/2/left/IMG_1287.jpeg,doll,annotator2,9,Site0,-1,0.713804979,0.241532034,0.850222391,0.447793958,0.230694037,0.742227359,0.203323558,0.611072106,0.250244379,0.535657835,0.311827957,0.45204636
202,left,2,4,doll+coffee+remote+soccer,X,./stimuli/A_cropped/doll_coffee_remote_soccer_X/2/left/IMG_1288.jpeg,coffee,annotator2,9,Site0,-1,0.71607706,0.284468829,0.84795031,0.477870436,0.250244379,0.781963347,0.211143695,0.645329126,0.265884653,0.567489024,0.335288368,0.500414043
203,left,2,4,doll+coffee+remote+soccer,X,./stimuli/A_cropped/doll_coffee_remote_soccer_X/2/left/IMG_1289.jpeg,coffee,annotator2,19,Site0,-1,0.71924694,0.29066067,0.85846567,0.467351557,0.250244379,0.749154658,0.225806452,0.624366538,0.276637341,0.551854523,0.335288368,0.464165574
204,left,2,4,doll+coffee+remote+soccer,X,./stimuli/A_cropped/doll_coffee_remote_soccer_X/2/left/IMG_1290.jpeg,remote,annotator2,10,Site0,-1,0.696671713,0.280546082,0.802839528,0.47452941,0.250244379,0.790581167,0.219941349,0.64038356,0.272727273,0.569551733,0.335288368,0.500426698
205,left,2,4,doll+coffee+remote+soccer,X,./stimuli/A_cropped/doll_coffee_remote_soccer_X/2/left/IMG_1291.jpeg,remote,annotator2,6,Site0,-1,0.706848296,0.280195994,0.831763629,0.475959161,0.250244379,0.807142549,0.219941349,0.649110698,0.272727273,0.569245139,0.335288368,0.500424817
206,left,2,4,doll+coffee+remote+soccer,X,./stimuli/A_cropped/doll_coffee_remote_soccer_X/2/left/IMG_1292.jpeg,soccer,annotator2,9,Site0,-1,0.71969968,0.289371014,0.818912246,0.440911704,0.250244379,0.751424154,0.230694037,0.622095994,0.276637341,0.542116736,0.335288368,0.450225675
207,left,2,4,doll+coffee+remote+soccer,X,./stimuli/A_cropped/doll_coffee_remote_soccer_X/2/left/IMG_1293.jpeg,soccer,annotator2,1,Site0,-1,0.71172561,0.293080684,0.826886315,0.449787468,0.250244379,0.772137965,0.230694037,0.619643368,0.284457478,0.549885201,0.335288368,0.452548224
208,right,2,4,doll+coffee+remote+soccer,X,./stimuli/A_cropped/doll_coffee_remote_soccer_X/2/right/coffee_1304.jpeg,coffee,annotator2,12,Site0,-1,0.162997869,0.158316636,0.353131163,0.381747959,0.810361681,0.500450035,0.811339198,0.671463199,0.788856305,0.786672067,0.579667644,0.837075947
209,right,2,4,doll+coffee+remote+soccer,X,./stimuli/A_cropped/doll_coffee_remote_soccer_X/2/right/coffee_1305.jpeg,coffee,annotator2,7,Site0,-1,0.214179675,0.171774779,0.339095008,0.393411729,0.810361681,0.521874601,0.832844575,0.687050157,0.788856305,0.798655263,0.594330401,0.856689918
210,right,2,4,doll+coffee+remote+soccer,X,./stimuli/A_cropped/doll_coffee_remote_soccer_X/2/right/doll_1302.jpeg,doll,annotator2,19,Site0,-1,0.19635867,0.217403269,0.320965475,0.406252645,0.80959512,0.548387097,0.827146969,0.716520039,0.788142859,0.811339198,0.579470873,0.890518084
211,right,2,4,doll+coffee+remote+soccer,X,./stimuli/A_cropped/doll_coffee_remote_soccer_X/2/right/remote_1306.jpeg,remote,annotator2,2,Site0,-1,0.210269606,0.182689835,0.335184939,0.39450589,0.801564027,0.521625688,0.827956989,0.676977572,0.788856305,0.781133949,0.579667644,0.830564094
212,right,2,4,doll+coffee+remote+soccer,X,./stimuli/A_cropped/doll_coffee_remote_soccer_X/2/right/remote_1307.jpeg,remote,annotator2,16,Site0,-1,0.194082925,0.168631574,0.325956175,0.383264398,0.801564027,0.50044721,0.810361681,0.670386861,0.788856305,0.784872521,0.579667644,0.834959997
213,right,2,4,doll+coffee+remote+soccer,X,./stimuli/A_cropped/doll_coffee_remote_soccer_X/2/right/soccer_1308.jpeg,soccer,annotator2,5,Site0,-1,0.172664413,0.159704855,0.327824345,0.387331697,0.810361681,0.500443213,0.832844575,0.668864064,0.788856305,0.782326533,0.594330401,0.831966362
214,right,2,4,doll+coffee+remote+soccer,X,./stimuli/A_cropped/doll_coffee_remote_soccer_X/2/right/soccer_1309.jpeg,soccer,annotator2,15,Site0,-1,0.180136243,0.149855701,0.330127686,0.397995251,0.810361681,0.538490183,0.832844575,0.677408775,0.788856305,0.781818927,0.602150538,0.831369507
215,front,3,4,doll+coffee+remote+soccer,X,./stimuli/A_cropped/doll_coffee_remote_soccer_X/3/front/IMG_1318.jpeg,doll,annotator2,9,Site0,-1,0.433532841,0.392349214,0.536164129,0.522304281,0.810361681,0.70842886,0.602150538,0.781784534,0.219941349,0.805766196,0.099706745,0.676688425
216,front,3,4,doll+coffee+remote+soccer,X,./stimuli/A_cropped/doll_coffee_remote_soccer_X/3/front/IMG_1319.jpeg,doll,annotator2,6,Site0,-1,0.432742095,0.35746339,0.538909909,0.491233983,0.890518084,0.700492944,0.602150538,0.754093426,0.203323558,0.771055604,0.078201369,0.653677332
217,front,3,4,doll+coffee+remote+soccer,X,./stimuli/A_cropped/doll_coffee_remote_soccer_X/3/front/IMG_1320.jpeg,coffee,annotator2,2,Site0,-1,0.407139879,0.33083266,0.509771167,0.468621951,0.88856305,0.694298893,0.579667644,0.7376956,0.188660802,0.746243436,0.053763441,0.631833936
218,front,3,4,doll+coffee+remote+soccer,X,./stimuli/A_cropped/doll_coffee_remote_soccer_X/3/front/IMG_1321.jpeg,coffee,annotator2,14,Site0,-1,0.42253448,0.34714824,0.521747045,0.483870878,0.884652981,0.69279479,0.595307918,0.744337221,0.188660802,0.760648117,0.078201369,0.644514538
219,front,3,4,doll+coffee+remote+soccer,X,./stimuli/A_cropped/doll_coffee_remote_soccer_X/3/front/IMG_1322.jpeg,remote,annotator2,1,Site0,-1,0.424489514,0.376953909,0.52370208,0.509684802,0.810361681,0.703019763,0.613880743,0.770349498,0.219941349,0.774471727,0.099706745,0.655614133
220,front,3,4,doll+coffee+remote+soccer,X,./stimuli/A_cropped/doll_coffee_remote_soccer_X/3/front/IMG_1323.jpeg,remote,annotator2,8,Site0,-1,0.411236718,0.331414898,0.517404533,0.48495407,0.810361681,0.689069581,0.602150538,0.739616102,0.211143695,0.755611837,0.099706745,0.641722207
221,front,3,4,doll+coffee+remote+soccer,X,./stimuli/A_cropped/doll_coffee_remote_soccer_X/3/front/IMG_1324.jpeg,soccer,annotator2,6,Site0,-1,0.390276415,0.328413972,0.489488981,0.470163109,0.884652981,0.68427391,0.594330401,0.733538339,0.188660802,0.733538339,0.078201369,0.618795871
222,front,3,4,doll+coffee+remote+soccer,X,./stimuli/A_cropped/doll_coffee_remote_soccer_X/3/front/IMG_1325.jpeg,soccer,annotator2,8,Site0,-1,0.389298898,0.321475894,0.488511464,0.4668434,0.890518084,0.68897779,0.602150538,0.731186028,0.188660802,0.739499772,0.078201369,0.612235541
223,left,3,4,doll+coffee+remote+soccer,X,./stimuli/A_cropped/doll_coffee_remote_soccer_X/3/left/IMG_1310.jpeg,doll,annotator2,17,Site0,-1,0.690033338,0.190276391,0.819253074,0.389630161,0.272727273,0.798625927,0.203323558,0.633745826,0.250244379,0.462726573,0.42228739,0.37414737
224,left,3,4,doll+coffee+remote+soccer,X,./stimuli/A_cropped/doll_coffee_remote_soccer_X/3/left/IMG_1311.jpeg,doll,annotator2,3,Site0,-1,0.713860584,0.171889259,0.863852026,0.383077917,0.284457478,0.816354231,0.203323558,0.63332403,0.250244379,0.460513789,0.440860215,0.36667597
225,left,3,4,doll+coffee+remote+soccer,X,./stimuli/A_cropped/doll_coffee_remote_soccer_X/3/left/IMG_1312.jpeg,coffee,annotator2,2,Site0,-1,0.693432145,0.189568849,0.84274577,0.393031346,0.251373036,0.832844575,0.204664252,0.660801564,0.251373036,0.481915934,0.44112747,0.359726295
226,left,3,4,doll+coffee+remote+soccer,X,./stimuli/A_cropped/doll_coffee_remote_soccer_X/3/left/IMG_1313.jpeg,coffee,annotator2,18,Site0,-1,0.685145753,0.161272249,0.814365489,0.363919065,0.250244379,0.80799708,0.165200391,0.638767915,0.234604106,0.451165298,0.42228739,0.346726728
227,left,3,4,doll+coffee+remote+soccer,X,./stimuli/A_cropped/doll_coffee_remote_soccer_X/3/left/IMG_1314.jpeg,remote,annotator2,6,Site0,-1,0.676545266,0.185517671,0.801460599,0.348079902,0.250244379,0.76971021,0.203323558,0.623674225,0.250244379,0.444780143,0.440860215,0.339816779
228,left,3,4,doll+coffee+remote+soccer,X,./stimuli/A_cropped/doll_coffee_remote_soccer_X/3/left/IMG_1315.jpeg,remote,annotator2,6,Site0,-1,0.645105767,0.228956636,0.74101349,0.396468228,0.272727273,0.787498579,0.203323558,0.639614369,0.250244379,0.482000935,0.42228739,0.382762847
229,left,3,4,doll+coffee+remote+soccer,X,./stimuli/A_cropped/doll_coffee_remote_soccer_X/3/left/IMG_1316.jpeg,soccer,annotator2,12,Site0,-1,0.698257247,0.256923995,0.780728894,0.399967501,0.277716012,0.832844575,0.226088764,0.671554252,0.255726629,0.500488759,0.44215836,0.399804497
230,left,3,4,doll+coffee+remote+soccer,X,./stimuli/A_cropped/doll_coffee_remote_soccer_X/3/left/IMG_1317.jpeg,soccer,annotator2,5,Site0,-1,0.647871268,0.20511843,0.72456275,0.384776789,0.265884653,0.816645528,0.188660802,0.652975593,0.250244379,0.477216401,0.42228739,0.366553206
231,right,3,4,doll+coffee+remote+soccer,X,./stimuli/A_cropped/doll_coffee_remote_soccer_X/3/right/IMG_1326.jpeg,doll,annotator2,12,Site0,-1,0.264249582,0.267357101,0.406327153,0.430133303,0.810361681,0.500456963,0.832844575,0.62383701,0.744868035,0.830384347,0.335288368,0.865113545
232,right,3,4,doll+coffee+remote+soccer,X,./stimuli/A_cropped/doll_coffee_remote_soccer_X/3/right/IMG_1327.jpeg,doll,annotator2,0,Site0,-1,0.310120012,0.216243711,0.409332578,0.405449011,0.827956989,0.469753475,0.852394917,0.587128049,0.744868035,0.787567705,0.359726295,0.838129059
233,right,3,4,doll+coffee+remote+soccer,X,./stimuli/A_cropped/doll_coffee_remote_soccer_X/3/right/IMG_1328.jpeg,coffee,annotator2,1,Site0,-1,0.272830701,0.235965038,0.397746034,0.39724909,0.827956989,0.448790039,0.849462366,0.571343791,0.721407625,0.778809786,0.335288368,0.827831287
234,right,3,4,doll+coffee+remote+soccer,X,./stimuli/A_cropped/doll_coffee_remote_soccer_X/3/right/IMG_1329.jpeg,coffee,annotator2,16,Site0,-1,0.270865395,0.212811372,0.3860261,0.381402696,0.827956989,0.447204196,0.853372434,0.57112162,0.744868035,0.792776732,0.335288368,0.826810391
235,right,3,4,doll+coffee+remote+soccer,X,./stimuli/A_cropped/doll_coffee_remote_soccer_X/3/right/IMG_1330.jpeg,remote,annotator2,5,Site0,-1,0.272830701,0.218970908,0.397746034,0.395888279,0.832844575,0.448909892,0.853372434,0.571176817,0.721407625,0.793003951,0.359726295,0.827064023
236,right,3,4,doll+coffee+remote+soccer,X,./stimuli/A_cropped/doll_coffee_remote_soccer_X/3/right/IMG_1331.jpeg,remote,annotator2,5,Site0,-1,0.197675947,0.193077838,0.334093359,0.406328458,0.810361681,0.468571688,0.832844575,0.602728362,0.744868035,0.839144318,0.284457478,0.874794343
237,right,3,4,doll+coffee+remote+soccer,X,./stimuli/A_cropped/doll_coffee_remote_soccer_X/3/right/IMG_1332.jpeg,soccer,annotator2,19,Site0,-1,0.249539958,0.234963643,0.399531401,0.422613227,0.849462366,0.472872973,0.866080156,0.592943421,0.744868035,0.817964335,0.359726295,0.833084317
238,right,3,4,doll+coffee+remote+soccer,X,./stimuli/A_cropped/doll_coffee_remote_soccer_X/3/right/IMG_1333.jpeg,soccer,annotator2,5,Site0,-1,0.284992016,0.30584154,0.416865266,0.478622058,0.810361681,0.538903873,0.832844575,0.636387142,0.744868035,0.834931048,0.359726295,0.857289596
239,front,1,3,doll+remote+coffee,X,./stimuli/A_cropped/doll_remote_coffee_X/1/front/IMG_1160.jpeg,doll,annotator2,5,Site0,-1,0.395401385,0.17406625,0.55898115,0.383118501,0.795582554,0.721407625,0.500465484,0.866080156,0.128078015,0.832844575,-1.0,-1.0
240,front,1,3,doll+remote+coffee,X,./stimuli/A_cropped/doll_remote_coffee_X/1/front/IMG_1161.jpeg,doll,annotator2,15,Site0,-1,0.401631932,0.158948271,0.564146526,0.409966685,0.79365783,0.721407625,0.500462453,0.890518084,0.167496095,0.853372434,-1.0,-1.0
241,front,1,3,doll+remote+coffee,X,./stimuli/A_cropped/doll_remote_coffee_X/1/front/IMG_1162.jpeg,remote,annotator2,15,Site0,-1,0.394108494,0.161628713,0.559710186,0.383825833,0.840705042,0.721407625,0.500471238,0.866080156,0.16117991,0.832844575,-1.0,-1.0
242,front,1,3,doll+remote+coffee,X,./stimuli/A_cropped/doll_remote_coffee_X/1/front/IMG_1163.jpeg,remote,annotator2,8,Site0,-1,0.387431821,0.156190353,0.549029567,0.37748362,0.850048876,0.664591017,0.500488759,0.864591017,0.1485826,0.825649386,-1.0,-1.0
243,front,1,3,doll+remote+coffee,X,./stimuli/A_cropped/doll_remote_coffee_X/1/front/IMG_1164.jpeg,coffee,annotator2,1,Site0,-1,0.389540645,0.14892099,0.550913716,0.37111811,0.852881127,0.721407625,0.500488079,0.866080156,0.149071189,0.832844575,-1.0,-1.0
244,front,1,3,doll+remote+coffee,X,./stimuli/A_cropped/doll_remote_coffee_X/1/front/IMG_1165.jpeg,coffee,annotator2,15,Site0,-1,0.381566718,0.155793276,0.543164465,0.373640942,0.810361681,0.66819612,0.500488759,0.858914227,0.1485826,0.820578929,-1.0,-1.0
245,left,1,3,doll+remote+coffee,X,./stimuli/A_cropped/doll_remote_coffee_X/1/left/IMG_1154.jpeg,doll,annotator2,2,Site0,-1,0.724675223,0.275209185,0.886272969,0.483720584,0.359726295,0.748209942,0.11827957,0.68605246,0.203323558,0.613815388,-1.0,-1.0
246,left,1,3,doll+remote+coffee,X,./stimuli/A_cropped/doll_remote_coffee_X/1/left/IMG_1155.jpeg,doll,annotator2,15,Site0,-1,0.72789413,0.285426415,0.883054062,0.4924327,0.359726295,0.779804633,0.109481916,0.693889518,0.203323558,0.607200392,-1.0,-1.0
247,left,1,3,doll+remote+coffee,X,./stimuli/A_cropped/doll_remote_coffee_X/1/left/IMG_1156.jpeg,remote,annotator2,7,Site0,-1,0.710974899,0.252435329,0.853052471,0.464908206,0.359726295,0.737962921,0.109481916,0.668708061,0.188660802,0.593816177,-1.0,-1.0
248,left,1,3,doll+remote+coffee,X,./stimuli/A_cropped/doll_remote_coffee_X/1/left/IMG_1157.jpeg,remote,annotator2,4,Site0,-1,0.710974899,0.290711622,0.853052471,0.481321373,0.359726295,0.770462596,0.109481916,0.683882793,0.172043011,0.607629021,-1.0,-1.0
249,left,1,3,doll+remote+coffee,X,./stimuli/A_cropped/doll_remote_coffee_X/1/left/IMG_1158.jpeg,coffee,annotator2,14,Site0,-1,0.708057432,0.264560705,0.869655178,0.471358438,0.359726295,0.74617001,0.109481916,0.684523374,0.172043011,0.597051797,-1.0,-1.0
250,left,1,3,doll+remote+coffee,X,./stimuli/A_cropped/doll_remote_coffee_X/1/left/IMG_1159.jpeg,coffee,annotator2,18,Site0,-1,0.713860584,0.263355898,0.863852026,0.475168858,0.359726295,0.780859056,0.11827957,0.682702734,0.172043011,0.601043273,-1.0,-1.0
251,right,1,3,doll+remote+coffee,X,./stimuli/A_cropped/doll_remote_coffee_X/1/right/IMG_1166.jpeg,doll,annotator2,3,Site0,-1,0.203658605,0.26947224,0.365256351,0.444051804,0.716520039,0.562594612,0.900293255,0.707752671,0.810361681,0.806828806,-1.0,-1.0
252,right,1,3,doll+remote+coffee,X,./stimuli/A_cropped/doll_remote_coffee_X/1/right/IMG_1167.jpeg,doll,annotator2,0,Site0,-1,0.226877126,0.283452918,0.34203783,0.441278707,0.716520039,0.571215545,0.900293255,0.703314846,0.810361681,0.802204825,-1.0,-1.0
253,right,1,3,doll+remote+coffee,X,./stimuli/A_cropped/doll_remote_coffee_X/1/right/IMG_1168.jpeg,remote,annotator2,18,Site0,-1,0.187786713,0.260588232,0.312702046,0.44189569,0.660801564,0.58335236,0.866080156,0.695020593,0.801564027,0.798712524,-1.0,-1.0
254,right,1,3,doll+remote+coffee,X,./stimuli/A_cropped/doll_remote_coffee_X/1/right/IMG_1169.jpeg,remote,annotator2,9,Site0,-1,0.221012023,0.294058497,0.336172728,0.478855051,0.744868035,0.60721329,0.900293255,0.733812009,0.810361681,0.852498308,-1.0,-1.0
255,right,1,3,doll+remote+coffee,X,./stimuli/A_cropped/doll_remote_coffee_X/1/right/IMG_1170.jpeg,coffee,annotator2,10,Site0,-1,0.179205593,0.263139603,0.321283165,0.471162169,0.660801564,0.606831187,0.890518084,0.727459759,0.788856305,0.814974606,-1.0,-1.0
256,right,1,3,doll+remote+coffee,X,./stimuli/A_cropped/doll_remote_coffee_X/1/right/IMG_1171.jpeg,coffee,annotator2,8,Site0,-1,0.155698316,0.270056744,0.305689759,0.464358633,0.671554252,0.584366625,0.866080156,0.71602396,0.788856305,0.826495056,-1.0,-1.0
257,front,2,3,doll+remote+coffee,X,./stimuli/A_cropped/doll_remote_coffee_X/2/front/IMG_1178.jpeg,doll,annotator2,0,Site0,-1,0.417719767,0.213409994,0.559797339,0.393978086,0.866080156,0.69124,0.439882698,0.816200353,0.109481916,0.749498543,-1.0,-1.0
258,front,2,3,doll+remote+coffee,X,./stimuli/A_cropped/doll_remote_coffee_X/2/front/IMG_1179.jpeg,doll,annotator2,0,Site0,-1,0.420549847,0.236428667,0.556967259,0.417950711,0.849462366,0.73864281,0.42228739,0.84605373,0.109481916,0.755967152,-1.0,-1.0
259,front,2,3,doll+remote+coffee,X,./stimuli/A_cropped/doll_remote_coffee_X/2/front/IMG_1180.jpeg,remote,annotator2,6,Site0,-1,0.432280052,0.203263745,0.568697465,0.387605646,0.866080156,0.708731604,0.439882698,0.812055831,0.134897361,0.725396802,-1.0,-1.0
260,front,2,3,doll+remote+coffee,X,./stimuli/A_cropped/doll_remote_coffee_X/2/front/IMG_1181.jpeg,remote,annotator2,12,Site0,-1,0.429449973,0.201030437,0.571527544,0.387649566,0.853372434,0.705659999,0.42228739,0.80746375,0.11827957,0.726184949,-1.0,-1.0
261,front,2,3,doll+remote+coffee,X,./stimuli/A_cropped/doll_remote_coffee_X/2/front/IMG_1182.jpeg,coffee,annotator2,13,Site0,-1,0.427002078,0.19993036,0.573975439,0.380303293,0.866080156,0.71415778,0.439882698,0.809054042,0.109481916,0.71415778,-1.0,-1.0
262,front,2,3,doll+remote+coffee,X,./stimuli/A_cropped/doll_remote_coffee_X/2/front/IMG_1183.jpeg,coffee,annotator2,0,Site0,-1,0.410351535,0.192477128,0.549570264,0.377330226,0.853372434,0.719477104,0.407624633,0.82812046,0.109481916,0.719477104,-1.0,-1.0
263,left,2,3,doll+remote+coffee,X,./stimuli/A_cropped/doll_remote_coffee_X/2/left/IMG_1172.jpeg,doll,annotator2,19,Site0,-1,0.681602519,0.259033009,0.831593962,0.446791236,0.272727273,0.740800376,0.105571848,0.624270922,0.250244379,0.519964837,-1.0,-1.0
264,left,2,3,doll+remote+coffee,X,./stimuli/A_cropped/doll_remote_coffee_X/2/left/IMG_1173.jpeg,doll,annotator2,15,Site0,-1,0.698481752,0.282010919,0.830355002,0.471080308,0.332355816,0.775647336,0.1485826,0.644502348,0.265884653,0.549786523,-1.0,-1.0
265,left,2,3,doll+remote+coffee,X,./stimuli/A_cropped/doll_remote_coffee_X/2/left/IMG_1174.jpeg,remote,annotator2,14,Site0,-1,0.687297954,0.258332586,0.812213287,0.441348253,0.31769306,0.756438747,0.1485826,0.622784643,0.265884653,0.519726057,-1.0,-1.0
266,left,2,3,doll+remote+coffee,X,./stimuli/A_cropped/doll_remote_coffee_X/2/left/IMG_1175.jpeg,remote,annotator2,6,Site0,-1,0.632546725,0.291370346,0.74770743,0.459034755,0.250244379,0.747775694,0.1485826,0.627708177,0.250244379,0.531654164,-1.0,-1.0
267,left,2,3,doll+remote+coffee,X,./stimuli/A_cropped/doll_remote_coffee_X/2/left/IMG_1176.jpeg,coffee,annotator2,14,Site0,-1,0.676534995,0.246161315,0.791695699,0.424938819,0.31769306,0.757382328,0.1485826,0.615963466,0.250244379,0.500404054,-1.0,-1.0
268,left,2,3,doll+remote+coffee,X,./stimuli/A_cropped/doll_remote_coffee_X/2/left/IMG_1177.jpeg,coffee,annotator2,4,Site0,-1,0.706848296,0.248722574,0.831763629,0.433117669,0.335288368,0.774617568,0.1485826,0.631488788,0.272727273,0.521124428,-1.0,-1.0
269,right,2,3,doll+remote+coffee,X,./stimuli/A_cropped/doll_remote_coffee_X/2/right/IMG_1184.jpeg,doll,annotator2,6,Site0,-1,0.219643365,0.221054947,0.32581118,0.400762273,0.769305963,0.552739775,0.866080156,0.747405288,0.602150538,0.870035985,-1.0,-1.0
270,right,2,3,doll+remote+coffee,X,./stimuli/A_cropped/doll_remote_coffee_X/2/right/IMG_1185.jpeg,doll,annotator2,16,Site0,-1,0.21514692,0.258316104,0.330307625,0.411201825,0.769305963,0.569959192,0.853372434,0.75365572,0.602150538,0.882414968,-1.0,-1.0
271,right,2,3,doll+remote+coffee,X,./stimuli/A_cropped/doll_remote_coffee_X/2/right/IMG_1186.jpeg,remote,annotator2,10,Site0,-1,0.208304301,0.226042053,0.323465005,0.406418187,0.788856305,0.552936054,0.866080156,0.748326044,0.613880743,0.871413129,-1.0,-1.0
272,right,2,3,doll+remote+coffee,X,./stimuli/A_cropped/doll_remote_coffee_X/2/right/IMG_1187.jpeg,remote,annotator2,10,Site0,-1,0.187786713,0.229105447,0.312702046,0.415729129,0.769305963,0.571120349,0.866080156,0.757865806,0.602150538,0.89487065,-1.0,-1.0
273,right,2,3,doll+remote+coffee,X,./stimuli/A_cropped/doll_remote_coffee_X/2/right/IMG_1188.jpeg,coffee,annotator2,0,Site0,-1,0.197731551,0.205848213,0.347722994,0.417733325,0.788856305,0.561029297,0.866080156,0.74625108,0.632453568,0.886234363,-1.0,-1.0
274,right,2,3,doll+remote+coffee,X,./stimuli/A_cropped/doll_remote_coffee_X/2/right/IMG_1189.jpeg,coffee,annotator2,18,Site0,-1,0.193765878,0.213900965,0.330183291,0.413773766,0.769305963,0.551922912,0.853372434,0.743573333,0.613880743,0.882034431,-1.0,-1.0
275,front,3,3,doll+remote+coffee,X,./stimuli/A_cropped/doll_remote_coffee_X/3/front/coffee_1200.jpeg,coffee,annotator2,12,Site0,-1,0.385821273,0.293874683,0.491989088,0.436430043,0.810361681,0.663769383,0.39198436,0.788855931,0.078201369,0.663769383,-1.0,-1.0
276,front,3,3,doll+remote+coffee,X,./stimuli/A_cropped/doll_remote_coffee_X/3/front/coffee_1201.jpeg,coffee,annotator2,5,Site0,-1,0.373504692,0.27681196,0.488665396,0.420598435,0.788856305,0.643747216,0.359726295,0.774114619,0.064516129,0.647177937,-1.0,-1.0
277,front,3,3,doll+remote+coffee,X,./stimuli/A_cropped/doll_remote_coffee_X/3/front/doll_1197.jpeg,doll,annotator2,15,Site0,-1,0.394032551,0.267891956,0.509193256,0.417425047,0.788856305,0.64092946,0.359726295,0.767230799,0.042033236,0.649492263,-1.0,-1.0
278,front,3,3,doll+remote+coffee,X,./stimuli/A_cropped/doll_remote_coffee_X/3/front/remote_1196.jpeg,remote,annotator2,19,Site0,-1,0.415643439,0.30586487,0.524728017,0.447740788,0.801564027,0.668605192,0.407624633,0.778775472,0.099706745,0.668605192,-1.0,-1.0
279,front,3,3,doll+remote+coffee,X,./stimuli/A_cropped/doll_remote_coffee_X/3/front/remote_1198.jpeg,remote,annotator2,19,Site0,-1,0.395987585,0.316864587,0.51114829,0.464223962,0.788856305,0.672764612,0.359726295,0.804721689,0.070381232,0.691070797,-1.0,-1.0
280,front,3,3,doll+remote+coffee,X,./stimuli/A_cropped/doll_remote_coffee_X/3/front/remote_1199.jpeg,remote,annotator2,15,Site0,-1,0.399860662,0.301528157,0.511185281,0.446167409,0.801564027,0.669575532,0.382209189,0.799096799,0.078201369,0.669575532,-1.0,-1.0
281,left,3,3,doll+remote+coffee,X,./stimuli/A_cropped/doll_remote_coffee_X/3/left/coffee_1195.jpeg,coffee,annotator2,17,Site0,-1,0.681178231,0.191134535,0.771412189,0.370787131,0.335288368,0.79190934,0.1485826,0.552723713,0.386119257,0.431844956,-1.0,-1.0
282,left,3,3,doll+remote+coffee,X,./stimuli/A_cropped/doll_remote_coffee_X/3/left/doll_1190.jpeg,doll,annotator2,3,Site0,-1,0.693379592,0.217612964,0.835457163,0.409706334,0.359726295,0.816482819,0.1485826,0.568874098,0.373411535,0.450562764,-1.0,-1.0
283,left,3,3,doll+remote+coffee,X,./stimuli/A_cropped/doll_remote_coffee_X/3/left/doll_1191.jpeg,doll,annotator2,2,Site0,-1,0.704584184,0.222092061,0.843802913,0.403607123,0.359726295,0.806824819,0.188660802,0.569173507,0.39198436,0.459684152,-1.0,-1.0
284,left,3,3,doll+remote+coffee,X,./stimuli/A_cropped/doll_remote_coffee_X/3/left/remote_1192.jpeg,remote,annotator2,18,Site0,-1,0.71172561,0.203687943,0.826886315,0.387791911,0.359726295,0.817591469,0.188660802,0.571600843,0.405669599,0.44860553,-1.0,-1.0
285,left,3,3,doll+remote+coffee,X,./stimuli/A_cropped/doll_remote_coffee_X/3/left/remote_1193.jpeg,remote,annotator2,13,Site0,-1,0.71172561,0.236082522,0.826886315,0.418606685,0.359726295,0.834664482,0.188660802,0.596742568,0.407624633,0.471764131,-1.0,-1.0
286,left,3,3,doll+remote+coffee,X,./stimuli/A_cropped/doll_remote_coffee_X/3/left/remote_1194.jpeg,remote,annotator2,5,Site0,-1,0.706838025,0.194072683,0.82199873,0.378147374,0.359726295,0.817540963,0.1485826,0.554021492,0.399804497,0.43016734,-1.0,-1.0
287,right,3,3,doll+remote+coffee,X,./stimuli/A_cropped/doll_remote_coffee_X/3/right/IMG_1202.jpeg,doll,annotator2,18,Site0,-1,0.226877126,0.209093735,0.34203783,0.382330116,0.764418377,0.448598485,0.884652981,0.673535031,0.407624633,0.897592919,-1.0,-1.0
288,right,3,3,doll+remote+coffee,X,./stimuli/A_cropped/doll_remote_coffee_X/3/right/IMG_1203.jpeg,doll,annotator2,12,Site0,-1,0.219643365,0.226645034,0.32581118,0.380905445,0.744868035,0.44794037,0.853372434,0.658848616,0.405669599,0.896454108,-1.0,-1.0
289,right,3,3,doll+remote+coffee,X,./stimuli/A_cropped/doll_remote_coffee_X/3/right/IMG_1204.jpeg,remote,annotator2,7,Site0,-1,0.21514692,0.208363907,0.330307625,0.398456876,0.749755621,0.46856443,0.866080156,0.664684851,0.405669599,0.904908908,-1.0,-1.0
290,right,3,3,doll+remote+coffee,X,./stimuli/A_cropped/doll_remote_coffee_X/3/right/IMG_1205.jpeg,remote,annotator2,12,Site0,-1,0.203426986,0.202671195,0.32834232,0.386391169,0.749755621,0.468783649,0.866080156,0.666331901,0.403714565,0.881584948,-1.0,-1.0
291,right,3,3,doll+remote+coffee,X,./stimuli/A_cropped/doll_remote_coffee_X/3/right/IMG_1206.jpeg,coffee,annotator2,0,Site0,-1,0.169445506,0.183920064,0.331043252,0.403939283,0.749755621,0.470308147,0.866080156,0.677707959,0.405669599,0.901061603,-1.0,-1.0
292,right,3,3,doll+remote+coffee,X,./stimuli/A_cropped/doll_remote_coffee_X/3/right/IMG_1207.jpeg,coffee,annotator2,7,Site0,-1,0.164844276,0.167584021,0.320004209,0.390836232,0.769305963,0.447388156,0.890518084,0.671325747,0.405669599,0.888068555,-1.0,-1.0
293,front,1,3,doll+remote+soccer,X,./stimuli/A_cropped/doll_remote_soccer_X/1/front/IMG_1214.jpeg,doll,annotator2,10,Site0,-1,0.40007051,0.14892099,0.557264857,0.37111811,0.8,0.782013685,0.446451532,0.890518084,0.152152633,0.744868035,-1.0,-1.0
294,front,1,3,doll+remote+soccer,X,./stimuli/A_cropped/doll_remote_soccer_X/1/front/IMG_1215.jpeg,doll,annotator2,15,Site0,-1,0.445322794,0.169608054,0.599013914,0.375846491,0.78728377,0.744868035,0.4470674,0.890518084,0.211811399,0.721407625,-1.0,-1.0
295,front,1,3,doll+remote+soccer,X,./stimuli/A_cropped/doll_remote_soccer_X/1/front/IMG_1216.jpeg,remote,annotator2,9,Site0,-1,0.44104495,0.224776886,0.58616889,0.398879028,0.8,0.74,0.448644851,0.890518084,0.220399745,0.721407625,-1.0,-1.0
296,front,1,3,doll+remote+soccer,X,./stimuli/A_cropped/doll_remote_soccer_X/1/front/IMG_1217.jpeg,remote,annotator2,19,Site0,-1,0.446326576,0.154945298,0.598895609,0.361183735,0.7930213,0.744868035,0.500461451,0.866080156,0.206055799,0.716520039,-1.0,-1.0
297,front,1,3,doll+remote+soccer,X,./stimuli/A_cropped/doll_remote_soccer_X/1/front/IMG_1218.jpeg,soccer,annotator2,7,Site0,-1,0.423337009,0.142116434,0.577571018,0.358372325,0.788298555,0.744868035,0.446880424,0.890518084,0.210793418,0.716520039,-1.0,-1.0
298,front,1,3,doll+remote+soccer,X,./stimuli/A_cropped/doll_remote_soccer_X/1/front/IMG_1219.jpeg,soccer,annotator2,8,Site0,-1,0.416405947,0.123505545,0.56800452,0.345702666,0.791157452,0.744868035,0.443602572,0.866080156,0.207925516,0.703812317,-1.0,-1.0
299,left,1,3,doll+remote+soccer,X,./stimuli/A_cropped/doll_remote_soccer_X/1/left/doll_1208.jpeg,doll,annotator2,6,Site0,-1,0.730739817,0.269539525,0.862613067,0.465046434,0.188660802,0.732729523,0.109481916,0.640582808,0.225806452,0.534259676,-1.0,-1.0
300,left,1,3,doll+remote+soccer,X,./stimuli/A_cropped/doll_remote_soccer_X/1/left/doll_1209.jpeg,doll,annotator2,2,Site0,-1,0.730525242,0.270654263,0.872602813,0.467490704,0.265884653,0.720450605,0.109481916,0.64957816,0.225806452,0.53245212,-1.0,-1.0
301,left,1,3,doll+remote+soccer,X,./stimuli/A_cropped/doll_remote_soccer_X/1/left/remote_1210.jpeg,remote,annotator2,12,Site0,-1,0.739106361,0.271147821,0.864021694,0.464527751,0.272727273,0.722529539,0.109481916,0.657766289,0.250244379,0.532758156,-1.0,-1.0
302,left,1,3,doll+remote+soccer,X,./stimuli/A_cropped/doll_remote_soccer_X/1/left/remote_1212.jpeg,remote,annotator2,1,Site0,-1,0.720647599,0.291752266,0.857065011,0.475830039,0.284457478,0.723104791,0.109481916,0.654270282,0.250244379,0.535227072,-1.0,-1.0
303,left,1,3,doll+remote+soccer,X,./stimuli/A_cropped/doll_remote_soccer_X/1/left/soccer_1213.jpeg,soccer,annotator2,8,Site0,-1,0.71172561,0.301783915,0.826886315,0.476994348,0.265884653,0.745502172,0.105571848,0.674587887,0.211143695,0.555112732,-1.0,-1.0
304,right,1,3,doll+remote+soccer,X,./stimuli/A_cropped/doll_remote_soccer_X/1/right/IMG_1220.jpeg,doll,annotator2,1,Site0,-1,0.233571065,0.337408934,0.329478788,0.482097806,0.788856305,0.60148065,0.866080156,0.706331506,0.749755621,0.77073989,-1.0,-1.0
305,right,1,3,doll+remote+soccer,X,./stimuli/A_cropped/doll_remote_soccer_X/1/right/IMG_1221.jpeg,doll,annotator2,15,Site0,-1,0.173113685,0.321070771,0.28827439,0.482086725,0.769305963,0.614472787,0.866080156,0.715850901,0.744868035,0.76907441,-1.0,-1.0
306,right,1,3,doll+remote+soccer,X,./stimuli/A_cropped/doll_remote_soccer_X/1/right/IMG_1222.jpeg,remote,annotator2,2,Site0,-1,0.160405962,0.312194186,0.275566667,0.486893702,0.769305963,0.61296096,0.832844575,0.708831885,0.744868035,0.783861304,-1.0,-1.0
307,right,1,3,doll+remote+soccer,X,./stimuli/A_cropped/doll_remote_soccer_X/1/right/IMG_1223.jpeg,remote,annotator2,19,Site0,-1,0.160779083,0.314062117,0.279103615,0.485144889,0.769305963,0.612893986,0.832844575,0.708708071,0.744868035,0.783693006,-1.0,-1.0
308,right,1,3,doll+remote+soccer,X,./stimuli/A_cropped/doll_remote_soccer_X/1/right/IMG_1224.jpeg,soccer,annotator2,5,Site0,-1,0.163348785,0.289216941,0.288264118,0.495527808,0.769305963,0.612614233,0.832844575,0.708190889,0.744868035,0.782990011,-1.0,-1.0
309,right,1,3,doll+remote+soccer,X,./stimuli/A_cropped/doll_remote_soccer_X/1/right/IMG_1225.jpeg,soccer,annotator2,13,Site0,-1,0.173113685,0.31143908,0.28827439,0.505207127,0.769305963,0.612418275,0.866080156,0.728569999,0.744868035,0.799920344,-1.0,-1.0
310,front,2,3,doll+remote+soccer,X,./stimuli/A_cropped/doll_remote_soccer_X/2/front/IMG_1232.jpeg,doll,annotator2,3,Site0,-1,0.416695383,0.184158608,0.566686826,0.395183612,0.721407625,0.711282763,0.442815249,0.857225258,0.1485826,0.699836292,-1.0,-1.0
311,front,2,3,doll+remote+soccer,X,./stimuli/A_cropped/doll_remote_soccer_X/2/front/IMG_1233.jpeg,doll,annotator2,13,Site0,-1,0.386740659,0.191335501,0.541900592,0.410362535,0.8,0.780902698,0.42228739,0.879765238,0.109481916,0.720064212,-1.0,-1.0
312,front,2,3,doll+remote+soccer,X,./stimuli/A_cropped/doll_remote_soccer_X/2/front/IMG_1234.jpeg,remote,annotator2,11,Site0,-1,0.416695383,0.194725872,0.566686826,0.396941731,0.716520039,0.701497359,0.442815249,0.85540042,0.1485826,0.690822002,-1.0,-1.0
313,front,2,3,doll+remote+soccer,X,./stimuli/A_cropped/doll_remote_soccer_X/2/front/IMG_1235.jpeg,remote,annotator2,2,Site0,-1,0.409852763,0.183371382,0.559844206,0.387169565,0.716520039,0.703074062,0.442815249,0.858181403,0.11827957,0.6878323,-1.0,-1.0
314,front,2,3,doll+remote+soccer,X,./stimuli/A_cropped/doll_remote_soccer_X/2/front/IMG_1236.jpeg,soccer,annotator2,7,Site0,-1,0.388695694,0.166030267,0.543855626,0.371673202,0.721407625,0.689532531,0.442815249,0.838806362,0.109481916,0.658773075,-1.0,-1.0
315,front,2,3,doll+remote+soccer,X,./stimuli/A_cropped/doll_remote_soccer_X/2/front/IMG_1237.jpeg,soccer,annotator2,17,Site0,-1,0.391279938,0.17242651,0.541271381,0.37196878,0.709677419,0.667230631,0.442815249,0.828755229,0.1485826,0.654062864,-1.0,-1.0
316,left,2,3,doll+remote+soccer,X,./stimuli/A_cropped/doll_remote_soccer_X/2/left/IMG_1226.jpeg,doll,annotator2,12,Site0,-1,0.728467736,0.252113171,0.864885148,0.450654423,0.188660802,0.722359939,0.109481916,0.587664748,0.302052786,0.468019298,-1.0,-1.0
317,left,2,3,doll+remote+soccer,X,./stimuli/A_cropped/doll_remote_soccer_X/2/left/IMG_1227.jpeg,doll,annotator2,11,Site0,-1,0.706848296,0.325565321,0.831763629,0.51370836,0.188660802,0.783427144,0.1485826,0.639949502,0.284457478,0.534105341,-1.0,-1.0
318,left,2,3,doll+remote+soccer,X,./stimuli/A_cropped/doll_remote_soccer_X/2/left/IMG_1228.jpeg,remote,annotator2,16,Site0,-1,0.712311987,0.274644004,0.818479802,0.457660182,0.188660802,0.725367843,0.11827957,0.603341261,0.284457478,0.500381333,-1.0,-1.0
319,left,2,3,doll+remote+soccer,X,./stimuli/A_cropped/doll_remote_soccer_X/2/left/IMG_1229.jpeg,remote,annotator2,13,Site0,-1,0.706848296,0.282220796,0.831763629,0.465550918,0.188660802,0.735121321,0.109481916,0.614179051,0.284457478,0.500397836,-1.0,-1.0
320,left,2,3,doll+remote+soccer,X,./stimuli/A_cropped/doll_remote_soccer_X/2/left/IMG_1230.jpeg,soccer,annotator2,0,Site0,-1,0.711735882,0.281058448,0.836651215,0.458870553,0.188660802,0.728044451,0.11827957,0.610742399,0.302052786,0.500385862,-1.0,-1.0
321,left,2,3,doll+remote+soccer,X,./stimuli/A_cropped/doll_remote_soccer_X/2/left/IMG_1231.jpeg,soccer,annotator2,7,Site0,-1,0.71172561,0.264840993,0.826886315,0.439437674,0.188660802,0.726975724,0.1485826,0.580267219,0.302052786,0.45506572,-1.0,-1.0
322,right,2,3,doll+remote+soccer,X,./stimuli/A_cropped/doll_remote_soccer_X/2/right/IMG_1238.jpeg,doll,annotator2,12,Site0,-1,0.225508468,0.252276041,0.331676283,0.420670286,0.769305963,0.565491092,0.866080156,0.737455431,0.632453568,0.800937594,-1.0,-1.0
323,right,2,3,doll+remote+soccer,X,./stimuli/A_cropped/doll_remote_soccer_X/2/right/IMG_1239.jpeg,doll,annotator2,6,Site0,-1,0.208304301,0.286231751,0.323465005,0.438189523,0.744868035,0.589157823,0.853372434,0.752116142,0.608993157,0.81951775,-1.0,-1.0
324,right,2,3,doll+remote+soccer,X,./stimuli/A_cropped/doll_remote_soccer_X/2/right/IMG_1240.jpeg,remote,annotator2,4,Site0,-1,0.159655251,0.221957626,0.301732823,0.432631208,0.769305963,0.569167101,0.866080156,0.750783783,0.602150538,0.817829194,-1.0,-1.0
325,right,2,3,doll+remote+soccer,X,./stimuli/A_cropped/doll_remote_soccer_X/2/right/IMG_1241.jpeg,remote,annotator2,16,Site0,-1,0.192664027,0.245488929,0.307824732,0.41849682,0.769305963,0.559029531,0.853372434,0.738182092,0.608993157,0.809182647,-1.0,-1.0
326,right,2,3,doll+remote+soccer,X,./stimuli/A_cropped/doll_remote_soccer_X/2/right/IMG_1242.jpeg,soccer,annotator2,2,Site0,-1,0.175248658,0.2299872,0.325240101,0.424283156,0.769305963,0.557891498,0.866080156,0.739257868,0.629521017,0.803221901,-1.0,-1.0
327,right,2,3,doll+remote+soccer,X,./stimuli/A_cropped/doll_remote_soccer_X/2/right/IMG_1243.jpeg,soccer,annotator2,1,Site0,-1,0.175248658,0.21087532,0.325240101,0.423674765,0.769305963,0.550964104,0.866080156,0.739075511,0.629521017,0.810342388,-1.0,-1.0
328,front,3,3,doll+remote+soccer,X,./stimuli/A_cropped/doll_remote_soccer_X/3/front/IMG_1250.jpeg,doll,annotator2,11,Site0,-1,0.422380547,0.275140397,0.537541252,0.433648111,0.810361681,0.632747057,0.442815249,0.802179198,0.078201369,0.644092959,-1.0,-1.0
329,front,3,3,doll+remote+soccer,X,./stimuli/A_cropped/doll_remote_soccer_X/3/front/IMG_1251.jpeg,doll,annotator2,17,Site0,-1,0.428245649,0.27676188,0.543406354,0.425136462,0.810361681,0.628542607,0.442815249,0.788213765,0.105571848,0.628542607,-1.0,-1.0
330,front,3,3,doll+remote+soccer,X,./stimuli/A_cropped/doll_remote_soccer_X/3/front/IMG_1252.jpeg,remote,annotator2,5,Site0,-1,0.424335581,0.261958196,0.539496286,0.423885786,0.810361681,0.625021272,0.440860215,0.784592583,0.109481916,0.625021272,-1.0,-1.0
331,front,3,3,doll+remote+soccer,X,./stimuli/A_cropped/doll_remote_soccer_X/3/front/IMG_1253.jpeg,remote,annotator2,6,Site0,-1,0.432742095,0.276860854,0.538909909,0.425647368,0.810361681,0.624605745,0.458455523,0.765896589,0.109481916,0.624605745,-1.0,-1.0
332,front,3,3,doll+remote+soccer,X,./stimuli/A_cropped/doll_remote_soccer_X/3/front/IMG_1254.jpeg,soccer,annotator2,1,Site0,-1,0.395987585,0.260786698,0.51114829,0.423511198,0.810361681,0.625636552,0.442815249,0.785993176,0.099706745,0.625636552,-1.0,-1.0
333,front,3,3,doll+remote+soccer,X,./stimuli/A_cropped/doll_remote_soccer_X/3/front/IMG_1255.jpeg,soccer,annotator2,2,Site0,-1,0.404785239,0.273010533,0.519945944,0.419246036,0.810361681,0.622469325,0.440860215,0.778783448,0.109481916,0.622469325,-1.0,-1.0
334,left,3,3,doll+remote+soccer,X,./stimuli/A_cropped/doll_remote_soccer_X/3/left/IMG_1244.jpeg,doll,annotator2,11,Site0,-1,0.720647599,0.261384914,0.857065011,0.446659896,0.500488759,0.813180418,0.1485826,0.590532099,0.335288368,0.44758668,-1.0,-1.0
335,left,3,3,doll+remote+soccer,X,./stimuli/A_cropped/doll_remote_soccer_X/3/left/IMG_1245.jpeg,doll,annotator2,12,Site0,-1,0.689422656,0.252202907,0.839414099,0.439860604,0.42228739,0.809174839,0.109481916,0.586271751,0.31769306,0.434367424,-1.0,-1.0
336,left,3,3,doll+remote+soccer,X,./stimuli/A_cropped/doll_remote_soccer_X/3/left/IMG_1246.jpeg,remote,annotator2,13,Site0,-1,0.71172561,0.20675367,0.826886315,0.388952847,0.4,0.8,0.109481916,0.553471074,0.335288368,0.395231474,-1.0,-1.0
337,left,3,3,doll+remote+soccer,X,./stimuli/A_cropped/doll_remote_soccer_X/3/left/IMG_1247.jpeg,remote,annotator2,15,Site0,-1,0.716623467,0.219810135,0.841538801,0.39665209,0.500488759,0.770490245,0.1485826,0.556294924,0.335288368,0.406175127,-1.0,-1.0
338,left,3,3,doll+remote+soccer,X,./stimuli/A_cropped/doll_remote_soccer_X/3/left/IMG_1248.jpeg,soccer,annotator2,0,Site0,-1,0.701950439,0.23038142,0.817111144,0.391226496,0.500488759,0.802984593,0.109481916,0.568182822,0.335288368,0.407433917,-1.0,-1.0
339,left,3,3,doll+remote+soccer,X,./stimuli/A_cropped/doll_remote_soccer_X/3/left/IMG_1249.jpeg,soccer,annotator2,0,Site0,-1,0.714812094,0.236371513,0.81402466,0.396868604,0.500488759,0.802329093,0.1485826,0.56803531,0.359726295,0.413040961,-1.0,-1.0
340,right,3,3,doll+remote+soccer,X,./stimuli/A_cropped/doll_remote_soccer_X/3/right/IMG_1256.jpeg,doll,annotator2,14,Site0,-1,0.213297398,0.213985602,0.322381976,0.36476446,0.671554252,0.44700404,0.866080156,0.726931418,0.407624633,0.839264735,-1.0,-1.0
341,right,3,3,doll+remote+soccer,X,./stimuli/A_cropped/doll_remote_soccer_X/3/right/IMG_1257.jpeg,doll,annotator2,9,Site0,-1,0.195573703,0.145986653,0.361611048,0.377480717,0.671554252,0.46036666,0.853372434,0.733603569,0.42228739,0.849239667,-1.0,-1.0
342,right,3,3,doll+remote+soccer,X,./stimuli/A_cropped/doll_remote_soccer_X/3/right/IMG_1258.jpeg,remote,annotator2,16,Site0,-1,0.190071414,0.206650581,0.314072647,0.395499957,0.670298859,0.470185728,0.850786539,0.744868035,0.408300614,0.866080156,-1.0,-1.0
343,right,3,3,doll+remote+soccer,X,./stimuli/A_cropped/doll_remote_soccer_X/3/right/IMG_1259.jpeg,remote,annotator2,16,Site0,-1,0.187786713,0.204321779,0.312702046,0.368096244,0.671554252,0.446207429,0.866080156,0.730342549,0.405669599,0.844364409,-1.0,-1.0
344,right,3,3,doll+remote+soccer,X,./stimuli/A_cropped/doll_remote_soccer_X/3/right/IMG_1260.jpeg,soccer,annotator2,6,Site0,-1,0.167428521,0.19210358,0.317419964,0.375457698,0.693059629,0.445596419,0.88856305,0.737608803,0.440860215,0.848275917,-1.0,-1.0
345,right,3,3,doll+remote+soccer,X,./stimuli/A_cropped/doll_remote_soccer_X/3/right/IMG_1261.jpeg,soccer,annotator2,10,Site0,-1,0.175248658,0.20069142,0.325240101,0.372738149,0.721407625,0.447903194,0.866080156,0.723081196,0.440860215,0.833508614,-1.0,-1.0
346,front,1,2,pen+remote,X,./stimuli/A_cropped/pen_remote_X/1/front/pen_0037.JPG,pen,annotator2,11,Site0,-1,0.432989225,0.233694793,0.58465221,0.442747044,0.647431991,0.866080156,0.379450196,0.853372434,-1.0,-1.0,-1.0,-1.0
347,front,1,2,pen+remote,X,./stimuli/A_cropped/pen_remote_X/1/front/pen_0038.JPG,pen,annotator2,19,Site0,-1,0.39615156,0.182595833,0.560448424,0.407824499,0.620014329,0.890518084,0.372899954,0.866080156,-1.0,-1.0,-1.0,-1.0
348,front,1,2,pen+remote,X,./stimuli/A_cropped/pen_remote_X/1/front/remote_0039.JPG,remote,annotator2,0,Site0,-1,0.396028611,0.195841811,0.555846844,0.418038932,0.613211019,0.900293255,0.367065807,0.866080156,-1.0,-1.0,-1.0,-1.0
349,front,1,2,pen+remote,X,./stimuli/A_cropped/pen_remote_X/1/front/remote_0040.JPG,remote,annotator2,4,Site0,-1,0.364049608,0.179501963,0.533826019,0.410918369,0.618272244,0.890518084,0.352923446,0.866080156,-1.0,-1.0,-1.0,-1.0
350,left,1,2,pen+remote,X,./stimuli/A_cropped/pen_remote_X/1/left/pen_0033.JPG,pen,annotator2,11,Site0,-1,0.730540325,0.224467557,0.892138072,0.447407694,0.109481916,0.722450488,0.11827957,0.640213709,-1.0,-1.0,-1.0,-1.0
351,left,1,2,pen+remote,X,./stimuli/A_cropped/pen_remote_X/1/left/pen_0034.JPG,pen,annotator2,8,Site0,-1,0.720703203,0.1664504,0.870694646,0.365053008,0.165200391,0.616885606,0.188660802,0.541506317,-1.0,-1.0,-1.0,-1.0
352,left,1,2,pen+remote,X,./stimuli/A_cropped/pen_remote_X/1/left/remote_0035.JPG,remote,annotator2,14,Site0,-1,0.710974899,0.220802426,0.853052471,0.432985095,0.1485826,0.706983833,0.1485826,0.618571577,-1.0,-1.0,-1.0,-1.0
353,left,1,2,pen+remote,X,./stimuli/A_cropped/pen_remote_X/1/left/remote_0036.JPG,remote,annotator2,12,Site0,-1,0.713860584,0.216666557,0.863852026,0.431992376,0.11827957,0.714242584,0.1485826,0.627874732,-1.0,-1.0,-1.0,-1.0
354,right,1,2,pen+remote,X,./stimuli/A_cropped/pen_remote_X/1/right/pen_0041.JPG,pen,annotator2,17,Site0,-1,0.101004225,0.277990568,0.243081797,0.491532385,0.884652981,0.690877709,0.853372434,0.762957403,-1.0,-1.0,-1.0,-1.0
355,right,1,2,pen+remote,X,./stimuli/A_cropped/pen_remote_X/1/right/pen_0042.JPG,pen,annotator2,18,Site0,-1,0.084401518,0.264144263,0.245999264,0.455693125,0.884652981,0.658370854,0.853372434,0.729035014,-1.0,-1.0,-1.0,-1.0
356,right,1,2,pen+remote,X,./stimuli/A_cropped/pen_remote_X/1/right/remote_0043.JPG,remote,annotator2,1,Site0,-1,0.0842086,0.28628211,0.255967353,0.466668679,0.900293255,0.672590129,0.853372434,0.748340409,-1.0,-1.0,-1.0,-1.0
357,right,1,2,pen+remote,X,./stimuli/A_cropped/pen_remote_X/1/right/remote_0044.JPG,remote,annotator2,9,Site0,-1,0.083804258,0.254980944,0.260281763,0.473445155,0.900293255,0.682526672,0.866080156,0.769559257,-1.0,-1.0,-1.0,-1.0
358,front,2,2,pen+remote,X,./stimuli/A_cropped/pen_remote_X/2/front/pen_0049.JPG,pen,annotator2,7,Site0,-1,0.406741081,0.21520532,0.562955889,0.429118303,0.902248289,0.85077357,0.1485826,0.8338366,-1.0,-1.0,-1.0,-1.0
359,front,2,2,pen+remote,X,./stimuli/A_cropped/pen_remote_X/2/front/pen_0050.JPG,pen,annotator2,6,Site0,-1,0.413824783,0.207580631,0.575422529,0.42450469,0.928641251,0.870174596,0.11827957,0.847575415,-1.0,-1.0,-1.0,-1.0
360,front,2,2,pen+remote,X,./stimuli/A_cropped/pen_remote_X/2/front/remote_0051.JPG,remote,annotator2,11,Site0,-1,0.389386855,0.226060133,0.550984601,0.445560857,0.923753666,0.8745716,0.1485826,0.865424553,-1.0,-1.0,-1.0,-1.0
361,front,2,2,pen+remote,X,./stimuli/A_cropped/pen_remote_X/2/front/remote_0052.JPG,remote,annotator2,14,Site0,-1,0.393296924,0.216997774,0.55489467,0.438631095,0.921798631,0.872421411,0.1485826,0.844802673,-1.0,-1.0,-1.0,-1.0
362,left,2,2,pen+remote,X,./stimuli/A_cropped/pen_remote_X/2/left/pen_0045.JPG,pen,annotator2,7,Site0,-1,0.68850709,0.238261583,0.850104836,0.458589451,0.188660802,0.875888464,0.1485826,0.566237643,-1.0,-1.0,-1.0,-1.0
363,left,2,2,pen+remote,X,./stimuli/A_cropped/pen_remote_X/2/left/pen_0046.JPG,pen,annotator2,13,Site0,-1,0.679255237,0.209494244,0.859356689,0.427495259,0.188660802,0.854779949,0.109481916,0.55328197,-1.0,-1.0,-1.0,-1.0
364,left,2,2,pen+remote,X,./stimuli/A_cropped/pen_remote_X/2/left/remote_0047.JPG,remote,annotator2,7,Site0,-1,0.641571185,0.221034558,0.783648756,0.439751088,0.188660802,0.893400542,0.105571848,0.571807714,-1.0,-1.0,-1.0,-1.0
365,left,2,2,pen+remote,X,./stimuli/A_cropped/pen_remote_X/2/left/remote_0048.JPG,remote,annotator2,17,Site0,-1,0.678716835,0.207019029,0.820794407,0.429011633,0.188660802,0.88587904,0.11827957,0.567517654,-1.0,-1.0,-1.0,-1.0
366,right,2,2,pen+remote,X,./stimuli/A_cropped/pen_remote_X/2/right/pen_0053.JPG,pen,annotator2,9,Site0,-1,0.184307754,0.233839152,0.316181004,0.44193181,0.866080156,0.539286805,0.810361681,0.860806408,-1.0,-1.0,-1.0,-1.0
367,right,2,2,pen+remote,X,./stimuli/A_cropped/pen_remote_X/2/right/pen_0054.JPG,pen,annotator2,17,Site0,-1,0.149895164,0.260776099,0.31149291,0.440402798,0.866080156,0.538571864,0.832844575,0.854240448,-1.0,-1.0,-1.0,-1.0
368,right,2,2,pen+remote,X,./stimuli/A_cropped/pen_remote_X/2/right/remote_0055.JPG,remote,annotator2,7,Site0,-1,0.126795349,0.242941564,0.324817554,0.455917575,0.866080156,0.537320876,0.832844575,0.842751493,-1.0,-1.0,-1.0,-1.0
369,right,2,2,pen+remote,X,./stimuli/A_cropped/pen_remote_X/2/right/remote_0056.JPG,remote,annotator2,0,Site0,-1,0.159655251,0.230043729,0.301732823,0.455193082,0.866080156,0.535509496,0.832844575,0.850272686,-1.0,-1.0,-1.0,-1.0
370,front,3,2,pen+remote,X,./stimuli/A_cropped/pen_remote_X/3/front/pen_0061.JPG,pen,annotator2,10,Site0,-1,0.430163693,0.414355778,0.541488311,0.548687402,0.900293255,0.79678589,0.109481916,0.789997903,-1.0,-1.0,-1.0,-1.0
371,front,3,2,pen+remote,X,./stimuli/A_cropped/pen_remote_X/3/front/pen_0062.JPG,pen,annotator2,16,Site0,-1,0.442908406,0.403533265,0.558069111,0.538346028,0.921798631,0.795048062,0.109481916,0.780005055,-1.0,-1.0,-1.0,-1.0
372,front,3,2,pen+remote,X,./stimuli/A_cropped/pen_remote_X/3/front/remote_0063.JPG,remote,annotator2,13,Site0,-1,0.409778336,0.328927715,0.518862915,0.499759959,0.900293255,0.744433442,0.11827957,0.729510765,-1.0,-1.0,-1.0,-1.0
373,front,3,2,pen+remote,X,./stimuli/A_cropped/pen_remote_X/3/front/remote_0064.JPG,remote,annotator2,10,Site0,-1,0.400089573,0.352982148,0.516821473,0.507027331,0.921798631,0.766124111,0.109481916,0.74196331,-1.0,-1.0,-1.0,-1.0
374,left,3,2,pen+remote,X,./stimuli/A_cropped/pen_remote_X/3/left/pen_0057.JPG,pen,annotator2,3,Site0,-1,0.577950625,0.182034596,0.724648763,0.38688036,0.217366847,0.890518084,0.1454884,0.450635386,-1.0,-1.0,-1.0,-1.0
375,left,3,2,pen+remote,X,./stimuli/A_cropped/pen_remote_X/3/left/pen_0058.JPG,pen,annotator2,6,Site0,-1,0.622827278,0.150876024,0.778724065,0.373073145,0.24472235,0.890518084,0.179800875,0.42228739,-1.0,-1.0,-1.0,-1.0
376,left,3,2,pen+remote,X,./stimuli/A_cropped/pen_remote_X/3/left/remote_0059.JPG,remote,annotator2,6,Site0,-1,0.574424353,0.135026456,0.693895135,0.349822029,0.261130211,0.903225806,0.134917211,0.434995112,-1.0,-1.0,-1.0,-1.0
377,left,3,2,pen+remote,X,./stimuli/A_cropped/pen_remote_X/3/left/remote_0060.JPG,remote,annotator2,17,Site0,-1,0.541246493,0.176470912,0.647414308,0.372821259,0.230694037,0.903698518,0.11827957,0.451052161,-1.0,-1.0,-1.0,-1.0
378,right,3,2,pen+remote,X,./stimuli/A_cropped/pen_remote_X/3/right/pen_0065.JPG,pen,annotator2,10,Site0,-1,0.227971479,0.214024197,0.35020353,0.38812634,0.825694806,0.440860215,0.667869129,0.890518084,-1.0,-1.0,-1.0,-1.0
379,right,3,2,pen+remote,X,./stimuli/A_cropped/pen_remote_X/3/right/pen_0066.JPG,pen,annotator2,8,Site0,-1,0.221738205,0.192288996,0.324602144,0.3903112,0.822486662,0.440860215,0.628331697,0.890518084,-1.0,-1.0,-1.0,-1.0
380,right,3,2,pen+remote,X,./stimuli/A_cropped/pen_remote_X/3/right/remote_0067.JPG,remote,annotator2,13,Site0,-1,0.149891782,0.16147373,0.314220565,0.407441226,0.818446328,0.434995112,0.664133129,0.890518084,-1.0,-1.0,-1.0,-1.0
381,right,3,2,pen+remote,X,./stimuli/A_cropped/pen_remote_X/3/right/remote_0068.JPG,remote,annotator2,1,Site0,-1,0.170414128,0.203700011,0.330897871,0.419955903,0.821347081,0.447702835,0.656006674,0.884652981,-1.0,-1.0,-1.0,-1.0
382,front,1,2,pen+soccer,X,./stimuli/A_cropped/pen_soccer_X/1/front/pen_0151.JPG,pen,annotator2,17,Site0,-1,0.400039482,0.205461999,0.578820061,0.451429496,0.771608914,0.884652981,0.345123174,0.853372434,-1.0,-1.0,-1.0,-1.0
383,front,1,2,pen+soccer,X,./stimuli/A_cropped/pen_soccer_X/1/front/pen_0152.JPG,pen,annotator2,3,Site0,-1,0.407204922,0.181431165,0.593767322,0.432449578,0.787298288,0.88172043,0.33617678,0.853372434,-1.0,-1.0,-1.0,-1.0
384,front,1,2,pen+soccer,X,./stimuli/A_cropped/pen_soccer_X/1/front/soccer_0153.JPG,soccer,annotator2,14,Site0,-1,0.408854176,0.194541089,0.592087869,0.429114825,0.77837422,0.866080156,0.341265462,0.810361681,-1.0,-1.0,-1.0,-1.0
385,front,1,2,pen+soccer,X,./stimuli/A_cropped/pen_soccer_X/1/front/soccer_0154.JPG,soccer,annotator2,7,Site0,-1,0.385857044,0.190200916,0.562334549,0.433891372,0.749755621,0.863439029,0.335288368,0.833883632,-1.0,-1.0,-1.0,-1.0
386,left,1,2,pen+soccer,X,./stimuli/A_cropped/pen_soccer_X/1/left/pen_0147.JPG,pen,annotator2,10,Site0,-1,0.690269206,0.260043624,0.862027959,0.475362589,0.250244379,0.868310864,0.099706745,0.66179864,-1.0,-1.0,-1.0,-1.0
387,left,1,2,pen+soccer,X,./stimuli/A_cropped/pen_soccer_X/1/left/pen_0148.JPG,pen,annotator2,15,Site0,-1,0.679516518,0.244832615,0.851275271,0.456241867,0.265884653,0.831713645,0.105571848,0.649462759,-1.0,-1.0,-1.0,-1.0
388,left,1,2,pen+soccer,X,./stimuli/A_cropped/pen_soccer_X/1/left/soccer_0149.JPG,soccer,annotator2,8,Site0,-1,0.693201758,0.223674122,0.86496051,0.442108702,0.250244379,0.833783128,0.105571848,0.642801885,-1.0,-1.0,-1.0,-1.0
389,left,1,2,pen+soccer,X,./stimuli/A_cropped/pen_soccer_X/1/left/soccer_0150.JPG,soccer,annotator2,3,Site0,-1,0.674759899,0.248757781,0.824751342,0.469411178,0.250244379,0.83409941,0.099706745,0.646769578,-1.0,-1.0,-1.0,-1.0
390,right,1,2,pen+soccer,X,./stimuli/A_cropped/pen_soccer_X/1/right/pen_0155.JPG,pen,annotator2,11,Site0,-1,0.18508578,0.211296323,0.346683526,0.454442601,0.853372434,0.676164621,0.884652981,0.796892823,-1.0,-1.0,-1.0,-1.0
391,right,1,2,pen+soccer,X,./stimuli/A_cropped/pen_soccer_X/1/right/pen_0156.JPG,pen,annotator2,7,Site0,-1,0.209461757,0.21101177,0.359453199,0.445576988,0.853372434,0.664329246,0.884652981,0.779072859,-1.0,-1.0,-1.0,-1.0
392,right,1,2,pen+soccer,X,./stimuli/A_cropped/pen_soccer_X/1/right/soccer_0157.JPG,soccer,annotator2,5,Site0,-1,0.18508578,0.203457028,0.346683526,0.44415426,0.832844575,0.660214916,0.884652981,0.76702486,-1.0,-1.0,-1.0,-1.0
393,right,1,2,pen+soccer,X,./stimuli/A_cropped/pen_soccer_X/1/right/soccer_0158.JPG,soccer,annotator2,14,Site0,-1,0.1919284,0.216904298,0.353526146,0.454123318,0.827956989,0.661345644,0.866080156,0.767339133,-1.0,-1.0,-1.0,-1.0
394,front,2,2,pen+soccer,X,./stimuli/A_cropped/pen_soccer_X/2/front/pen_0163.JPG,pen,annotator2,2,Site0,-1,0.394273033,0.209771869,0.569558834,0.450229371,0.866080156,0.886978645,0.188660802,0.786238272,-1.0,-1.0,-1.0,-1.0
395,front,2,2,pen+soccer,X,./stimuli/A_cropped/pen_soccer_X/2/front/pen_0164.JPG,pen,annotator2,16,Site0,-1,0.402879177,0.222770935,0.57463793,0.454283809,0.853372434,0.867568745,0.188660802,0.771881262,-1.0,-1.0,-1.0,-1.0
396,front,2,2,pen+soccer,X,./stimuli/A_cropped/pen_soccer_X/2/front/soccer_0165.JPG,soccer,annotator2,10,Site0,-1,0.378036907,0.200781982,0.554514412,0.436552792,0.853372434,0.866796855,0.188660802,0.771310315,-1.0,-1.0,-1.0,-1.0
397,front,2,2,pen+soccer,X,./stimuli/A_cropped/pen_soccer_X/2/front/soccer_0166.JPG,soccer,annotator2,14,Site0,-1,0.375806373,0.17211793,0.564893254,0.430032608,0.89809021,0.900293255,0.150516653,0.788856305,-1.0,-1.0,-1.0,-1.0
398,left,2,2,pen+soccer,X,./stimuli/A_cropped/pen_soccer_X/2/left/pen_0159.JPG,pen,annotator2,11,Site0,-1,0.66935173,0.230127466,0.859485024,0.456745528,0.250244379,0.864706236,0.1485826,0.574401898,-1.0,-1.0,-1.0,-1.0
399,left,2,2,pen+soccer,X,./stimuli/A_cropped/pen_soccer_X/2/left/pen_0160.JPG,pen,annotator2,17,Site0,-1,0.679118921,0.251817663,0.849717833,0.474536549,0.250244379,0.887141501,0.1485826,0.586579733,-1.0,-1.0,-1.0,-1.0
400,left,2,2,pen+soccer,X,./stimuli/A_cropped/pen_soccer_X/2/left/soccer_0161.JPG,soccer,annotator2,9,Site0,-1,0.668956748,0.212791334,0.830554494,0.447004725,0.230694037,0.895384473,0.109481916,0.588015229,-1.0,-1.0,-1.0,-1.0
401,left,2,2,pen+soccer,X,./stimuli/A_cropped/pen_soccer_X/2/left/soccer_0162.JPG,soccer,annotator2,14,Site0,-1,0.693394675,0.1991937,0.854992422,0.445350662,0.230694037,0.894173246,0.11827957,0.576035786,-1.0,-1.0,-1.0,-1.0
402,right,2,2,pen+soccer,X,./stimuli/A_cropped/pen_soccer_X/2/right/pen_0167.JPG,pen,annotator2,4,Site0,-1,0.226079547,0.19833299,0.37607099,0.403541534,0.884652981,0.629548766,0.671554252,0.826354557,-1.0,-1.0,-1.0,-1.0
403,right,2,2,pen+soccer,X,./stimuli/A_cropped/pen_soccer_X/2/right/pen_0168.JPG,pen,annotator2,6,Site0,-1,0.212394308,0.207852769,0.362385751,0.402027595,0.884652981,0.641382423,0.671554252,0.858967576,-1.0,-1.0,-1.0,-1.0
404,right,2,2,pen+soccer,X,./stimuli/A_cropped/pen_soccer_X/2/right/soccer_0169.JPG,soccer,annotator2,18,Site0,-1,0.250865782,0.211665261,0.406025714,0.40431208,0.884652981,0.620605756,0.671554252,0.814794084,-1.0,-1.0,-1.0,-1.0
405,right,2,2,pen+soccer,X,./stimuli/A_cropped/pen_soccer_X/2/right/soccer_0170.JPG,soccer,annotator2,7,Site0,-1,0.164365003,0.181961811,0.336123756,0.398306826,0.866080156,0.640386341,0.671554252,0.844065506,-1.0,-1.0,-1.0,-1.0
406,front,3,2,pen+soccer,X,./stimuli/A_cropped/pen_soccer_X/3/front/pen_0175.JPG,pen,annotator2,1,Site0,-1,0.453456205,0.326017144,0.570981723,0.479806941,0.866080156,0.743903893,0.11827957,0.69992677,-1.0,-1.0,-1.0,-1.0
407,front,3,2,pen+soccer,X,./stimuli/A_cropped/pen_soccer_X/3/front/pen_0176.JPG,pen,annotator2,2,Site0,-1,0.434552134,0.314846424,0.566425383,0.483475363,0.866080156,0.758246492,0.109481916,0.707651261,-1.0,-1.0,-1.0,-1.0
408,front,3,2,pen+soccer,X,./stimuli/A_cropped/pen_soccer_X/3/front/soccer_0177.JPG,soccer,annotator2,12,Site0,-1,0.407113394,0.358351771,0.525437926,0.523004743,0.866080156,0.794251559,0.109481916,0.732179801,-1.0,-1.0,-1.0,-1.0
409,front,3,2,pen+soccer,X,./stimuli/A_cropped/pen_soccer_X/3/front/soccer_0178.JPG,soccer,annotator2,15,Site0,-1,0.407283731,0.325274637,0.527222623,0.482026389,0.866080156,0.754427968,0.109481916,0.693025583,-1.0,-1.0,-1.0,-1.0
410,left,3,2,pen+soccer,X,./stimuli/A_cropped/pen_soccer_X/3/left/pen_0171.JPG,pen,annotator2,17,Site0,-1,0.591895505,0.182034596,0.751064768,0.38688036,0.373483807,0.866080156,0.155717258,0.440860215,-1.0,-1.0,-1.0,-1.0
411,left,3,2,pen+soccer,X,./stimuli/A_cropped/pen_soccer_X/3/left/pen_0172.JPG,pen,annotator2,10,Site0,-1,0.569679194,0.171133698,0.731530093,0.38018595,0.34478971,0.890518084,0.128324321,0.440860215,-1.0,-1.0,-1.0,-1.0
412,left,3,2,pen+soccer,X,./stimuli/A_cropped/pen_soccer_X/3/left/soccer_0173.JPG,soccer,annotator2,12,Site0,-1,0.587040901,0.161008448,0.722247911,0.359030653,0.373552865,0.890518084,0.155905183,0.440860215,-1.0,-1.0,-1.0,-1.0
413,left,3,2,pen+soccer,X,./stimuli/A_cropped/pen_soccer_X/3/left/soccer_0174.JPG,soccer,annotator2,15,Site0,-1,0.632030361,0.179581273,0.753472465,0.377603478,0.426467294,0.913000978,0.222838262,0.442815249,-1.0,-1.0,-1.0,-1.0
414,right,3,2,pen+soccer,X,./stimuli/A_cropped/pen_soccer_X/3/right/pen_0179.JPG,pen,annotator2,7,Site0,-1,0.28529937,0.188003821,0.408054556,0.357450725,0.858057062,0.500488759,0.500454965,0.853372434,-1.0,-1.0,-1.0,-1.0
415,right,3,2,pen+soccer,X,./stimuli/A_cropped/pen_soccer_X/3/right/pen_0180.JPG,pen,annotator2,11,Site0,-1,0.253217975,0.203109282,0.374302081,0.365805674,0.824461445,0.515151515,0.500448771,0.866080156,-1.0,-1.0,-1.0,-1.0
416,right,3,2,pen+soccer,X,./stimuli/A_cropped/pen_soccer_X/3/right/soccer_0181.JPG,soccer,annotator2,2,Site0,-1,0.186379341,0.173358918,0.351424483,0.395556038,0.800913571,0.523949169,0.50044187,0.866080156,-1.0,-1.0,-1.0,-1.0
417,right,3,2,pen+soccer,X,./stimuli/A_cropped/pen_soccer_X/3/right/soccer_0182.JPG,soccer,annotator2,13,Site0,-1,0.149219301,0.164561264,0.318551244,0.386758384,0.804195881,0.500488759,0.500453347,0.866080156,-1.0,-1.0,-1.0,-1.0
418,front,1,2,pen+yellow eraser,X,./stimuli/A_cropped/pen_yellow_X/1/front/IMG_0195.JPG,pen,annotator2,17,Site0,-1,0.393636539,0.182870618,0.584673637,0.440785296,0.627781354,0.890518084,0.395794542,0.875855327,-1.0,-1.0,-1.0,-1.0
419,front,1,2,pen+yellow eraser,X,./stimuli/A_cropped/pen_yellow_X/1/front/IMG_0196.JPG,pen,annotator2,17,Site0,-1,0.406226801,0.209779161,0.594742399,0.460797574,0.647803026,0.921798631,0.406472183,0.900293255,-1.0,-1.0,-1.0,-1.0
420,front,1,2,pen+yellow eraser,X,./stimuli/A_cropped/pen_yellow_X/1/front/IMG_0197.JPG,yellow eraser,annotator2,8,Site0,-1,0.39366062,0.198048955,0.576412572,0.449067369,0.630809111,0.900293255,0.393325412,0.884652981,-1.0,-1.0,-1.0,-1.0
421,front,1,2,pen+yellow eraser,X,./stimuli/A_cropped/pen_yellow_X/1/front/IMG_0198.JPG,yellow eraser,annotator2,1,Site0,-1,0.420605125,0.182260306,0.606528501,0.447260711,0.666740506,0.921798631,0.417286206,0.890518084,-1.0,-1.0,-1.0,-1.0
422,left,1,2,pen+yellow eraser,X,./stimuli/A_cropped/pen_yellow_X/1/left/pen_0183.JPG,pen,annotator2,19,Site0,-1,0.665,0.285302677,0.817908722,0.525701617,0.105571848,0.803653101,0.078201369,0.742334494,-1.0,-1.0,-1.0,-1.0
423,left,1,2,pen+yellow eraser,X,./stimuli/A_cropped/pen_yellow_X/1/left/pen_0184.JPG,pen,annotator2,0,Site0,-1,0.68850709,0.258917956,0.850104836,0.498863208,0.11827957,0.778353122,0.099706745,0.713231992,-1.0,-1.0,-1.0,-1.0
424,left,1,2,pen+yellow eraser,X,./stimuli/A_cropped/pen_yellow_X/1/left/yellow_0185.JPG,yellow eraser,annotator2,14,Site0,-1,0.658204059,0.257121086,0.819801806,0.492274701,0.109481916,0.769091409,0.099706745,0.709932382,-1.0,-1.0,-1.0,-1.0
425,left,1,2,pen+yellow eraser,X,./stimuli/A_cropped/pen_yellow_X/1/left/yellow_0186.JPG,yellow eraser,annotator2,1,Site0,-1,0.667,0.223175553,0.819863757,0.460786258,0.109481916,0.744442406,0.078201369,0.687674152,-1.0,-1.0,-1.0,-1.0
426,right,1,2,pen+yellow eraser,X,./stimuli/A_cropped/pen_yellow_X/1/right/IMG_0207.JPG,pen,annotator2,15,Site0,-1,0.201688487,0.268579941,0.347,0.471847385,0.88856305,0.69038059,0.942326491,0.773902397,-1.0,-1.0,-1.0,-1.0
427,right,1,2,pen+yellow eraser,X,./stimuli/A_cropped/pen_yellow_X/1/right/IMG_0208.JPG,pen,annotator2,5,Site0,-1,0.221999811,0.19699052,0.346915145,0.482001104,0.88856305,0.703576198,0.942326491,0.790532897,-1.0,-1.0,-1.0,-1.0
428,right,1,2,pen+yellow eraser,X,./stimuli/A_cropped/pen_yellow_X/1/right/IMG_0209.JPG,yellow eraser,annotator2,0,Site0,-1,0.209461757,0.235549451,0.365,0.480816281,0.866080156,0.693171528,0.942326491,0.769018018,-1.0,-1.0,-1.0,-1.0
429,right,1,2,pen+yellow eraser,X,./stimuli/A_cropped/pen_yellow_X/1/right/IMG_0210.JPG,yellow eraser,annotator2,16,Site0,-1,0.236116161,0.248914481,0.375,0.490548109,0.88856305,0.697529105,0.942326491,0.779478557,-1.0,-1.0,-1.0,-1.0
430,front,2,2,pen+yellow eraser,X,./stimuli/A_cropped/pen_yellow_X/2/front/IMG_0199.JPG,pen,annotator2,4,Site0,-1,0.422623755,0.242439428,0.59774652,0.477013163,0.90983055,0.884652981,0.112479752,0.859237537,-1.0,-1.0,-1.0,-1.0
431,front,2,2,pen+yellow eraser,X,./stimuli/A_cropped/pen_yellow_X/2/front/IMG_0200.JPG,pen,annotator2,8,Site0,-1,0.437665451,0.208106378,0.614142956,0.445497342,0.942326491,0.854043991,0.11827957,0.836949109,-1.0,-1.0,-1.0,-1.0
432,front,2,2,pen+yellow eraser,X,./stimuli/A_cropped/pen_yellow_X/2/front/IMG_0201.JPG,yellow eraser,annotator2,9,Site0,-1,0.414609382,0.216600189,0.586368135,0.45670456,0.929618768,0.858090756,0.124144673,0.840800478,-1.0,-1.0,-1.0,-1.0
433,front,2,2,pen+yellow eraser,X,./stimuli/A_cropped/pen_yellow_X/2/front/IMG_0202.JPG,yellow eraser,annotator2,14,Site0,-1,0.412845858,0.195650497,0.588131659,0.434770343,0.923753666,0.830327913,0.11827957,0.818861256,-1.0,-1.0,-1.0,-1.0
434,left,2,2,pen+yellow eraser,X,./stimuli/A_cropped/pen_yellow_X/2/left/IMG_0187.JPG,pen,annotator2,9,Site0,-1,0.657059257,0.275410877,0.811171437,0.483735191,0.1485826,0.845335864,0.133919844,0.587697686,-1.0,-1.0,-1.0,-1.0
435,left,2,2,pen+yellow eraser,X,./stimuli/A_cropped/pen_yellow_X/2/left/IMG_0188.JPG,pen,annotator2,19,Site0,-1,0.683426587,0.244140181,0.855185339,0.461194157,0.1485826,0.849314339,0.146627566,0.584377556,-1.0,-1.0,-1.0,-1.0
436,left,2,2,pen+yellow eraser,X,./stimuli/A_cropped/pen_yellow_X/2/left/IMG_0189.JPG,yellow eraser,annotator2,11,Site0,-1,0.666760631,0.26288747,0.82297544,0.478838115,0.1485826,0.86401394,0.154447703,0.598540238,-1.0,-1.0,-1.0,-1.0
437,left,2,2,pen+yellow eraser,X,./stimuli/A_cropped/pen_yellow_X/2/left/IMG_0190.JPG,yellow eraser,annotator2,16,Site0,-1,0.693394675,0.241067652,0.854992422,0.456454358,0.188660802,0.839726763,0.165200391,0.581229252,-1.0,-1.0,-1.0,-1.0
438,right,2,2,pen+yellow eraser,X,./stimuli/A_cropped/pen_yellow_X/2/right/IMG_0211.JPG,pen,annotator2,12,Site0,-1,0.195671183,0.286131497,0.349783362,0.484511581,0.890518084,0.631460675,0.900293255,0.837642158,-1.0,-1.0,-1.0,-1.0
439,right,2,2,pen+yellow eraser,X,./stimuli/A_cropped/pen_yellow_X/2/right/IMG_0212.JPG,pen,annotator2,3,Site0,-1,0.181733316,0.280968892,0.35003599,0.484137704,0.900293255,0.629723361,0.884652981,0.840881892,-1.0,-1.0,-1.0,-1.0
440,right,2,2,pen+yellow eraser,X,./stimuli/A_cropped/pen_yellow_X/2/right/IMG_0213.JPG,yellow eraser,annotator2,3,Site0,-1,0.156457316,0.246670624,0.344031443,0.479348033,0.900293255,0.616665646,0.884652981,0.832923917,-1.0,-1.0,-1.0,-1.0
441,right,2,2,pen+yellow eraser,X,./stimuli/A_cropped/pen_yellow_X/2/right/IMG_0214.JPG,yellow eraser,annotator2,17,Site0,-1,0.209461757,0.281663519,0.359453199,0.499065277,0.935483871,0.629107562,0.900293255,0.846685552,-1.0,-1.0,-1.0,-1.0
442,front,3,2,pen+yellow eraser,X,./stimuli/A_cropped/pen_yellow_X/3/front/IMG_0203.JPG,pen,annotator2,19,Site0,-1,0.489438087,0.425116357,0.6,0.575545429,0.942326491,0.799458263,0.101661779,0.821958994,-1.0,-1.0,-1.0,-1.0
443,front,3,2,pen+yellow eraser,X,./stimuli/A_cropped/pen_yellow_X/3/front/IMG_0204.JPG,pen,annotator2,18,Site0,-1,0.483759235,0.431601633,0.601284753,0.583633697,0.959921799,0.828285087,0.059628543,0.852951811,-1.0,-1.0,-1.0,-1.0
444,front,3,2,pen+yellow eraser,X,./stimuli/A_cropped/pen_yellow_X/3/front/IMG_0205.JPG,yellow eraser,annotator2,9,Site0,-1,0.468323851,0.433754735,0.583484556,0.58783603,0.959921799,0.815155525,0.099706745,0.838835719,-1.0,-1.0,-1.0,-1.0
445,front,3,2,pen+yellow eraser,X,./stimuli/A_cropped/pen_yellow_X/3/front/IMG_0206.JPG,yellow eraser,annotator2,14,Site0,-1,0.457571163,0.429339116,0.572731868,0.585482641,0.959921799,0.819373575,0.099706745,0.832077939,-1.0,-1.0,-1.0,-1.0
446,left,3,2,pen+yellow eraser,X,./stimuli/A_cropped/pen_yellow_X/3/left/IMG_0191.JPG,pen,annotator2,7,Site0,-1,0.567507381,0.172365313,0.720799295,0.373089233,0.258987727,0.900293255,0.14321103,0.382209189,-1.0,-1.0,-1.0,-1.0
447,left,3,2,pen+yellow eraser,X,./stimuli/A_cropped/pen_yellow_X/3/left/IMG_0192.JPG,pen,annotator2,10,Site0,-1,0.481558194,0.191303733,0.625655288,0.377611223,0.18664027,0.890518084,0.075068516,0.39198436,-1.0,-1.0,-1.0,-1.0
448,left,3,2,pen+yellow eraser,X,./stimuli/A_cropped/pen_yellow_X/3/left/IMG_0193.JPG,yellow eraser,annotator2,1,Site0,-1,0.483481233,0.181161201,0.586986508,0.350608105,0.208814335,0.890518084,0.112427425,0.382209189,-1.0,-1.0,-1.0,-1.0
449,left,3,2,pen+yellow eraser,X,./stimuli/A_cropped/pen_yellow_X/3/left/IMG_0194.JPG,yellow eraser,annotator2,2,Site0,-1,0.491208437,0.188828563,0.621471108,0.342940743,0.216725201,0.884652981,0.122956909,0.375366569,-1.0,-1.0,-1.0,-1.0
450,right,3,2,pen+yellow eraser,X,./stimuli/A_cropped/pen_yellow_X/3/right/IMG_0215.JPG,pen,annotator2,16,Site0,-1,0.307170477,0.207921524,0.442209935,0.394229014,0.886573457,0.523949169,0.628212724,0.959921799,-1.0,-1.0,-1.0,-1.0
451,right,3,2,pen+yellow eraser,X,./stimuli/A_cropped/pen_yellow_X/3/right/IMG_0216.JPG,pen,annotator2,16,Site0,-1,0.298415813,0.212974864,0.448407256,0.39775286,0.884652981,0.514824866,0.629521017,0.943311303,-1.0,-1.0,-1.0,-1.0
452,right,3,2,pen+yellow eraser,X,./stimuli/A_cropped/pen_yellow_X/3/right/IMG_0217.JPG,yellow eraser,annotator2,16,Site0,-1,0.259184162,0.184051582,0.430942915,0.418430083,0.884652981,0.515138905,0.640273705,0.952702084,-1.0,-1.0,-1.0,-1.0
453,right,3,2,pen+yellow eraser,X,./stimuli/A_cropped/pen_yellow_X/3/right/IMG_0218.JPG,yellow eraser,annotator2,19,Site0,-1,0.260263292,0.194541089,0.432172277,0.429114825,0.889930758,0.515151515,0.636642402,0.953079179,-1.0,-1.0,-1.0,-1.0
454,front,1,2,remote+water,Y,./stimuli/A_cropped/remote_bottle_Y/1/front/IMG_0551.jpeg,remote,annotator1,2,Site0,-1,0.4212636,0.22113528,0.579613507,0.425981045,0.618848065,0.866080156,0.275899035,0.500488759,-1.0,-1.0,-1.0,-1.0
455,front,1,2,remote+water,Y,./stimuli/A_cropped/remote_bottle_Y/1/front/IMG_0552.jpeg,remote,annotator1,8,Site0,-1,0.440007085,0.155440405,0.624362825,0.39001414,0.668610734,0.900293255,0.254529671,0.500488759,-1.0,-1.0,-1.0,-1.0
456,front,1,2,remote+water,Y,./stimuli/A_cropped/remote_bottle_Y/1/front/IMG_0553.jpeg,remote,annotator1,1,Site0,-1,0.444624463,0.184111606,0.616045902,0.406308726,0.658920137,0.890518084,0.268637636,0.500488759,-1.0,-1.0,-1.0,-1.0
457,front,1,2,remote+water,Y,./stimuli/A_cropped/remote_bottle_Y/1/front/IMG_0554.jpeg,water,annotator1,0,Site0,-1,0.450331452,0.18606664,0.620557129,0.40826376,0.653591926,0.890518084,0.276394661,0.500488759,-1.0,-1.0,-1.0,-1.0
458,front,1,2,remote+water,Y,./stimuli/A_cropped/remote_bottle_Y/1/front/IMG_0555.jpeg,water,annotator1,3,Site0,-1,0.44551594,0.154515908,0.608418263,0.363568159,0.655171354,0.832844575,0.274095265,0.500488759,-1.0,-1.0,-1.0,-1.0
459,front,1,2,remote+water,Y,./stimuli/A_cropped/remote_bottle_Y/1/front/IMG_0556.jpeg,water,annotator1,14,Site0,-1,0.397556907,0.14892099,0.603360844,0.37111811,0.661065297,0.866080156,0.265514624,0.500488759,-1.0,-1.0,-1.0,-1.0
460,left,1,2,remote+water,Y,./stimuli/A_cropped/remote_bottle_Y/1/left/bottle_0548.jpeg,water,annotator1,3,Site0,-1,0.772872569,0.320946147,0.904847383,0.490393051,0.112252163,0.671554252,0.131423873,0.500488759,-1.0,-1.0,-1.0,-1.0
461,left,1,2,remote+water,Y,./stimuli/A_cropped/remote_bottle_Y/1/left/bottle_0549.jpeg,water,annotator1,9,Site0,-1,0.77,0.31622141,0.897475678,0.483387583,0.112014563,0.654936461,0.141748923,0.500488759,-1.0,-1.0,-1.0,-1.0
462,left,1,2,remote+water,Y,./stimuli/A_cropped/remote_bottle_Y/1/left/bottle_0550.jpeg,water,annotator1,9,Site0,-1,0.779615672,0.310728258,0.911488922,0.477975062,0.11827957,0.647135816,0.165200391,0.500482413,-1.0,-1.0,-1.0,-1.0
463,left,1,2,remote+water,Y,./stimuli/A_cropped/remote_bottle_Y/1/left/remote_0545.jpeg,remote,annotator1,2,Site0,-1,0.749504601,0.320411335,0.881939651,0.483107726,0.126873851,0.644183773,0.135985601,0.500488759,-1.0,-1.0,-1.0,-1.0
464,left,1,2,remote+water,Y,./stimuli/A_cropped/remote_bottle_Y/1/left/remote_0546.jpeg,remote,annotator1,17,Site0,-1,0.786831811,0.318456301,0.918427952,0.481152692,0.149321044,0.644183773,0.165903916,0.500488759,-1.0,-1.0,-1.0,-1.0
465,left,1,2,remote+water,Y,./stimuli/A_cropped/remote_bottle_Y/1/left/remote_0547.jpeg,remote,annotator1,19,Site0,-1,0.764949351,0.313568716,0.900151119,0.476265107,0.123729874,0.640273705,0.13675282,0.500488759,-1.0,-1.0,-1.0,-1.0
466,right,1,2,remote+water,Y,./stimuli/A_cropped/remote_bottle_Y/1/right/IMG_0557.jpeg,remote,annotator1,3,Site0,-1,0.138900586,0.331536678,0.254061291,0.485046477,0.866080156,0.639976013,0.921798631,0.627274015,-1.0,-1.0,-1.0,-1.0
467,right,1,2,remote+water,Y,./stimuli/A_cropped/remote_bottle_Y/1/right/IMG_0558.jpeg,remote,annotator1,18,Site0,-1,0.126203135,0.320203777,0.251118468,0.478318108,0.88856305,0.631091604,0.942326491,0.631091604,-1.0,-1.0,-1.0,-1.0
468,right,1,2,remote+water,Y,./stimuli/A_cropped/remote_bottle_Y/1/right/IMG_0559.jpeg,remote,annotator1,6,Site0,-1,0.122293066,0.306188949,0.2472084,0.464317728,0.884652981,0.618129856,0.935483871,0.641248348,-1.0,-1.0,-1.0,-1.0
469,right,1,2,remote+water,Y,./stimuli/A_cropped/remote_bottle_Y/1/right/IMG_0560.jpeg,water,annotator1,19,Site0,-1,0.153563343,0.317319211,0.268724047,0.471124779,0.88172043,0.612218821,0.935483871,0.624109556,-1.0,-1.0,-1.0,-1.0
470,right,1,2,remote+water,Y,./stimuli/A_cropped/remote_bottle_Y/1/right/IMG_0561.jpeg,water,annotator1,5,Site0,-1,0.152777745,0.315198532,0.279,0.470789576,0.884652981,0.61352153,0.942326491,0.625550302,-1.0,-1.0,-1.0,-1.0
471,right,1,2,remote+water,Y,./stimuli/A_cropped/remote_bottle_Y/1/right/IMG_0562.jpeg,water,annotator1,15,Site0,-1,0.186798924,0.324033519,0.301959629,0.472474922,0.890518084,0.614109823,0.942326491,0.62904971,-1.0,-1.0,-1.0,-1.0
472,front,2,2,remote+water,Y,./stimuli/A_cropped/remote_bottle_Y/2/front/bottle_0575.jpeg,water,annotator1,10,Site0,-1,0.410114206,0.258874,0.541987456,0.436164446,0.788856305,0.785321172,0.078201369,0.625341341,-1.0,-1.0,-1.0,-1.0
473,front,2,2,remote+water,Y,./stimuli/A_cropped/remote_bottle_Y/2/front/bottle_0576.jpeg,water,annotator1,16,Site0,-1,0.415979309,0.25268154,0.547852558,0.424376762,0.788856305,0.788507956,0.109481916,0.61734217,-1.0,-1.0,-1.0,-1.0
474,front,2,2,remote+water,Y,./stimuli/A_cropped/remote_bottle_Y/2/front/bottle_0577.jpeg,water,annotator1,1,Site0,-1,0.405887091,0.228476191,0.542304503,0.405929681,0.788856305,0.765072331,0.064516129,0.616446043,-1.0,-1.0,-1.0,-1.0
475,front,2,2,remote+water,Y,./stimuli/A_cropped/remote_bottle_Y/2/front/remote_0571.jpeg,remote,annotator1,14,Site0,-1,0.4083965,0.248994434,0.54761523,0.43072536,0.788856305,0.775165467,0.078201369,0.620879949,-1.0,-1.0,-1.0,-1.0
476,front,2,2,remote+water,Y,./stimuli/A_cropped/remote_bottle_Y/2/front/remote_0572.jpeg,remote,annotator1,2,Site0,-1,0.423482398,0.280821258,0.559899811,0.453944213,0.788856305,0.800173355,0.10459433,0.631865892,-1.0,-1.0,-1.0,-1.0
477,front,2,2,remote+water,Y,./stimuli/A_cropped/remote_bottle_Y/2/front/remote_0573.jpeg,remote,annotator1,11,Site0,-1,0.415979309,0.260200326,0.547852558,0.439705658,0.788856305,0.788885685,0.078201369,0.626907228,-1.0,-1.0,-1.0,-1.0
478,front,2,2,remote+water,Y,./stimuli/A_cropped/remote_bottle_Y/2/front/remote_0574.jpeg,remote,annotator1,8,Site0,-1,0.408159172,0.272003551,0.540032422,0.449048644,0.788856305,0.798765813,0.078201369,0.63124756,-1.0,-1.0,-1.0,-1.0
479,left,2,2,remote+water,Y,./stimuli/A_cropped/remote_bottle_Y/2/left/bottle_0567.jpeg,water,annotator1,2,Site0,-1,0.645217456,0.37248068,0.756542075,0.518510288,0.064516129,0.718500406,0.129032258,0.500482341,-1.0,-1.0,-1.0,-1.0
480,left,2,2,remote+water,Y,./stimuli/A_cropped/remote_bottle_Y/2/left/bottle_0568.jpeg,water,annotator1,9,Site0,-1,0.663436132,0.327824195,0.769603946,0.463672852,0.109481916,0.650767883,0.165200391,0.500273626,-1.0,-1.0,-1.0,-1.0
481,left,2,2,remote+water,Y,./stimuli/A_cropped/remote_bottle_Y/2/left/bottle_0570.jpeg,water,annotator1,9,Site0,-1,0.647795858,0.357469486,0.753963673,0.494009133,0.099706745,0.687074841,0.1485826,0.500258748,-1.0,-1.0,-1.0,-1.0
482,left,2,2,remote+water,Y,./stimuli/A_cropped/remote_bottle_Y/2/left/remote_0563.jpeg,remote,annotator1,11,Site0,-1,0.66050358,0.356667081,0.766671395,0.49939199,0.109481916,0.700521484,0.165200391,0.500452644,-1.0,-1.0,-1.0,-1.0
483,left,2,2,remote+water,Y,./stimuli/A_cropped/remote_bottle_Y/2/left/remote_0564.jpeg,remote,annotator1,13,Site0,-1,0.643299413,0.363074037,0.758460118,0.505835844,0.064516129,0.713610878,0.134897361,0.500471547,-1.0,-1.0,-1.0,-1.0
484,left,2,2,remote+water,Y,./stimuli/A_cropped/remote_bottle_Y/2/left/remote_0565.jpeg,remote,annotator1,14,Site0,-1,0.642908273,0.368152503,0.749076087,0.508519788,0.078201369,0.698900703,0.140762463,0.500463638,-1.0,-1.0,-1.0,-1.0
485,left,2,2,remote+water,Y,./stimuli/A_cropped/remote_bottle_Y/2/left/remote_0566.jpeg,remote,annotator1,11,Site0,-1,0.649750892,0.378073231,0.755918707,0.515617451,0.10459433,0.705803936,0.165200391,0.500454313,-1.0,-1.0,-1.0,-1.0
486,right,2,2,remote+water,Y,./stimuli/A_cropped/remote_bottle_Y/2/right/IMG_0578.jpeg,remote,annotator1,9,Site0,-1,0.124682728,0.269027389,0.25,0.432829894,0.819973433,0.542521994,0.918643655,0.632453568,-1.0,-1.0,-1.0,-1.0
487,right,2,2,remote+water,Y,./stimuli/A_cropped/remote_bottle_Y/2/right/IMG_0579.jpeg,remote,annotator1,2,Site0,-1,0.116058729,0.2783781,0.242644546,0.441074491,0.827904903,0.542521994,0.893213763,0.632453568,-1.0,-1.0,-1.0,-1.0
488,right,2,2,remote+water,Y,./stimuli/A_cropped/remote_bottle_Y/2/right/IMG_0580.jpeg,remote,annotator1,7,Site0,-1,0.122823575,0.304771062,0.250559669,0.467467453,0.829127595,0.548387097,0.891525617,0.671554252,-1.0,-1.0,-1.0,-1.0
489,right,2,2,remote+water,Y,./stimuli/A_cropped/remote_bottle_Y/2/right/IMG_0581.jpeg,water,annotator1,2,Site0,-1,0.108869288,0.293575668,0.246450092,0.463022572,0.835789836,0.542521994,0.899450927,0.632453568,-1.0,-1.0,-1.0,-1.0
490,right,2,2,remote+water,Y,./stimuli/A_cropped/remote_bottle_Y/2/right/IMG_0582.jpeg,water,annotator1,19,Site0,-1,0.116021231,0.305055619,0.245158341,0.471092963,0.832737483,0.548387097,0.895819889,0.671554252,-1.0,-1.0,-1.0,-1.0
491,right,2,2,remote+water,Y,./stimuli/A_cropped/remote_bottle_Y/2/right/IMG_0583.jpeg,water,annotator1,10,Site0,-1,0.104267668,0.307010653,0.240960246,0.473047998,0.833621968,0.548387097,0.89687206,0.671554252,-1.0,-1.0,-1.0,-1.0
492,front,3,2,remote+water,Y,./stimuli/A_cropped/remote_bottle_Y/3/front/IMG_0590.jpeg,remote,annotator1,3,Site0,-1,0.43915227,0.321048775,0.538364836,0.44392329,0.853372434,0.674350788,0.10459433,0.569381885,-1.0,-1.0,-1.0,-1.0
493,front,3,2,remote+water,Y,./stimuli/A_cropped/remote_bottle_Y/3/front/IMG_0591.jpeg,remote,annotator1,5,Site0,-1,0.418870084,0.338493907,0.521501372,0.466430775,0.853372434,0.710672032,0.064516129,0.616626175,-1.0,-1.0,-1.0,-1.0
494,front,3,2,remote+water,Y,./stimuli/A_cropped/remote_bottle_Y/3/front/IMG_0592.jpeg,remote,annotator1,10,Site0,-1,0.435242202,0.33217858,0.534454768,0.453609029,0.853372434,0.688913576,0.099706745,0.582989569,-1.0,-1.0,-1.0,-1.0
495,front,3,2,remote+water,Y,./stimuli/A_cropped/remote_bottle_Y/3/front/IMG_0593.jpeg,water,annotator1,5,Site0,-1,0.427442711,0.332000222,0.524658951,0.454687554,0.853372434,0.69886204,0.078201369,0.580508162,-1.0,-1.0,-1.0,-1.0
496,front,3,2,remote+water,Y,./stimuli/A_cropped/remote_bottle_Y/3/front/IMG_0594.jpeg,water,annotator1,4,Site0,-1,0.43915227,0.33463445,0.538364836,0.454287907,0.866080156,0.70105961,0.109481916,0.563136911,-1.0,-1.0,-1.0,-1.0
497,front,3,2,remote+water,Y,./stimuli/A_cropped/remote_bottle_Y/3/front/IMG_0595.jpeg,water,annotator1,10,Site0,-1,0.442715102,0.328872835,0.534802004,0.445415474,0.853372434,0.676461489,0.11827957,0.559851143,-1.0,-1.0,-1.0,-1.0
498,left,3,2,remote+water,Y,./stimuli/A_cropped/remote_bottle_Y/3/left/IMG_0584.jpeg,remote,annotator1,9,Site0,-1,0.706446884,0.278398736,0.812614699,0.42710615,0.230694037,0.709694714,0.302052786,0.432940269,-1.0,-1.0,-1.0,-1.0
499,left,3,2,remote+water,Y,./stimuli/A_cropped/remote_bottle_Y/3/left/IMG_0585.jpeg,remote,annotator1,-1,Site0,-1,0.683818996,0.22335327,0.815692246,0.403343808,0.11827957,0.758879114,0.203323558,0.39089823,-1.0,-1.0,-1.0,-1.0
500,left,3,2,remote+water,Y,./stimuli/A_cropped/remote_bottle_Y/3/left/IMG_0586.jpeg,remote,annotator1,12,Site0,-1,0.668178722,0.226209217,0.800051972,0.397975543,0.1485826,0.717325643,0.211143695,0.394462844,-1.0,-1.0,-1.0,-1.0
501,left,3,2,remote+water,Y,./stimuli/A_cropped/remote_bottle_Y/3/left/IMG_0587.jpeg,water,annotator1,6,Site0,-1,0.623759342,0.258730731,0.748674675,0.416101048,0.109481916,0.755703878,0.172043011,0.429033725,-1.0,-1.0,-1.0,-1.0
502,left,3,2,remote+water,Y,./stimuli/A_cropped/remote_bottle_Y/3/left/IMG_0588.jpeg,water,annotator1,4,Site0,-1,0.6417175,0.263225454,0.760042031,0.421423052,0.11827957,0.758502415,0.188660802,0.43242468,-1.0,-1.0,-1.0,-1.0
503,left,3,2,remote+water,Y,./stimuli/A_cropped/remote_bottle_Y/3/left/IMG_0589.jpeg,water,annotator1,16,Site0,-1,0.656007135,0.234382836,0.77116784,0.389531803,0.1485826,0.701693692,0.211143695,0.402053994,-1.0,-1.0,-1.0,-1.0
504,right,3,2,remote+water,Y,./stimuli/A_cropped/remote_bottle_Y/3/right/bottle_0599.jpeg,water,annotator1,17,Site0,-1,0.227466947,0.195573703,0.359709464,0.361611048,0.889984706,0.458455523,0.67969461,0.632453568,-1.0,-1.0,-1.0,-1.0
505,right,3,2,remote+water,Y,./stimuli/A_cropped/remote_bottle_Y/3/right/bottle_0600.jpeg,water,annotator1,1,Site0,-1,0.232373607,0.24063697,0.356978532,0.394749149,0.85363725,0.484848485,0.650456575,0.671554252,-1.0,-1.0,-1.0,-1.0
506,right,3,2,remote+water,Y,./stimuli/A_cropped/remote_bottle_Y/3/right/bottle_0601.jpeg,water,annotator1,15,Site0,-1,0.224572038,0.232816833,0.347651367,0.386929012,0.853887911,0.481915934,0.647345272,0.671554252,-1.0,-1.0,-1.0,-1.0
507,right,3,2,remote+water,Y,./stimuli/A_cropped/remote_bottle_Y/3/right/bottle_0602.jpeg,water,annotator1,12,Site0,-1,0.232680002,0.24063697,0.351762429,0.394749149,0.851986648,0.488758553,0.649754319,0.671554252,-1.0,-1.0,-1.0,-1.0
508,right,3,2,remote+water,Y,./stimuli/A_cropped/remote_bottle_Y/3/right/remote_0596.jpeg,remote,annotator1,14,Site0,-1,0.208314647,0.22070459,0.333605745,0.383400981,0.852337524,0.481915934,0.643302979,0.671554252,-1.0,-1.0,-1.0,-1.0
509,right,3,2,remote+water,Y,./stimuli/A_cropped/remote_bottle_Y/3/right/remote_0597.jpeg,remote,annotator1,10,Site0,-1,0.228272386,0.232654894,0.353773998,0.39100102,0.864380306,0.481915934,0.643543757,0.671554252,-1.0,-1.0,-1.0,-1.0
510,right,3,2,remote+water,Y,./stimuli/A_cropped/remote_bottle_Y/3/right/remote_0598.jpeg,remote,annotator1,10,Site0,-1,0.217017786,0.232816833,0.339366071,0.386929012,0.847232749,0.481915934,0.64352287,0.671554252,-1.0,-1.0,-1.0,-1.0
511,front,1,3,remote+coffee+water,Y,./stimuli/A_cropped/remote_coffee_bottle_Y/1/front/IMG_0612.jpeg,remote,annotator2,13,Site0,-1,0.444030322,0.249197393,0.603126556,0.45265989,0.827692182,0.811339198,0.541863759,0.890518084,0.254110565,0.632453568,-1.0,-1.0
512,front,1,3,remote+coffee+water,Y,./stimuli/A_cropped/remote_coffee_bottle_Y/1/front/IMG_0613.jpeg,remote,annotator2,8,Site0,-1,0.419689885,0.236704632,0.581287632,0.432231711,0.788856305,0.785216649,0.542521994,0.861467463,0.250244379,0.630784623,-1.0,-1.0
513,front,1,3,remote+coffee+water,Y,./stimuli/A_cropped/remote_coffee_bottle_Y/1/front/IMG_0614.jpeg,remote,annotator2,10,Site0,-1,0.417470086,0.199080866,0.583507431,0.411016929,0.810361681,0.783086244,0.542521994,0.882717274,0.230694037,0.629807736,-1.0,-1.0
514,front,1,3,remote+coffee+water,Y,./stimuli/A_cropped/remote_coffee_bottle_Y/1/front/IMG_0615.jpeg,coffee,annotator2,17,Site0,-1,0.394081523,0.174329826,0.565840276,0.395866487,0.810361681,0.787997709,0.500488759,0.889357308,0.188660802,0.542395602,-1.0,-1.0
515,front,1,3,remote+coffee+water,Y,./stimuli/A_cropped/remote_coffee_bottle_Y/1/front/IMG_0616.jpeg,coffee,annotator2,6,Site0,-1,0.445043379,0.250122231,0.595034822,0.437748629,0.810361681,0.794994454,0.548387097,0.846861611,0.284457478,0.625499995,-1.0,-1.0
516,front,1,3,remote+coffee+water,Y,./stimuli/A_cropped/remote_coffee_bottle_Y/1/front/IMG_0617.jpeg,coffee,annotator2,12,Site0,-1,0.437571549,0.239359806,0.592731481,0.4316399,0.832844575,0.790267572,0.579667644,0.864087583,0.272727273,0.62348903,-1.0,-1.0
517,front,1,3,remote+coffee+water,Y,./stimuli/A_cropped/remote_coffee_bottle_Y/1/front/IMG_0618.jpeg,water,annotator2,18,Site0,-1,0.419689885,0.226915703,0.581287632,0.432829369,0.832844575,0.808749843,0.579667644,0.887270211,0.250244379,0.631351974,-1.0,-1.0
518,front,1,3,remote+coffee+water,Y,./stimuli/A_cropped/remote_coffee_bottle_Y/1/front/IMG_0619.jpeg,water,annotator2,17,Site0,-1,0.400519801,0.171163377,0.576997306,0.392895608,0.853372434,0.80650599,0.542521994,0.884455708,0.230694037,0.547635939,-1.0,-1.0
519,front,1,3,remote+coffee+water,Y,./stimuli/A_cropped/remote_coffee_bottle_Y/1/front/IMG_0620.jpeg,water,annotator2,12,Site0,-1,0.459706136,0.296284948,0.609697579,0.484505757,0.832844575,0.848299214,0.579667644,0.920394716,0.302052786,0.632012709,-1.0,-1.0
520,left,1,3,remote+coffee+water,Y,./stimuli/A_cropped/remote_coffee_bottle_Y/1/left/bottle_0609.jpeg,water,annotator2,4,Site0,-1,0.715,0.232496547,0.859895091,0.417366827,0.250244379,0.659190996,0.053763441,0.568105334,0.188660802,0.500417824,-1.0,-1.0
521,left,1,3,remote+coffee+water,Y,./stimuli/A_cropped/remote_coffee_bottle_Y/1/left/bottle_0610.jpeg,water,annotator2,14,Site0,-1,0.717817519,0.280583333,0.859895091,0.45932683,0.250244379,0.707139952,0.078201369,0.614795352,0.203323558,0.500423599,-1.0,-1.0
522,left,1,3,remote+coffee+water,Y,./stimuli/A_cropped/remote_coffee_bottle_Y/1/left/bottle_0611.jpeg,water,annotator2,19,Site0,-1,0.717817519,0.253257562,0.859895091,0.434324743,0.250244379,0.687535283,0.064516129,0.588476014,0.203323558,0.50042333,-1.0,-1.0
523,left,1,3,remote+coffee+water,Y,./stimuli/A_cropped/remote_coffee_bottle_Y/1/left/coffee_0606.jpeg,coffee,annotator2,4,Site0,-1,0.726568306,0.22701388,0.876559749,0.409436742,0.250244379,0.652883348,0.078201369,0.565406787,0.211143695,0.500401269,-1.0,-1.0
524,left,1,3,remote+coffee+water,Y,./stimuli/A_cropped/remote_coffee_bottle_Y/1/left/coffee_0607.jpeg,coffee,annotator2,14,Site0,-1,0.717817519,0.249779973,0.859895091,0.435558893,0.250244379,0.681032315,0.064516129,0.585408022,0.203323558,0.500408651,-1.0,-1.0
525,left,1,3,remote+coffee+water,Y,./stimuli/A_cropped/remote_coffee_bottle_Y/1/left/coffee_0608.jpeg,coffee,annotator2,11,Site0,-1,0.720703203,0.239239964,0.870694646,0.423801838,0.250244379,0.662795467,0.064516129,0.566173718,0.203323558,0.500405974,-1.0,-1.0
526,left,1,3,remote+coffee+water,Y,./stimuli/A_cropped/remote_coffee_bottle_Y/1/left/remote_0603.jpeg,remote,annotator2,6,Site0,-1,0.752045702,0.200982866,0.913643448,0.404551616,0.250244379,0.648878921,0.053763441,0.569137505,0.188660802,0.500424156,-1.0,-1.0
527,left,1,3,remote+coffee+water,Y,./stimuli/A_cropped/remote_coffee_bottle_Y/1/left/remote_0604.jpeg,remote,annotator2,10,Site0,-1,0.739624335,0.251450151,0.894784267,0.437411873,0.250244379,0.676722845,0.064516129,0.585056132,0.203323558,0.500440705,-1.0,-1.0
528,left,1,3,remote+coffee+water,Y,./stimuli/A_cropped/remote_coffee_bottle_Y/1/left/remote_0605.jpeg,remote,annotator2,16,Site0,-1,0.736343477,0.225759387,0.88633492,0.412311164,0.250244379,0.646495253,0.064516129,0.566887188,0.203323558,0.500410351,-1.0,-1.0
529,right,1,3,remote+coffee+water,Y,./stimuli/A_cropped/remote_coffee_bottle_Y/1/right/bottle_0627.jpeg,water,annotator2,0,Site0,-1,0.19148162,0.332971039,0.31,0.495116419,0.832844575,0.635889374,0.921798631,0.692955778,0.769305963,0.677262517,-1.0,-1.0
530,right,1,3,remote+coffee+water,Y,./stimuli/A_cropped/remote_coffee_bottle_Y/1/right/bottle_0628.jpeg,water,annotator2,9,Site0,-1,0.187786713,0.296099543,0.312702046,0.462807923,0.845552297,0.606443361,0.93255132,0.664198119,0.769305963,0.66822752,-1.0,-1.0
531,right,1,3,remote+coffee+water,Y,./stimuli/A_cropped/remote_coffee_bottle_Y/1/right/bottle_0629.jpeg,water,annotator2,18,Site0,-1,0.192674298,0.336166393,0.317589631,0.502305126,0.832844575,0.646545069,0.921798631,0.701362427,0.769305963,0.681628178,-1.0,-1.0
532,right,1,3,remote+coffee+water,Y,./stimuli/A_cropped/remote_coffee_bottle_Y/1/right/coffee_0623.jpeg,coffee,annotator2,1,Site0,-1,0.168236371,0.303526407,0.298,0.475595635,0.832844575,0.622064134,0.921798631,0.684976741,0.769305963,0.654888103,-1.0,-1.0
533,right,1,3,remote+coffee+water,Y,./stimuli/A_cropped/remote_coffee_bottle_Y/1/right/coffee_0624.jpeg,coffee,annotator2,19,Site0,-1,0.154004724,0.301389175,0.285877974,0.472531315,0.832844575,0.625163893,0.913000978,0.678652736,0.769305963,0.625163893,-1.0,-1.0
534,right,1,3,remote+coffee+water,Y,./stimuli/A_cropped/remote_coffee_bottle_Y/1/right/coffee_0625.jpeg,coffee,annotator2,15,Site0,-1,0.172146439,0.295305494,0.297061772,0.458891573,0.826979472,0.601154826,0.900293255,0.661122834,0.749755621,0.694731278,-1.0,-1.0
535,right,1,3,remote+coffee+water,Y,./stimuli/A_cropped/remote_coffee_bottle_Y/1/right/coffee_0626.jpeg,coffee,annotator2,10,Site0,-1,0.192664027,0.323830702,0.318,0.488363513,0.853372434,0.627465143,0.93255132,0.678879655,0.769305963,0.677451474,-1.0,-1.0
536,right,1,3,remote+coffee+water,Y,./stimuli/A_cropped/remote_coffee_bottle_Y/1/right/remote_0621.jpeg,remote,annotator2,11,Site0,-1,0.177023753,0.295655981,0.298,0.459391405,0.811339198,0.604053687,0.890518084,0.654545312,0.744868035,0.61974703,-1.0,-1.0
537,right,1,3,remote+coffee+water,Y,./stimuli/A_cropped/remote_coffee_bottle_Y/1/right/remote_0622.jpeg,remote,annotator2,19,Site0,-1,0.194845867,0.310479251,0.32,0.480113527,0.849462366,0.628484873,0.923753666,0.681992712,0.769305963,0.665477947,-1.0,-1.0
538,front,2,3,remote+coffee+water,Y,./stimuli/A_cropped/remote_coffee_bottle_Y/2/front/IMG_0638.jpeg,remote,annotator2,17,Site0,-1,0.474313288,0.278506397,0.6107307,0.455972308,0.890518084,0.737043935,0.548387097,0.789987758,0.1485826,0.608695273,-1.0,-1.0
539,front,2,3,remote+coffee+water,Y,./stimuli/A_cropped/remote_coffee_bottle_Y/2/front/IMG_0639.jpeg,remote,annotator2,8,Site0,-1,0.485065976,0.280254691,0.621483388,0.452756957,0.900293255,0.73835365,0.569892473,0.791589999,0.1485826,0.609295836,-1.0,-1.0
540,front,2,3,remote+coffee+water,Y,./stimuli/A_cropped/remote_coffee_bottle_Y/2/front/IMG_0640.jpeg,remote,annotator2,5,Site0,-1,0.485620352,0.287470934,0.624839081,0.46266857,0.921798631,0.778942619,0.579667644,0.806795921,0.1485826,0.611003597,-1.0,-1.0
541,front,2,3,remote+coffee+water,Y,./stimuli/A_cropped/remote_coffee_bottle_Y/2/front/IMG_0641.jpeg,coffee,annotator2,11,Site0,-1,0.477348311,0.295470272,0.619425883,0.470132975,0.900293255,0.778090922,0.548387097,0.821376733,0.11827957,0.610664669,-1.0,-1.0
542,front,2,3,remote+coffee+water,Y,./stimuli/A_cropped/remote_coffee_bottle_Y/2/front/IMG_0642.jpeg,coffee,annotator2,7,Site0,-1,0.477348311,0.251066943,0.619425883,0.432920368,0.921798631,0.754810231,0.548387097,0.789211612,0.109481916,0.574002971,-1.0,-1.0
543,front,2,3,remote+coffee+water,Y,./stimuli/A_cropped/remote_coffee_bottle_Y/2/front/IMG_0643.jpeg,coffee,annotator2,11,Site0,-1,0.491908596,0.274584592,0.628326008,0.448161763,0.921798631,0.762033489,0.569892473,0.797410066,0.1485826,0.611477355,-1.0,-1.0
544,front,2,3,remote+coffee+water,Y,./stimuli/A_cropped/remote_coffee_bottle_Y/2/front/IMG_0644.jpeg,water,annotator2,15,Site0,-1,0.464593721,0.266579366,0.614585164,0.456703911,0.935483871,0.78896484,0.542521994,0.827977362,0.10459433,0.622934806,-1.0,-1.0
545,front,2,3,remote+coffee+water,Y,./stimuli/A_cropped/remote_coffee_bottle_Y/2/front/IMG_0645.jpeg,water,annotator2,11,Site0,-1,0.490270609,0.301201216,0.622143859,0.469579614,0.900293255,0.757544733,0.579667644,0.815067414,0.1485826,0.618095808,-1.0,-1.0
546,front,2,3,remote+coffee+water,Y,./stimuli/A_cropped/remote_coffee_bottle_Y/2/front/IMG_0646.jpeg,water,annotator2,8,Site0,-1,0.468550657,0.306921127,0.610628229,0.485314727,0.900293255,0.79410169,0.548387097,0.833807726,0.109481916,0.625120185,-1.0,-1.0
547,left,2,3,remote+coffee+water,Y,./stimuli/A_cropped/remote_coffee_bottle_Y/2/left/bottle_0635.jpeg,water,annotator2,17,Site0,-1,0.726398638,0.26708774,0.851313972,0.434558014,0.301075269,0.696162043,0.134897361,0.591229054,0.250244379,0.500391541,-1.0,-1.0
548,left,2,3,remote+coffee+water,Y,./stimuli/A_cropped/remote_coffee_bottle_Y/2/left/bottle_0636.jpeg,water,annotator2,6,Site0,-1,0.72291968,0.279115139,0.85479293,0.454191104,0.284457478,0.718024125,0.109481916,0.607231466,0.234604106,0.500395688,-1.0,-1.0
549,left,2,3,remote+coffee+water,Y,./stimuli/A_cropped/remote_coffee_bottle_Y/2/left/bottle_0637.jpeg,water,annotator2,14,Site0,-1,0.748,0.300477382,0.873796865,0.464497829,0.335288368,0.719084622,0.165200391,0.606391348,0.284457478,0.500370702,-1.0,-1.0
550,left,2,3,remote+coffee+water,Y,./stimuli/A_cropped/remote_coffee_bottle_Y/2/left/coffee_0633.jpeg,coffee,annotator2,1,Site0,-1,0.739537471,0.284974635,0.871410721,0.464024018,0.261974585,0.739733485,0.105571848,0.627831955,0.234604106,0.500388547,-1.0,-1.0
551,left,2,3,remote+coffee+water,Y,./stimuli/A_cropped/remote_coffee_bottle_Y/2/left/coffee_0634.jpeg,coffee,annotator2,7,Site0,-1,0.720647599,0.277037098,0.857065011,0.454769849,0.284457478,0.725579288,0.105571848,0.612203216,0.230694037,0.500390952,-1.0,-1.0
552,left,2,3,remote+coffee+water,Y,./stimuli/A_cropped/remote_coffee_bottle_Y/2/left/remote_0630.jpeg,remote,annotator2,16,Site0,-1,0.705984842,0.283351278,0.842402255,0.463565357,0.250244379,0.731680172,0.078201369,0.628043661,0.211143695,0.500375495,-1.0,-1.0
553,left,2,3,remote+coffee+water,Y,./stimuli/A_cropped/remote_coffee_bottle_Y/2/left/remote_0631.jpeg,remote,annotator2,13,Site0,-1,0.720647599,0.304234191,0.857065011,0.482528239,0.284457478,0.749272491,0.105571848,0.632623367,0.230694037,0.500371494,-1.0,-1.0
554,left,2,3,remote+coffee+water,Y,./stimuli/A_cropped/remote_coffee_bottle_Y/2/left/remote_0632.jpeg,remote,annotator2,5,Site0,-1,0.752030618,0.303656697,0.894108189,0.492511311,0.31769306,0.767972174,0.109481916,0.649922758,0.250244379,0.500393498,-1.0,-1.0
555,right,2,3,remote+coffee+water,Y,./stimuli/A_cropped/remote_coffee_bottle_Y/2/right/IMG_0647.jpeg,remote,annotator2,15,Site0,-1,0.101004225,0.264794063,0.249,0.448071291,0.827956989,0.542145061,0.921798631,0.620267615,0.744868035,0.68879617,-1.0,-1.0
556,right,2,3,remote+coffee+water,Y,./stimuli/A_cropped/remote_coffee_bottle_Y/2/right/IMG_0648.jpeg,remote,annotator2,11,Site0,-1,0.117622016,0.270892079,0.259699587,0.454623859,0.832844575,0.551169251,0.921798631,0.620976309,0.749755621,0.686716936,-1.0,-1.0
557,right,2,3,remote+coffee+water,Y,./stimuli/A_cropped/remote_coffee_bottle_Y/2/right/IMG_0649.jpeg,remote,annotator2,12,Site0,-1,0.09020467,0.2635953,0.245,0.452619525,0.827956989,0.542881544,0.921798631,0.622369283,0.744868035,0.69209537,-1.0,-1.0
558,right,2,3,remote+coffee+water,Y,./stimuli/A_cropped/remote_coffee_bottle_Y/2/right/IMG_0650.jpeg,coffee,annotator2,14,Site0,-1,0.11366508,0.263906644,0.263656523,0.447126935,0.832844575,0.558150033,0.93255132,0.635921242,0.749755621,0.696568516,-1.0,-1.0
559,right,2,3,remote+coffee+water,Y,./stimuli/A_cropped/remote_coffee_bottle_Y/2/right/IMG_0651.jpeg,coffee,annotator2,11,Site0,-1,0.125442153,0.260313641,0.267519724,0.446630985,0.832844575,0.546959476,0.935483871,0.623930646,0.769305963,0.676892461,-1.0,-1.0
560,right,2,3,remote+coffee+water,Y,./stimuli/A_cropped/remote_coffee_bottle_Y/2/right/IMG_0652.jpeg,coffee,annotator2,7,Site0,-1,0.117622016,0.269141416,0.259699587,0.44775946,0.811339198,0.542777877,0.921798631,0.622073455,0.744868035,0.674241598,-1.0,-1.0
561,right,2,3,remote+coffee+water,Y,./stimuli/A_cropped/remote_coffee_bottle_Y/2/right/IMG_0653.jpeg,water,annotator2,18,Site0,-1,0.119530183,0.284819375,0.277,0.463099115,0.832844575,0.547759033,0.923753666,0.626040755,0.749755621,0.683495231,-1.0,-1.0
562,right,2,3,remote+coffee+water,Y,./stimuli/A_cropped/remote_coffee_bottle_Y/2/right/IMG_0654.jpeg,water,annotator2,2,Site0,-1,0.107861928,0.29979134,0.269459675,0.482765978,0.827956989,0.574077931,0.93255132,0.654421159,0.749755621,0.703069353,-1.0,-1.0
563,right,2,3,remote+coffee+water,Y,./stimuli/A_cropped/remote_coffee_bottle_Y/2/right/IMG_0655.jpeg,water,annotator2,17,Site0,-1,0.11366508,0.264582372,0.264,0.445911306,0.832844575,0.541697046,0.935483871,0.618989132,0.749755621,0.686789208,-1.0,-1.0
564,front,3,3,remote+coffee+water,Y,./stimuli/A_cropped/remote_coffee_bottle_Y/3/front/IMG_0665.jpeg,remote,annotator2,12,Site0,-1,0.460657647,0.338794297,0.559870212,0.465339102,0.942326491,0.682919487,0.500488759,0.765249855,0.078201369,0.589965846,-1.0,-1.0
565,front,3,3,remote+coffee+water,Y,./stimuli/A_cropped/remote_coffee_bottle_Y/3/front/IMG_0666.jpeg,remote,annotator2,12,Site0,-1,0.472387852,0.371968562,0.571600418,0.495716136,0.942326491,0.713920932,0.500488759,0.791160829,0.10459433,0.591008748,-1.0,-1.0
566,front,3,3,remote+coffee+water,Y,./stimuli/A_cropped/remote_coffee_bottle_Y/3/front/IMG_0667.jpeg,remote,annotator2,7,Site0,-1,0.445017373,0.35340458,0.544229939,0.482946508,0.935483871,0.700379001,0.481915934,0.790567734,0.053763441,0.627646151,-1.0,-1.0
567,front,3,3,remote+coffee+water,Y,./stimuli/A_cropped/remote_coffee_bottle_Y/3/front/IMG_0668.jpeg,coffee,annotator2,11,Site0,-1,0.469108064,0.420762899,0.561194966,0.541661578,0.935483871,0.744240903,0.500488759,0.841630525,0.109481916,0.692095278,-1.0,-1.0
568,front,3,3,remote+coffee+water,Y,./stimuli/A_cropped/remote_coffee_bottle_Y/3/front/IMG_0669.jpeg,coffee,annotator2,7,Site0,-1,0.445017373,0.3714444,0.544229939,0.494840716,0.935483871,0.720664201,0.481915934,0.798953226,0.064516129,0.621590478,-1.0,-1.0
569,front,3,3,remote+coffee+water,Y,./stimuli/A_cropped/remote_coffee_bottle_Y/3/front/IMG_0670.jpeg,coffee,annotator2,6,Site0,-1,0.447404851,0.383634327,0.553572666,0.504140881,0.942326491,0.730603847,0.500488759,0.812419341,0.083088954,0.598106189,-1.0,-1.0
570,front,3,3,remote+coffee+water,Y,./stimuli/A_cropped/remote_coffee_bottle_Y/3/front/IMG_0671.jpeg,water,annotator2,11,Site0,-1,0.465545232,0.360530836,0.564757798,0.481385403,0.942326491,0.693832993,0.500488759,0.783042086,0.109481916,0.615119087,-1.0,-1.0
571,front,3,3,remote+coffee+water,Y,./stimuli/A_cropped/remote_coffee_bottle_Y/3/front/IMG_0672.jpeg,water,annotator2,9,Site0,-1,0.465545232,0.377103863,0.564757798,0.49776094,0.942326491,0.720196465,0.500488759,0.798319544,0.109481916,0.621332746,-1.0,-1.0
572,front,3,3,remote+coffee+water,Y,./stimuli/A_cropped/remote_coffee_bottle_Y/3/front/IMG_0673.jpeg,water,annotator2,3,Site0,-1,0.448119353,0.368176473,0.552858164,0.490746184,0.942326491,0.719186018,0.500488759,0.796950602,0.078201369,0.620775969,-1.0,-1.0
573,left,3,3,remote+coffee+water,Y,./stimuli/A_cropped/remote_coffee_bottle_Y/3/left/IMG_0656.jpeg,remote,annotator2,14,Site0,-1,0.764635869,0.254173894,0.901053281,0.430360182,0.359726295,0.80965267,0.064516129,0.580998008,0.291300098,0.426752998,-1.0,-1.0
574,left,3,3,remote+coffee+water,Y,./stimuli/A_cropped/remote_coffee_bottle_Y/3/left/IMG_0657.jpeg,remote,annotator2,8,Site0,-1,0.72933119,0.295566666,0.854246523,0.46028116,0.359726295,0.807693355,0.078201369,0.604361576,0.295210166,0.454943526,-1.0,-1.0
575,left,3,3,remote+coffee+water,Y,./stimuli/A_cropped/remote_coffee_bottle_Y/3/left/IMG_0658.jpeg,remote,annotator2,18,Site0,-1,0.732066574,0.29142784,0.86128631,0.46126269,0.359726295,0.823893217,0.064516129,0.601239979,0.284457478,0.45479691,-1.0,-1.0
576,left,3,3,remote+coffee+water,Y,./stimuli/A_cropped/remote_coffee_bottle_Y/3/left/IMG_0659.jpeg,coffee,annotator2,3,Site0,-1,0.757132779,0.262624169,0.889006029,0.433303872,0.359726295,0.818836609,0.064516129,0.583400314,0.295210166,0.436551914,-1.0,-1.0
577,left,3,3,remote+coffee+water,Y,./stimuli/A_cropped/remote_coffee_bottle_Y/3/left/IMG_0660.jpeg,coffee,annotator2,7,Site0,-1,0.759437053,0.292146989,0.888656789,0.467583362,0.359726295,0.834452002,0.064516129,0.613437413,0.302052786,0.449350823,-1.0,-1.0
578,left,3,3,remote+coffee+water,Y,./stimuli/A_cropped/remote_coffee_bottle_Y/3/left/IMG_0661.jpeg,coffee,annotator2,13,Site0,-1,0.770386908,0.256025234,0.895302241,0.426297451,0.359726295,0.813298305,0.078201369,0.564888975,0.302052786,0.385747632,-1.0,-1.0
579,left,3,3,remote+coffee+water,Y,./stimuli/A_cropped/remote_coffee_bottle_Y/3/left/IMG_0662.jpeg,water,annotator2,3,Site0,-1,0.743983675,0.283458674,0.85914438,0.439228167,0.359726295,0.815631359,0.078201369,0.588092357,0.302052786,0.437189755,-1.0,-1.0
580,left,3,3,remote+coffee+water,Y,./stimuli/A_cropped/remote_coffee_bottle_Y/3/left/IMG_0663.jpeg,water,annotator2,15,Site0,-1,0.774099809,0.275982757,0.903319545,0.4542898,0.359726295,0.868854405,0.064516129,0.615293592,0.302052786,0.4502238,-1.0,-1.0
581,left,3,3,remote+coffee+water,Y,./stimuli/A_cropped/remote_coffee_bottle_Y/3/left/IMG_0664.jpeg,water,annotator2,17,Site0,-1,0.731275953,0.299971753,0.846436657,0.455108602,0.359726295,0.820804584,0.099706745,0.608808564,0.304985337,0.453023609,-1.0,-1.0
582,right,3,3,remote+coffee+water,Y,./stimuli/A_cropped/remote_coffee_bottle_Y/3/right/IMG_0674.jpeg,remote,annotator2,14,Site0,-1,0.186798924,0.287284807,0.31,0.442967457,0.788856305,0.511911937,0.942326491,0.626420235,0.579667644,0.692512273,-1.0,-1.0
583,right,3,3,remote+coffee+water,Y,./stimuli/A_cropped/remote_coffee_bottle_Y/3/right/IMG_0675.jpeg,remote,annotator2,19,Site0,-1,0.203426986,0.31025882,0.32834232,0.462933506,0.788856305,0.524103255,0.942326491,0.638692498,0.594330401,0.717719562,-1.0,-1.0
584,right,3,3,remote+coffee+water,Y,./stimuli/A_cropped/remote_coffee_bottle_Y/3/right/IMG_0676.jpeg,remote,annotator2,18,Site0,-1,0.18484389,0.294156733,0.300004595,0.452002759,0.769305963,0.51845428,0.942326491,0.632192906,0.569892473,0.707516499,-1.0,-1.0
585,right,3,3,remote+coffee+water,Y,./stimuli/A_cropped/remote_coffee_bottle_Y/3/right/IMG_0677.jpeg,coffee,annotator2,8,Site0,-1,0.188753958,0.317751826,0.303914663,0.46926255,0.769305963,0.533304702,0.942326491,0.644320374,0.569892473,0.726554206,-1.0,-1.0
586,right,3,3,remote+coffee+water,Y,./stimuli/A_cropped/remote_coffee_bottle_Y/3/right/IMG_0678.jpeg,coffee,annotator2,1,Site0,-1,0.191295369,0.318285593,0.2999,0.469541394,0.764418377,0.523879251,0.921798631,0.637403557,0.560117302,0.715696182,-1.0,-1.0
587,right,3,3,remote+coffee+water,Y,./stimuli/A_cropped/remote_coffee_bottle_Y/3/right/IMG_0679.jpeg,coffee,annotator2,10,Site0,-1,0.175841347,0.320429187,0.2959,0.471858017,0.769305963,0.527825676,0.935483871,0.639912204,0.560117302,0.715942926,-1.0,-1.0
588,right,3,3,remote+coffee+water,Y,./stimuli/A_cropped/remote_coffee_bottle_Y/3/right/IMG_0680.jpeg,water,annotator2,4,Site0,-1,0.192664027,0.322535089,0.307824732,0.474359524,0.769305963,0.537098585,0.942326491,0.650268008,0.569892473,0.721467313,-1.0,-1.0
589,right,3,3,remote+coffee+water,Y,./stimuli/A_cropped/remote_coffee_bottle_Y/3/right/IMG_0681.jpeg,water,annotator2,19,Site0,-1,0.192664027,0.299680064,0.307824732,0.449625523,0.788856305,0.51901552,0.942326491,0.636213218,0.569892473,0.694423995,-1.0,-1.0
590,right,3,3,remote+coffee+water,Y,./stimuli/A_cropped/remote_coffee_bottle_Y/3/right/IMG_0682.jpeg,water,annotator2,2,Site0,-1,0.159438717,0.284889357,0.28435405,0.445462296,0.788856305,0.517903481,0.942326491,0.628247384,0.560117302,0.701322817,-1.0,-1.0
591,front,1,4,remote+doll+coffee+water,Y,./stimuli/A_cropped/remote_doll_coffee_bottle_Y/1/front/IMG_0694.jpeg,remote,annotator1,7,Site0,-1,0.444112729,0.230462019,0.586190301,0.407458606,0.866080156,0.714522296,0.671554252,0.714522296,0.359726295,0.818863449,0.10459433,0.575141204
592,front,1,4,remote+doll+coffee+water,Y,./stimuli/A_cropped/remote_doll_coffee_bottle_Y/1/front/IMG_0695.jpeg,remote,annotator1,15,Site0,-1,0.44987536,0.215092961,0.586292773,0.387966597,0.866080156,0.698470221,0.671554252,0.680460219,0.359726295,0.795003831,0.109481916,0.5003602
593,front,1,4,remote+doll+coffee+water,Y,./stimuli/A_cropped/remote_doll_coffee_bottle_Y/1/front/IMG_0696.jpeg,remote,annotator1,16,Site0,-1,0.429449973,0.202098354,0.571527544,0.380600008,0.866080156,0.704931553,0.632453568,0.686335223,0.359726295,0.797169348,0.10459433,0.600792107
594,front,1,4,remote+doll+coffee+water,Y,./stimuli/A_cropped/remote_doll_coffee_bottle_Y/1/front/IMG_0697.jpeg,doll,annotator1,0,Site0,-1,0.444112729,0.205347796,0.586190301,0.385961283,0.866080156,0.707356075,0.671554252,0.688539735,0.359726295,0.808211662,0.10459433,0.500376327
595,front,1,4,remote+doll+coffee+water,Y,./stimuli/A_cropped/remote_doll_coffee_bottle_Y/1/front/IMG_0698.jpeg,doll,annotator1,5,Site0,-1,0.437722014,0.213388074,0.576940743,0.387296188,0.853372434,0.699657869,0.640273705,0.681540095,0.359726295,0.796769137,0.10459433,0.500362355
596,front,1,4,remote+doll+coffee+water,Y,./stimuli/A_cropped/remote_doll_coffee_bottle_Y/1/front/IMG_0699.jpeg,doll,annotator1,16,Site0,-1,0.432280052,0.20734843,0.568697465,0.377752204,0.853372434,0.688960406,0.632453568,0.685262551,0.359726295,0.795458639,0.10459433,0.500369786
597,front,1,4,remote+doll+coffee+water,Y,./stimuli/A_cropped/remote_doll_coffee_bottle_Y/1/front/IMG_0700.jpeg,coffee,annotator1,3,Site0,-1,0.432280052,0.208691993,0.568697465,0.378313443,0.853372434,0.702816404,0.632453568,0.684412011,0.359726295,0.79410219,0.10459433,0.500368088
598,front,1,4,remote+doll+coffee+water,Y,./stimuli/A_cropped/remote_doll_coffee_bottle_Y/1/front/IMG_0701.jpeg,coffee,annotator1,6,Site0,-1,0.430879394,0.200323882,0.570098123,0.37387764,0.853372434,0.686147503,0.632453568,0.686147503,0.359726295,0.796869969,0.10459433,0.500371552
599,front,1,4,remote+doll+coffee+water,Y,./stimuli/A_cropped/remote_doll_coffee_bottle_Y/1/front/IMG_0702.jpeg,coffee,annotator1,4,Site0,-1,0.454102476,0.209901615,0.585975726,0.377908546,0.853372434,0.680198176,0.671554252,0.680198176,0.359726295,0.783065797,0.11827957,0.500359677
600,front,1,4,remote+doll+coffee+water,Y,./stimuli/A_cropped/remote_doll_coffee_bottle_Y/1/front/IMG_0703.jpeg,water,annotator1,2,Site0,-1,0.425493037,0.210795035,0.57548448,0.381346978,0.853372434,0.68542364,0.632453568,0.68542364,0.359726295,0.795715546,0.10459433,0.500370107
601,front,1,4,remote+doll+coffee+water,Y,./stimuli/A_cropped/remote_doll_coffee_bottle_Y/1/front/IMG_0704.jpeg,water,annotator1,8,Site0,-1,0.429449973,0.202597444,0.571527544,0.374834496,0.853372434,0.684735251,0.640273705,0.684735251,0.359726295,0.794617696,0.10459433,0.500368733
602,front,1,4,remote+doll+coffee+water,Y,./stimuli/A_cropped/remote_doll_coffee_bottle_Y/1/front/IMG_0705.jpeg,water,annotator1,19,Site0,-1,0.439122672,0.205501569,0.575540084,0.3775203,0.853372434,0.689569912,0.632453568,0.671407525,0.359726295,0.783408911,0.10459433,0.500378383
603,left,1,4,remote+doll+coffee+water,Y,./stimuli/A_cropped/remote_doll_coffee_bottle_Y/1/left/bottle_0691.jpeg,water,annotator1,3,Site0,-1,0.693594167,0.282496603,0.825467417,0.453698218,0.265884653,0.735390789,0.1485826,0.632500787,0.053763441,0.581055786,0.1485826,0.443470319
604,left,1,4,remote+doll+coffee+water,Y,./stimuli/A_cropped/remote_doll_coffee_bottle_Y/1/left/bottle_0692.jpeg,water,annotator1,8,Site0,-1,0.733355321,0.264839568,0.869772734,0.441776538,0.284457478,0.736284448,0.188660802,0.61072876,0.078201369,0.565932509,0.165200391,0.437853089
605,left,1,4,remote+doll+coffee+water,Y,./stimuli/A_cropped/remote_doll_coffee_bottle_Y/1/left/bottle_0693.jpeg,water,annotator1,2,Site0,-1,0.704584184,0.279054174,0.843802913,0.454225619,0.250244379,0.745794851,0.1485826,0.638357203,0.046920821,0.58463838,0.140762463,0.440971757
606,left,1,4,remote+doll+coffee+water,Y,./stimuli/A_cropped/remote_doll_coffee_bottle_Y/1/left/coffee_0688.jpeg,coffee,annotator1,12,Site0,-1,0.728784783,0.274671335,0.860658033,0.445646329,0.284457478,0.717430461,0.188660802,0.614579538,0.078201369,0.562853342,0.172043011,0.440755462
607,left,1,4,remote+doll+coffee+water,Y,./stimuli/A_cropped/remote_doll_coffee_bottle_Y/1/left/coffee_0689.jpeg,coffee,annotator1,13,Site0,-1,0.714723059,0.273577019,0.849304312,0.443939847,0.265884653,0.727505233,0.188660802,0.615726961,0.078201369,0.563482769,0.165200391,0.412825098
608,left,1,4,remote+doll+coffee+water,Y,./stimuli/A_cropped/remote_doll_coffee_bottle_Y/1/left/coffee_0690.jpeg,coffee,annotator1,2,Site0,-1,0.720647599,0.271553318,0.857065011,0.446251072,0.284457478,0.725195835,0.188660802,0.618671664,0.064516129,0.565098104,0.165200391,0.441131379
609,left,1,4,remote+doll+coffee+water,Y,./stimuli/A_cropped/remote_doll_coffee_bottle_Y/1/left/doll_0685.jpeg,doll,annotator1,1,Site0,-1,0.703369338,0.266874937,0.835242588,0.437122138,0.265884653,0.702746089,0.165200391,0.611717233,0.053763441,0.561428564,0.1485826,0.408652861
610,left,1,4,remote+doll+coffee+water,Y,./stimuli/A_cropped/remote_doll_coffee_bottle_Y/1/left/doll_0686.jpeg,doll,annotator1,16,Site0,-1,0.710872428,0.272942294,0.84728984,0.43875861,0.284457478,0.711109338,0.165200391,0.608809659,0.064516129,0.559829813,0.154447703,0.411030279
611,left,1,4,remote+doll+coffee+water,Y,./stimuli/A_cropped/remote_doll_coffee_bottle_Y/1/left/doll_0687.jpeg,doll,annotator1,12,Site0,-1,0.703369338,0.269584663,0.835242588,0.442951378,0.250244379,0.723480046,0.165200391,0.608494462,0.053763441,0.564602116,0.1485826,0.441579905
612,left,1,4,remote+doll+coffee+water,Y,./stimuli/A_cropped/remote_doll_coffee_bottle_Y/1/left/remote_0683.jpeg,remote,annotator1,0,Site0,-1,0.711790507,0.279805815,0.84637176,0.449604313,0.284457478,0.715934302,0.188660802,0.613791105,0.078201369,0.562420842,0.165200391,0.452512374
613,left,1,4,remote+doll+coffee+water,Y,./stimuli/A_cropped/remote_doll_coffee_bottle_Y/1/left/remote_0684.jpeg,remote,annotator1,7,Site0,-1,0.690661616,0.276867448,0.822534865,0.45106263,0.250244379,0.727942251,0.1485826,0.626905098,0.042033236,0.582473097,0.134897361,0.451611725
614,right,1,4,remote+doll+coffee+water,Y,./stimuli/A_cropped/remote_doll_coffee_bottle_Y/1/right/IMG_0706.jpeg,remote,annotator1,2,Site0,-1,0.142156499,0.295325293,0.25,0.432785836,0.686217009,0.527410385,0.884652981,0.500276873,0.769305963,0.638713161,0.632453568,0.638713161
615,right,1,4,remote+doll+coffee+water,Y,./stimuli/A_cropped/remote_doll_coffee_bottle_Y/1/right/IMG_0707.jpeg,remote,annotator1,5,Site0,-1,0.147044084,0.307307708,0.251782895,0.444415958,0.686217009,0.540311534,0.884652981,0.500266964,0.769305963,0.657775606,0.632453568,0.633748864
616,right,1,4,remote+doll+coffee+water,Y,./stimuli/A_cropped/remote_doll_coffee_bottle_Y/1/right/IMG_0708.jpeg,remote,annotator1,6,Site0,-1,0.148781269,0.301766979,0.257865847,0.444118113,0.716520039,0.543971051,0.900293255,0.500269761,0.801564027,0.65942878,0.666666667,0.648638338
617,right,1,4,remote+doll+coffee+water,Y,./stimuli/A_cropped/remote_doll_coffee_bottle_Y/1/right/IMG_0709.jpeg,doll,annotator1,15,Site0,-1,0.152194685,0.305906301,0.2583625,0.444991102,0.716520039,0.542383845,0.890518084,0.500260024,0.801564027,0.65367394,0.649071359,0.630271817
618,right,1,4,remote+doll+coffee+water,Y,./stimuli/A_cropped/remote_doll_coffee_bottle_Y/1/right/IMG_0710.jpeg,doll,annotator1,17,Site0,-1,0.146329582,0.303024805,0.252497397,0.442949388,0.69599218,0.54322151,0.890518084,0.500265163,0.788856305,0.656711119,0.649071359,0.632846482
619,right,1,4,remote+doll+coffee+water,Y,./stimuli/A_cropped/remote_doll_coffee_bottle_Y/1/right/IMG_0711.jpeg,doll,annotator1,11,Site0,-1,0.161969856,0.305998243,0.268137671,0.444556689,0.716520039,0.542799522,0.890518084,0.500262574,0.801564027,0.65518109,0.666666667,0.64467814
620,right,1,4,remote+doll+coffee+water,Y,./stimuli/A_cropped/remote_doll_coffee_bottle_Y/1/right/IMG_0712.jpeg,coffee,annotator1,1,Site0,-1,0.150736303,0.304412722,0.259820882,0.442350293,0.716520039,0.542034245,0.890518084,0.500257879,0.801564027,0.652406373,0.649071359,0.64209122
621,right,1,4,remote+doll+coffee+water,Y,./stimuli/A_cropped/remote_doll_coffee_bottle_Y/1/right/IMG_0713.jpeg,coffee,annotator1,6,Site0,-1,0.150736303,0.296884802,0.259820882,0.438659479,0.716520039,0.539475123,0.900293255,0.50027605,0.801564027,0.663145438,0.666666667,0.638300955
622,right,1,4,remote+doll+coffee+water,Y,./stimuli/A_cropped/remote_doll_coffee_bottle_Y/1/right/IMG_0714.jpeg,coffee,annotator1,11,Site0,-1,0.150736303,0.302326787,0.259820882,0.44173546,0.716520039,0.542482539,0.890518084,0.500260629,0.788856305,0.654031784,0.649071359,0.630575167
623,right,1,4,remote+doll+coffee+water,Y,./stimuli/A_cropped/remote_doll_coffee_bottle_Y/1/right/IMG_0715.jpeg,water,annotator1,1,Site0,-1,0.147803752,0.302396372,0.25688833,0.442767372,0.716520039,0.540167301,0.900293255,0.500266009,0.801564027,0.657211093,0.649071359,0.633270318
624,right,1,4,remote+doll+coffee+water,Y,./stimuli/A_cropped/remote_doll_coffee_bottle_Y/1/right/IMG_0716.jpeg,water,annotator1,4,Site0,-1,0.155127236,0.3110005,0.261295051,0.450106538,0.69599218,0.544149153,0.890518084,0.500270854,0.788856305,0.660074536,0.649071359,0.635697703
625,right,1,4,remote+doll+coffee+water,Y,./stimuli/A_cropped/remote_doll_coffee_bottle_Y/1/right/IMG_0717.jpeg,water,annotator1,18,Site0,-1,0.156601406,0.31169085,0.265685984,0.450288781,0.700879765,0.549924907,0.890518084,0.500269864,0.788856305,0.659489839,0.649071359,0.635202046
626,front,2,4,remote+doll+coffee+water,Y,./stimuli/A_cropped/remote_doll_coffee_bottle_Y/2/front/bottle_0738.jpeg,water,annotator1,14,Site0,-1,0.448119353,0.324699324,0.552858164,0.462774072,0.921798631,0.712070538,0.671554252,0.769534813,0.314760508,0.763149894,0.10459433,0.623593798
627,front,2,4,remote+doll+coffee+water,Y,./stimuli/A_cropped/remote_doll_coffee_bottle_Y/2/front/bottle_0739.jpeg,water,annotator1,13,Site0,-1,0.442908406,0.245188254,0.558069111,0.38937114,0.921798631,0.653066412,0.671554252,0.74028374,0.302052786,0.713246368,0.064516129,0.500436087
628,front,2,4,remote+doll+coffee+water,Y,./stimuli/A_cropped/remote_doll_coffee_bottle_Y/2/front/coffee_0736.jpeg,coffee,annotator1,9,Site0,-1,0.457180022,0.292538444,0.563347837,0.435388373,0.900293255,0.679808618,0.671554252,0.75362027,0.302052786,0.747612345,0.064516129,0.58282354
629,front,2,4,remote+doll+coffee+water,Y,./stimuli/A_cropped/remote_doll_coffee_bottle_Y/2/front/coffee_0737.jpeg,coffee,annotator1,1,Site0,-1,0.503668399,0.310017858,0.602880965,0.441223628,0.923753666,0.665116714,0.69599218,0.738790839,0.359726295,0.717121979,0.1485826,0.500433377
630,front,2,4,remote+doll+coffee+water,Y,./stimuli/A_cropped/remote_doll_coffee_bottle_Y/2/front/doll_0733.jpeg,doll,annotator1,17,Site0,-1,0.478099022,0.232830014,0.593259727,0.366201814,0.921798631,0.611563013,0.674486804,0.68648725,0.335288368,0.646966773,0.11827957,0.500411672
631,front,2,4,remote+doll+coffee+water,Y,./stimuli/A_cropped/remote_doll_coffee_bottle_Y/2/front/doll_0734.jpeg,doll,annotator1,13,Site0,-1,0.479662916,0.221458521,0.58583073,0.359359128,0.921798631,0.589166732,0.674486804,0.681294722,0.335288368,0.664843295,0.109481916,0.500329029
632,front,2,4,remote+doll+coffee+water,Y,./stimuli/A_cropped/remote_doll_coffee_bottle_Y/2/front/doll_0735.jpeg,doll,annotator1,9,Site0,-1,0.452292437,0.242310697,0.558460251,0.374329298,0.884652981,0.604211053,0.666666667,0.671179468,0.314760508,0.671179468,0.10459433,0.500341676
633,front,2,4,remote+doll+coffee+water,Y,./stimuli/A_cropped/remote_doll_coffee_bottle_Y/2/front/remote_0729.jpeg,remote,annotator1,8,Site0,-1,0.463045125,0.235232754,0.56921294,0.37489487,0.900293255,0.614610724,0.671554252,0.692977031,0.31769306,0.679915979,0.078201369,0.500326526
634,front,2,4,remote+doll+coffee+water,Y,./stimuli/A_cropped/remote_doll_coffee_bottle_Y/2/front/remote_0730.jpeg,remote,annotator1,6,Site0,-1,0.462067608,0.224315825,0.568235422,0.359936936,0.884652981,0.590714575,0.671554252,0.667704804,0.302052786,0.663687922,0.10459433,0.50033474
635,front,2,4,remote+doll+coffee+water,Y,./stimuli/A_cropped/remote_doll_coffee_bottle_Y/2/front/remote_0731.jpeg,remote,annotator1,13,Site0,-1,0.45,0.234187651,0.569,0.370287841,0.890518084,0.610733873,0.666666667,0.678927754,0.302052786,0.662691116,0.099706745,0.500324733
636,front,2,4,remote+doll+coffee+water,Y,./stimuli/A_cropped/remote_doll_coffee_bottle_Y/2/front/remote_0732.jpeg,remote,annotator1,10,Site0,-1,0.462067608,0.238683907,0.568235422,0.377553143,0.900293255,0.613960064,0.671554252,0.691881475,0.31769306,0.678894574,0.099706745,0.500324673
637,left,2,4,remote+doll+coffee+water,Y,./stimuli/A_cropped/remote_doll_coffee_bottle_Y/2/left/bottle_0726.jpeg,water,annotator1,0,Site0,-1,0.716936557,0.35835046,0.821675368,0.493643828,0.403714565,0.816592099,0.109481916,0.653698239,0.203323558,0.602027606,0.328445748,0.500437887
638,left,2,4,remote+doll+coffee+water,Y,./stimuli/A_cropped/remote_doll_coffee_bottle_Y/2/left/bottle_0727.jpeg,water,annotator1,9,Site0,-1,0.721824143,0.361278969,0.826562954,0.495434114,0.407624633,0.813928609,0.109481916,0.652405175,0.211143695,0.601169248,0.335288368,0.500434203
639,left,2,4,remote+doll+coffee+water,Y,./stimuli/A_cropped/remote_doll_coffee_bottle_Y/2/left/bottle_0728.jpeg,water,annotator1,19,Site0,-1,0.726711729,0.357767889,0.831450539,0.493617687,0.405669599,0.817894168,0.109481916,0.654330364,0.219941349,0.591894718,0.335288368,0.500439688
640,left,2,4,remote+doll+coffee+water,Y,./stimuli/A_cropped/remote_doll_coffee_bottle_Y/2/left/coffee_0723.jpeg,coffee,annotator1,12,Site0,-1,0.728929778,0.349721665,0.835097593,0.486412467,0.405669599,0.813425985,0.109481916,0.652161163,0.219941349,0.587135025,0.335288368,0.500433508
641,left,2,4,remote+doll+coffee+water,Y,./stimuli/A_cropped/remote_doll_coffee_bottle_Y/2/left/coffee_0724.jpeg,coffee,annotator1,16,Site0,-1,0.731275953,0.360232825,0.846436657,0.497671,0.403714565,0.8264725,0.109481916,0.652993121,0.211143695,0.601559536,0.335288368,0.500435878
642,left,2,4,remote+doll+coffee+water,Y,./stimuli/A_cropped/remote_doll_coffee_bottle_Y/2/left/coffee_0725.jpeg,coffee,annotator1,18,Site0,-1,0.731275953,0.356305442,0.846436657,0.496729702,0.405669599,0.82198664,0.109481916,0.656317165,0.211143695,0.597531223,0.328445748,0.500445348
643,left,2,4,remote+doll+coffee+water,Y,./stimuli/A_cropped/remote_doll_coffee_bottle_Y/2/left/doll_0720.jpeg,doll,annotator1,7,Site0,-1,0.72964428,0.329129384,0.834383091,0.471526473,0.403714565,0.791316225,0.109481916,0.615927602,0.211143695,0.569727672,0.335288368,0.463638944
644,left,2,4,remote+doll+coffee+water,Y,./stimuli/A_cropped/remote_doll_coffee_bottle_Y/2/left/doll_0721.jpeg,doll,annotator1,0,Site0,-1,0.728929778,0.334399548,0.835097593,0.471573156,0.403714565,0.796261408,0.109481916,0.617895509,0.211143695,0.570911321,0.335288368,0.473462634
645,left,2,4,remote+doll+coffee+water,Y,./stimuli/A_cropped/remote_doll_coffee_bottle_Y/2/left/doll_0722.jpeg,doll,annotator1,17,Site0,-1,0.730490355,0.334036486,0.847222255,0.474615464,0.359726295,0.815855344,0.109481916,0.618391145,0.211143695,0.580820524,0.328445748,0.470729864
646,left,2,4,remote+doll+coffee+water,Y,./stimuli/A_cropped/remote_doll_coffee_bottle_Y/2/left/remote_0718.jpeg,remote,annotator1,8,Site0,-1,0.725997227,0.309854237,0.832165041,0.447057647,0.359726295,0.769768518,0.109481916,0.581735203,0.203323558,0.536844366,0.328445748,0.432663745
647,left,2,4,remote+doll+coffee+water,Y,./stimuli/A_cropped/remote_doll_coffee_bottle_Y/2/left/remote_0719.jpeg,remote,annotator1,9,Site0,-1,0.716222056,0.310325207,0.82238987,0.449568685,0.403714565,0.766459217,0.109481916,0.613360201,0.203323558,0.551451309,0.328445748,0.449385298
648,right,2,4,remote+doll+coffee+water,Y,./stimuli/A_cropped/remote_doll_coffee_bottle_Y/2/right/bottle_0748.jpeg,water,annotator1,5,Site0,-1,0.113495413,0.28751931,0.238410746,0.435424413,0.709677419,0.506256109,0.884652981,0.50029791,0.769305963,0.649252898,0.481915934,0.664148396
649,right,2,4,remote+doll+coffee+water,Y,./stimuli/A_cropped/remote_doll_coffee_bottle_Y/2/right/bottle_0749.jpeg,water,annotator1,0,Site0,-1,0.110016454,0.274165194,0.241889704,0.423670595,0.716520039,0.500291102,0.890518084,0.500291102,0.782013685,0.645842264,0.500488759,0.631869352
650,right,2,4,remote+doll+coffee+water,Y,./stimuli/A_cropped/remote_doll_coffee_bottle_Y/2/right/bottle_0750.jpeg,water,annotator1,2,Site0,-1,0.102742724,0.288294004,0.227658058,0.428579096,0.671554252,0.489545214,0.866080156,0.500282562,0.744868035,0.628000485,0.467253177,0.628000485
651,right,2,4,remote+doll+coffee+water,Y,./stimuli/A_cropped/remote_doll_coffee_bottle_Y/2/right/coffee_0746.jpeg,coffee,annotator1,12,Site0,-1,0.097855139,0.274226908,0.222770472,0.421862954,0.69599218,0.500297368,0.884652981,0.500297368,0.769305963,0.648981389,0.467253177,0.648981389
652,right,2,4,remote+doll+coffee+water,Y,./stimuli/A_cropped/remote_doll_coffee_bottle_Y/2/right/coffee_0747.jpeg,coffee,annotator1,13,Site0,-1,0.101550047,0.285290778,0.219075564,0.428616978,0.674486804,0.500298635,0.866080156,0.500298635,0.744868035,0.64961609,0.458455523,0.64961609
653,right,2,4,remote+doll+coffee+water,Y,./stimuli/A_cropped/remote_doll_coffee_bottle_Y/2/right/doll_0743.jpeg,doll,annotator1,1,Site0,-1,0.094922588,0.275064702,0.219837921,0.424116074,0.709677419,0.500300219,0.890518084,0.500300219,0.769305963,0.649208737,0.467253177,0.650409612
654,right,2,4,remote+doll+coffee+water,Y,./stimuli/A_cropped/remote_doll_coffee_bottle_Y/2/right/doll_0744.jpeg,doll,annotator1,3,Site0,-1,0.097410808,0.266451571,0.22,0.415710387,0.69599218,0.49035912,0.884652981,0.500310996,0.769305963,0.637771284,0.458455523,0.640881246
655,right,2,4,remote+doll+coffee+water,Y,./stimuli/A_cropped/remote_doll_coffee_bottle_Y/2/right/doll_0745.jpeg,doll,annotator1,12,Site0,-1,0.089057485,0.285755644,0.213972818,0.432804715,0.69599218,0.506610998,0.884652981,0.500314809,0.749755621,0.657719531,0.458455523,0.642608677
656,right,2,4,remote+doll+coffee+water,Y,./stimuli/A_cropped/remote_doll_coffee_bottle_Y/2/right/remote_0740.jpeg,remote,annotator1,5,Site0,-1,0.106437632,0.285320366,0.22396315,0.431472742,0.69599218,0.514921653,0.884652981,0.500304524,0.749755621,0.664747235,0.458455523,0.66779247
657,right,2,4,remote+doll+coffee+water,Y,./stimuli/A_cropped/remote_doll_coffee_bottle_Y/2/right/remote_0741.jpeg,remote,annotator1,15,Site0,-1,0.091012519,0.274949961,0.215927852,0.427458101,0.709677419,0.514849292,0.884652981,0.500303047,0.749755621,0.651826436,0.458455523,0.666978775
658,right,2,4,remote+doll+coffee+water,Y,./stimuli/A_cropped/remote_doll_coffee_bottle_Y/2/right/remote_0742.jpeg,remote,annotator1,1,Site0,-1,0.086124934,0.259511801,0.211040267,0.414323404,0.69599218,0.490333548,0.890518084,0.500311821,0.769305963,0.641254926,0.458455523,0.641254926
659,front,3,4,remote+doll+coffee+water,Y,./stimuli/A_cropped/remote_doll_coffee_bottle_Y/3/front/bottle_0769.jpeg,water,annotator1,17,Site0,-1,0.435674646,0.222185185,0.541842461,0.359726035,0.921798631,0.588934113,0.693059629,0.693948563,0.109481916,0.664413249,0.10459433,0.50032817
660,front,3,4,remote+doll+coffee+water,Y,./stimuli/A_cropped/remote_doll_coffee_bottle_Y/3/front/bottle_0770.jpeg,water,annotator1,8,Site0,-1,0.43915227,0.21826683,0.538364836,0.340918047,0.884652981,0.562100233,0.671554252,0.690161852,0.10459433,0.645758577,0.10459433,0.500321763
661,front,3,4,remote+doll+coffee+water,Y,./stimuli/A_cropped/remote_doll_coffee_bottle_Y/3/front/bottle_0771.jpeg,water,annotator1,1,Site0,-1,0.43915227,0.222999813,0.538364836,0.350584757,0.900293255,0.574639436,0.671554252,0.684423,0.105571848,0.663671229,0.10459433,0.500334706
662,front,3,4,remote+doll+coffee+water,Y,./stimuli/A_cropped/remote_doll_coffee_bottle_Y/3/front/coffee_0772.jpeg,coffee,annotator1,11,Site0,-1,0.451880638,0.228511271,0.549096879,0.352133132,0.900293255,0.574813038,0.671554252,0.684851947,0.109481916,0.651974468,0.109481916,0.500335484
663,front,3,4,remote+doll+coffee+water,Y,./stimuli/A_cropped/remote_doll_coffee_bottle_Y/3/front/coffee_0773.jpeg,coffee,annotator1,11,Site0,-1,0.440804692,0.238075555,0.536712415,0.356464562,0.884652981,0.587067851,0.671554252,0.689878598,0.105571848,0.660963075,0.10459433,0.500321284
664,front,3,4,remote+doll+coffee+water,Y,./stimuli/A_cropped/remote_doll_coffee_bottle_Y/3/front/doll_0766.jpeg,doll,annotator1,7,Site0,-1,0.441352978,0.222404709,0.543984266,0.348860476,0.900293255,0.568401203,0.671554252,0.680330445,0.109481916,0.663966521,0.10459433,0.500327278
665,front,3,4,remote+doll+coffee+water,Y,./stimuli/A_cropped/remote_doll_coffee_bottle_Y/3/front/doll_0767.jpeg,doll,annotator1,5,Site0,-1,0.445017373,0.22374018,0.544229939,0.349765875,0.900293255,0.569098631,0.671554252,0.682169119,0.10459433,0.646462649,0.10459433,0.500330615
666,front,3,4,remote+doll+coffee+water,Y,./stimuli/A_cropped/remote_doll_coffee_bottle_Y/3/front/doll_0768.jpeg,doll,annotator1,5,Site0,-1,0.432479079,0.233925462,0.53721789,0.359443129,0.890518084,0.586329892,0.671554252,0.694154165,0.099706745,0.659622208,0.078201369,0.500352367
667,front,3,4,remote+doll+coffee+water,Y,./stimuli/A_cropped/remote_doll_coffee_bottle_Y/3/front/remote_0763.jpeg,remote,annotator1,12,Site0,-1,0.464220478,0.258952274,0.556307381,0.381148928,0.900293255,0.58570525,0.671554252,0.686907021,0.134897361,0.671094244,0.134897361,0.500316256
668,front,3,4,remote+doll+coffee+water,Y,./stimuli/A_cropped/remote_doll_coffee_bottle_Y/3/front/remote_0764.jpeg,remote,annotator1,2,Site0,-1,0.431764578,0.23683164,0.537932392,0.361721604,0.890518084,0.57531167,0.671554252,0.691026597,0.105571848,0.661936252,0.10459433,0.500323226
669,front,3,4,remote+doll+coffee+water,Y,./stimuli/A_cropped/remote_doll_coffee_bottle_Y/3/front/remote_0765.jpeg,remote,annotator1,19,Site0,-1,0.450882476,0.235273004,0.550095041,0.358481425,0.900293255,0.574297659,0.671554252,0.688454578,0.109481916,0.659755911,0.10459433,0.500318874
670,left,3,4,remote+doll+coffee+water,Y,./stimuli/A_cropped/remote_doll_coffee_bottle_Y/3/left/bottle_0760.jpeg,water,annotator1,7,Site0,-1,0.760023554,0.300796426,0.862654842,0.425821855,0.500488759,0.809309528,0.109481916,0.644950126,0.211143695,0.520235203,0.42228739,0.421949932
671,left,3,4,remote+doll+coffee+water,Y,./stimuli/A_cropped/remote_doll_coffee_bottle_Y/3/left/coffee_0757.jpeg,coffee,annotator1,7,Site0,-1,0.761732916,0.310066355,0.860945481,0.434970298,0.500488759,0.829637079,0.105571848,0.686890609,0.211143695,0.52021554,0.42228739,0.434402634
672,left,3,4,remote+doll+coffee+water,Y,./stimuli/A_cropped/remote_doll_coffee_bottle_Y/3/left/coffee_0758.jpeg,coffee,annotator1,0,Site0,-1,0.761732916,0.307859573,0.860945481,0.432056554,0.500488759,0.827771317,0.109481916,0.685832799,0.219941349,0.535689743,0.42228739,0.42246711
673,left,3,4,remote+doll+coffee+water,Y,./stimuli/A_cropped/remote_doll_coffee_bottle_Y/3/left/coffee_0759.jpeg,coffee,annotator1,8,Site0,-1,0.764665467,0.320756274,0.863878033,0.441814824,0.500488759,0.830497723,0.109481916,0.687378559,0.219941349,0.535986611,0.42228739,0.434231367
674,left,3,4,remote+doll+coffee+water,Y,./stimuli/A_cropped/remote_doll_coffee_bottle_Y/3/left/doll_0754.jpeg,doll,annotator1,5,Site0,-1,0.781528931,0.298841098,0.884160219,0.425093742,0.500488759,0.828192267,0.109481916,0.646372917,0.219941349,0.500417017,0.440860215,0.421183814
675,left,3,4,remote+doll+coffee+water,Y,./stimuli/A_cropped/remote_doll_coffee_bottle_Y/3/left/doll_0755.jpeg,doll,annotator1,8,Site0,-1,0.776641345,0.308544588,0.879272633,0.434449274,0.500488759,0.832278163,0.109481916,0.645969506,0.219941349,0.520377509,0.431085044,0.421401035
676,left,3,4,remote+doll+coffee+water,Y,./stimuli/A_cropped/remote_doll_coffee_bottle_Y/3/left/doll_0756.jpeg,doll,annotator1,5,Site0,-1,0.776641345,0.302767929,0.879272633,0.428643585,0.500488759,0.832201548,0.105571848,0.645935849,0.211143695,0.500415772,0.42228739,0.421419158
677,left,3,4,remote+doll+coffee+water,Y,./stimuli/A_cropped/remote_doll_coffee_bottle_Y/3/left/remote_0751.jpeg,remote,annotator1,3,Site0,-1,0.781528931,0.302055228,0.884160219,0.4262906,0.500488759,0.827872634,0.109481916,0.644034161,0.219941349,0.500410354,0.440860215,0.422443144
678,left,3,4,remote+doll+coffee+water,Y,./stimuli/A_cropped/remote_doll_coffee_bottle_Y/3/left/remote_0752.jpeg,remote,annotator1,13,Site0,-1,0.789103395,0.297628756,0.88831596,0.423081859,0.500488759,0.810367582,0.109481916,0.645445956,0.225806452,0.500414376,0.440860215,0.420025443
679,left,3,4,remote+doll+coffee+water,Y,./stimuli/A_cropped/remote_doll_coffee_bottle_Y/3/left/remote_0753.jpeg,remote,annotator1,0,Site0,-1,0.789103395,0.295245932,0.88831596,0.423963404,0.500488759,0.812035916,0.109481916,0.646227779,0.219941349,0.500416603,0.434995112,0.421261965
680,right,3,4,remote+doll+coffee+water,Y,./stimuli/A_cropped/remote_doll_coffee_bottle_Y/3/right/bottle_0782.jpeg,water,annotator1,8,Site0,-1,0.084746005,0.28537744,0.2,0.421075057,0.632453568,0.447248912,0.890518084,0.500273322,0.827956989,0.661533123,0.359726295,0.63693417
681,right,3,4,remote+doll+coffee+water,Y,./stimuli/A_cropped/remote_doll_coffee_bottle_Y/3/right/bottle_0783.jpeg,water,annotator1,8,Site0,-1,0.083182111,0.274450197,0.198342816,0.412827334,0.632453568,0.43840315,0.890518084,0.420007711,0.832844575,0.653574047,0.359726295,0.597830291
682,right,3,4,remote+doll+coffee+water,Y,./stimuli/A_cropped/remote_doll_coffee_bottle_Y/3/right/bottle_0784.jpeg,water,annotator1,4,Site0,-1,0.086220174,0.287691579,0.198,0.424362764,0.632453568,0.454578362,0.900293255,0.500275283,0.832844575,0.662692049,0.382209189,0.63791661
683,right,3,4,remote+doll+coffee+water,Y,./stimuli/A_cropped/remote_doll_coffee_bottle_Y/3/right/coffee_0779.jpeg,coffee,annotator1,15,Site0,-1,0.074489969,0.285005994,0.183574547,0.423405995,0.632453568,0.452888744,0.890518084,0.500278765,0.810361681,0.664750014,0.359726295,0.626280467
684,right,3,4,remote+doll+coffee+water,Y,./stimuli/A_cropped/remote_doll_coffee_bottle_Y/3/right/coffee_0780.jpeg,coffee,annotator1,18,Site0,-1,0.074489969,0.291148538,0.188,0.427901571,0.632453568,0.454694693,0.900293255,0.500284939,0.832844575,0.668398971,0.359726295,0.642754458
685,right,3,4,remote+doll+coffee+water,Y,./stimuli/A_cropped/remote_doll_coffee_bottle_Y/3/right/coffee_0781.jpeg,coffee,annotator1,7,Site0,-1,0.076339491,0.276626367,0.191500196,0.416404472,0.635386119,0.442625309,0.900293255,0.444955245,0.832844575,0.66047439,0.359726295,0.602225973
686,right,3,4,remote+doll+coffee+water,Y,./stimuli/A_cropped/remote_doll_coffee_bottle_Y/3/right/doll_0776.jpeg,doll,annotator1,2,Site0,-1,0.074489969,0.276893436,0.183574547,0.41650442,0.632453568,0.453747874,0.900293255,0.500290894,0.832844575,0.660282525,0.359726295,0.631774925
687,right,3,4,remote+doll+coffee+water,Y,./stimuli/A_cropped/remote_doll_coffee_bottle_Y/3/right/doll_0777.jpeg,doll,annotator1,3,Site0,-1,0.069602383,0.283922446,0.179,0.422302266,0.632453568,0.45401051,0.890518084,0.500278724,0.810361681,0.664725992,0.359726295,0.639640816
688,right,3,4,remote+doll+coffee+water,Y,./stimuli/A_cropped/remote_doll_coffee_bottle_Y/3/right/remote.jpeg,remote,annotator1,3,Site0,-1,0.054939627,0.278263903,0.164024205,0.416003381,0.602150538,0.453113585,0.866080156,0.500277434,0.769305963,0.652866358,0.335288368,0.638994638
689,front,1,2,soccer+basketball,Y,./stimuli/A_cropped/soccer_basketball_Y/1/front/basketball_0512.jpeg,basketball,annotator2,17,Site0,-1,0.372576147,0.204368789,0.544334899,0.423675474,0.810361681,0.751778393,0.335288368,0.751778393,-1.0,-1.0,-1.0,-1.0
690,front,1,2,soccer+basketball,Y,./stimuli/A_cropped/soccer_basketball_Y/1/front/basketball_0513.jpeg,basketball,annotator2,11,Site0,-1,0.357509048,0.162030102,0.533986553,0.392757739,0.810361681,0.756066701,0.301075269,0.756066701,-1.0,-1.0,-1.0,-1.0
691,front,1,2,soccer+basketball,Y,./stimuli/A_cropped/soccer_basketball_Y/1/front/basketball_0514.jpeg,basketball,annotator2,9,Site0,-1,0.374531181,0.155663845,0.546289933,0.383835131,0.827956989,0.730250512,0.335288368,0.730250512,-1.0,-1.0,-1.0,-1.0
692,front,1,2,soccer+basketball,Y,./stimuli/A_cropped/soccer_basketball_Y/1/front/soccer_0509.jpeg,soccer,annotator2,9,Site0,-1,0.37863276,0.193579789,0.55391856,0.420890026,0.810361681,0.760966993,0.301075269,0.760966993,-1.0,-1.0,-1.0,-1.0
693,front,1,2,soccer+basketball,Y,./stimuli/A_cropped/soccer_basketball_Y/1/front/soccer_0510.jpeg,soccer,annotator2,14,Site0,-1,0.374304186,0.1953978,0.54260686,0.419359795,0.788856305,0.748558039,0.284457478,0.748558039,-1.0,-1.0,-1.0,-1.0
694,front,1,2,soccer+basketball,Y,./stimuli/A_cropped/soccer_basketball_Y/1/front/soccer_0511.jpeg,soccer,annotator2,13,Site0,-1,0.379610277,0.189235957,0.554896077,0.419768558,0.810361681,0.764666477,0.301075269,0.764666477,-1.0,-1.0,-1.0,-1.0
695,left,1,2,soccer+basketball,Y,./stimuli/A_cropped/soccer_basketball_Y/1/left/basketball_0494.jpeg,basketball,annotator2,16,Site0,-1,0.743130492,0.275507469,0.879547905,0.44983168,0.1485826,0.60566711,0.105571848,0.532031493,-1.0,-1.0,-1.0,-1.0
696,left,1,2,soccer+basketball,Y,./stimuli/A_cropped/soccer_basketball_Y/1/left/basketball_0495.jpeg,basketball,annotator2,0,Site0,-1,0.690661616,0.239351621,0.822534865,0.409246314,0.109481916,0.568351476,0.064516129,0.500419334,-1.0,-1.0,-1.0,-1.0
697,left,1,2,soccer+basketball,Y,./stimuli/A_cropped/soccer_basketball_Y/1/left/basketball_0496.jpeg,basketball,annotator2,14,Site0,-1,0.687297954,0.251435838,0.812213287,0.42106295,0.109481916,0.584728866,0.064516129,0.50043901,-1.0,-1.0,-1.0,-1.0
698,left,1,2,soccer+basketball,Y,./stimuli/A_cropped/soccer_basketball_Y/1/left/soccer_0493.jpeg,soccer,annotator2,18,Site0,-1,0.710872428,0.281481929,0.84728984,0.459555122,0.109481916,0.62589473,0.078201369,0.53550877,-1.0,-1.0,-1.0,-1.0
699,right,1,2,soccer+basketball,Y,./stimuli/A_cropped/soccer_basketball_Y/1/right/basketball_0530.jpeg,basketball,annotator2,17,Site0,-1,0.176487618,0.343320299,0.308360867,0.50373266,0.902248289,0.586070197,0.866080156,0.67723863,-1.0,-1.0,-1.0,-1.0
700,right,1,2,soccer+basketball,Y,./stimuli/A_cropped/soccer_basketball_Y/1/right/basketball_0531.jpeg,basketball,annotator2,11,Site0,-1,0.201471952,0.319378135,0.33,0.478009229,0.935483871,0.581465912,0.88856305,0.665637334,-1.0,-1.0,-1.0,-1.0
701,right,1,2,soccer+basketball,Y,./stimuli/A_cropped/soccer_basketball_Y/1/right/basketball_0532.jpeg,basketball,annotator2,12,Site0,-1,0.199516918,0.323182958,0.331,0.483819472,0.935483871,0.582495807,0.884652981,0.67990783,-1.0,-1.0,-1.0,-1.0
702,right,1,2,soccer+basketball,Y,./stimuli/A_cropped/soccer_basketball_Y/1/right/soccer_0527.jpeg,soccer,annotator2,4,Site0,-1,0.168236371,0.321057229,0.299,0.48589526,0.923753666,0.58465352,0.884652981,0.672118412,-1.0,-1.0,-1.0,-1.0
703,right,1,2,soccer+basketball,Y,./stimuli/A_cropped/soccer_basketball_Y/1/right/soccer_0528.jpeg,soccer,annotator2,2,Site0,-1,0.172146439,0.349497367,0.299,0.513300091,0.935483871,0.61979625,0.884652981,0.701708215,-1.0,-1.0,-1.0,-1.0
704,right,1,2,soccer+basketball,Y,./stimuli/A_cropped/soccer_basketball_Y/1/right/soccer_0529.jpeg,soccer,annotator2,6,Site0,-1,0.172146439,0.330358086,0.299,0.49516555,0.935483871,0.582374729,0.884652981,0.679643782,-1.0,-1.0,-1.0,-1.0
705,front,2,2,soccer+basketball,Y,./stimuli/A_cropped/soccer_basketball_Y/2/front/basketball_0518.jpeg,basketball,annotator2,11,Site0,-1,0.442908406,0.314690369,0.558069111,0.465188506,0.866080156,0.693014221,0.105571848,0.693014221,-1.0,-1.0,-1.0,-1.0
706,front,2,2,soccer+basketball,Y,./stimuli/A_cropped/soccer_basketball_Y/2/front/basketball_0519.jpeg,basketball,annotator2,7,Site0,-1,0.438031092,0.308672329,0.562946425,0.462612091,0.884652981,0.69477076,0.105571848,0.69477076,-1.0,-1.0,-1.0,-1.0
707,front,2,2,soccer+basketball,Y,./stimuli/A_cropped/soccer_basketball_Y/2/front/basketball_0520.jpeg,basketball,annotator2,16,Site0,-1,0.441726,0.309815257,0.559251518,0.459322003,0.884652981,0.694358803,0.105571848,0.681204231,-1.0,-1.0,-1.0,-1.0
708,front,2,2,soccer+basketball,Y,./stimuli/A_cropped/soccer_basketball_Y/2/front/soccer_0515.jpeg,soccer,annotator2,14,Site0,-1,0.452683577,0.304984817,0.567844282,0.457760482,0.884652981,0.685166205,0.105571848,0.685166205,-1.0,-1.0,-1.0,-1.0
709,front,2,2,soccer+basketball,Y,./stimuli/A_cropped/soccer_basketball_Y/2/front/soccer_0516.jpeg,soccer,annotator2,15,Site0,-1,0.460503714,0.322776248,0.575664419,0.472446478,0.884652981,0.694571333,0.109481916,0.694571333,-1.0,-1.0,-1.0,-1.0
710,front,2,2,soccer+basketball,Y,./stimuli/A_cropped/soccer_basketball_Y/2/front/soccer_0517.jpeg,soccer,annotator2,17,Site0,-1,0.470241894,0.336570138,0.581566513,0.48714619,0.884652981,0.701126738,0.11827957,0.701126738,-1.0,-1.0,-1.0,-1.0
711,left,2,2,soccer+basketball,Y,./stimuli/A_cropped/soccer_basketball_Y/2/left/basketball_0500.jpeg,basketball,annotator2,15,Site0,-1,0.713144509,0.299930604,0.845017759,0.468151065,0.109481916,0.65930128,0.1485826,0.533076877,-1.0,-1.0,-1.0,-1.0
712,left,2,2,soccer+basketball,Y,./stimuli/A_cropped/soccer_basketball_Y/2/left/basketball_0501.jpeg,basketball,annotator2,8,Site0,-1,0.711735882,0.306063211,0.836651215,0.474271224,0.109481916,0.659527615,0.134897361,0.535650641,-1.0,-1.0,-1.0,-1.0
713,left,2,2,soccer+basketball,Y,./stimuli/A_cropped/soccer_basketball_Y/2/left/basketball_0502.jpeg,basketball,annotator2,14,Site0,-1,0.713144509,0.296896771,0.845017759,0.468324135,0.109481916,0.643567006,0.1485826,0.535584985,-1.0,-1.0,-1.0,-1.0
714,left,2,2,soccer+basketball,Y,./stimuli/A_cropped/soccer_basketball_Y/2/left/soccer_0497.jpeg,soccer,annotator2,16,Site0,-1,0.709471769,0.286539012,0.848690499,0.463852066,0.109481916,0.648496155,0.140762463,0.536806739,-1.0,-1.0,-1.0,-1.0
715,left,2,2,soccer+basketball,Y,./stimuli/A_cropped/soccer_basketball_Y/2/left/soccer_0498.jpeg,soccer,annotator2,5,Site0,-1,0.726568306,0.269612723,0.876559749,0.449999642,0.109481916,0.631925013,0.134897361,0.500375855,-1.0,-1.0,-1.0,-1.0
716,left,2,2,soccer+basketball,Y,./stimuli/A_cropped/soccer_basketball_Y/2/left/soccer_0499.jpeg,soccer,annotator2,0,Site0,-1,0.736390344,0.315296109,0.878467916,0.499604044,0.109481916,0.711597542,0.1485826,0.574116743,-1.0,-1.0,-1.0,-1.0
717,right,2,2,soccer+basketball,Y,./stimuli/A_cropped/soccer_basketball_Y/2/right/basketball_0536.jpeg,basketball,annotator2,2,Site0,-1,0.21265575,0.36589524,0.344529,0.540536244,0.89540567,0.623468231,0.884652981,0.739549473,-1.0,-1.0,-1.0,-1.0
718,right,2,2,soccer+basketball,Y,./stimuli/A_cropped/soccer_basketball_Y/2/right/basketball_0537.jpeg,basketball,annotator2,19,Site0,-1,0.210700716,0.368638566,0.342573966,0.543294389,0.89540567,0.627733607,0.866080156,0.747825032,-1.0,-1.0,-1.0,-1.0
719,right,2,2,soccer+basketball,Y,./stimuli/A_cropped/soccer_basketball_Y/2/right/basketball_0538.jpeg,basketball,annotator2,14,Site0,-1,0.19,0.390651643,0.326243624,0.563076608,0.884652981,0.644504399,0.866080156,0.771182796,-1.0,-1.0,-1.0,-1.0
720,right,2,2,soccer+basketball,Y,./stimuli/A_cropped/soccer_basketball_Y/2/right/soccer_0533.jpeg,soccer,annotator2,14,Site0,-1,0.238617602,0.35632576,0.363532935,0.527285266,0.935483871,0.605025554,0.900293255,0.71865976,-1.0,-1.0,-1.0,-1.0
721,right,2,2,soccer+basketball,Y,./stimuli/A_cropped/soccer_basketball_Y/2/right/soccer_0534.jpeg,soccer,annotator2,14,Site0,-1,0.168667481,0.338640891,0.30854073,0.520252789,0.900293255,0.620800776,0.866080156,0.734374155,-1.0,-1.0,-1.0,-1.0
722,right,2,2,soccer+basketball,Y,./stimuli/A_cropped/soccer_basketball_Y/2/right/soccer_0535.jpeg,soccer,annotator2,19,Site0,-1,0.184307754,0.35240696,0.316181004,0.530431453,0.900293255,0.621667802,0.866080156,0.750614875,-1.0,-1.0,-1.0,-1.0
723,front,3,2,soccer+basketball,Y,./stimuli/A_cropped/soccer_basketball_Y/3/front/basketball_0524.jpeg,basketball,annotator2,1,Site0,-1,0.441539749,0.39573102,0.547707563,0.527948486,0.900293255,0.695391942,0.105571848,0.682193661,-1.0,-1.0,-1.0,-1.0
724,front,3,2,soccer+basketball,Y,./stimuli/A_cropped/soccer_basketball_Y/3/front/basketball_0525.jpeg,basketball,annotator2,15,Site0,-1,0.456015734,0.418541651,0.558647022,0.54997167,0.900293255,0.714762915,0.109481916,0.702287061,-1.0,-1.0,-1.0,-1.0
725,front,3,2,soccer+basketball,Y,./stimuli/A_cropped/soccer_basketball_Y/3/front/basketball_0526.jpeg,basketball,annotator2,5,Site0,-1,0.447404851,0.413567455,0.553572666,0.545335138,0.900293255,0.715314674,0.109481916,0.702806768,-1.0,-1.0,-1.0,-1.0
726,front,3,2,soccer+basketball,Y,./stimuli/A_cropped/soccer_basketball_Y/3/front/soccer_0521.jpeg,soccer,annotator2,12,Site0,-1,0.450834055,0.391188627,0.559918633,0.530695154,0.923753666,0.691356637,0.109481916,0.703158368,-1.0,-1.0,-1.0,-1.0
727,front,3,2,soccer+basketball,Y,./stimuli/A_cropped/soccer_basketball_Y/3/front/soccer_0522.jpeg,soccer,annotator2,3,Site0,-1,0.445946469,0.379633512,0.555031048,0.518854792,0.923753666,0.690965372,0.099706745,0.665727658,-1.0,-1.0,-1.0,-1.0
728,front,3,2,soccer+basketball,Y,./stimuli/A_cropped/soccer_basketball_Y/3/front/soccer_0523.jpeg,soccer,annotator2,6,Site0,-1,0.457894524,0.397298527,0.562633335,0.529455179,0.923753666,0.687521526,0.109481916,0.687521526,-1.0,-1.0,-1.0,-1.0
729,left,3,2,soccer+basketball,Y,./stimuli/A_cropped/soccer_basketball_Y/3/left/basketball_0506.jpeg,basketball,annotator2,4,Site0,-1,0.66797923,0.254720652,0.829576977,0.456868876,0.109481916,0.737396363,0.109481916,0.500401686,-1.0,-1.0,-1.0,-1.0
730,left,3,2,soccer+basketball,Y,./stimuli/A_cropped/soccer_basketball_Y/3/left/basketball_0507.jpeg,basketball,annotator2,8,Site0,-1,0.659119626,0.220019976,0.809111068,0.415622729,0.109481916,0.724564731,0.109481916,0.500407558,-1.0,-1.0,-1.0,-1.0
731,left,3,2,soccer+basketball,Y,./stimuli/A_cropped/soccer_basketball_Y/3/left/basketball_0508.jpeg,basketball,annotator2,14,Site0,-1,0.66797923,0.212871594,0.829576977,0.418887441,0.105571848,0.737070164,0.10459433,0.500401134,-1.0,-1.0,-1.0,-1.0
732,left,3,2,soccer+basketball,Y,./stimuli/A_cropped/soccer_basketball_Y/3/left/soccer_0503.jpeg,soccer,annotator2,5,Site0,-1,0.646411903,0.219943662,0.796403346,0.411745981,0.109481916,0.698357377,0.109481916,0.468281756,-1.0,-1.0,-1.0,-1.0
733,left,3,2,soccer+basketball,Y,./stimuli/A_cropped/soccer_basketball_Y/3/left/soccer_0504.jpeg,soccer,annotator2,6,Site0,-1,0.661422966,0.199140232,0.816582899,0.403799651,0.109481916,0.703932237,0.10459433,0.469837837,-1.0,-1.0,-1.0,-1.0
734,left,3,2,soccer+basketball,Y,./stimuli/A_cropped/soccer_basketball_Y/3/left/soccer_0505.jpeg,soccer,annotator2,18,Site0,-1,0.664069162,0.201358483,0.825666908,0.39746639,0.109481916,0.69541111,0.109481916,0.449529581,-1.0,-1.0,-1.0,-1.0
735,right,3,2,soccer+basketball,Y,./stimuli/A_cropped/soccer_basketball_Y/3/right/basketball_0542.jpeg,basketball,annotator2,14,Site0,-1,0.18508578,0.260515662,0.34,0.448777473,0.942326491,0.500414112,0.671554252,0.744740395,-1.0,-1.0,-1.0,-1.0
736,right,3,2,soccer+basketball,Y,./stimuli/A_cropped/soccer_basketball_Y/3/right/basketball_0543.jpeg,basketball,annotator2,14,Site0,-1,0.194845867,0.315538272,0.336923439,0.500095844,0.935483871,0.567990134,0.671554252,0.801575869,-1.0,-1.0,-1.0,-1.0
737,right,3,2,soccer+basketball,Y,./stimuli/A_cropped/soccer_basketball_Y/3/right/basketball_0544.jpeg,basketball,annotator2,18,Site0,-1,0.212394308,0.300661032,0.362385751,0.479844484,0.942326491,0.540092166,0.671554252,0.775785505,-1.0,-1.0,-1.0,-1.0
738,right,3,2,soccer+basketball,Y,./stimuli/A_cropped/soccer_basketball_Y/3/right/soccer_0539.jpeg,soccer,annotator2,9,Site0,-1,0.229273541,0.295021569,0.361146791,0.467575789,0.923753666,0.532577334,0.671554252,0.770728881,-1.0,-1.0,-1.0,-1.0
739,right,3,2,soccer+basketball,Y,./stimuli/A_cropped/soccer_basketball_Y/3/right/soccer_0540.jpeg,soccer,annotator2,8,Site0,-1,0.213418692,0.292737298,0.355496264,0.475944366,0.923753666,0.539896368,0.671554252,0.791364385,-1.0,-1.0,-1.0,-1.0
740,right,3,2,soccer+basketball,Y,./stimuli/A_cropped/soccer_basketball_Y/3/right/soccer_0541.jpeg,soccer,annotator2,7,Site0,-1,0.201688487,0.306394544,0.343766059,0.490191845,0.923753666,0.557035581,0.671554252,0.788368708,-1.0,-1.0,-1.0,-1.0
741,front,1,2,soccer+coffee,Y,./stimuli/A_cropped/soccer_coffee_Y/1/front/IMG_0456.jpeg,soccer,annotator2,11,Site0,-1,0.362798249,0.192586055,0.552144874,0.42715979,0.664038264,0.811339198,0.31072508,0.884652981,-1.0,-1.0,-1.0,-1.0
742,front,1,2,soccer+coffee,Y,./stimuli/A_cropped/soccer_coffee_Y/1/front/IMG_0457.jpeg,soccer,annotator2,10,Site0,-1,0.407964056,0.206290808,0.593013461,0.430407064,0.721407625,0.796525516,0.359726295,0.873108484,-1.0,-1.0,-1.0,-1.0
743,front,1,2,soccer+coffee,Y,./stimuli/A_cropped/soccer_coffee_Y/1/front/IMG_0458.jpeg,soccer,annotator2,10,Site0,-1,0.450914718,0.167039142,0.642918011,0.409695951,0.780076478,0.788856305,0.363989934,0.884652981,-1.0,-1.0,-1.0,-1.0
744,front,1,2,soccer+coffee,Y,./stimuli/A_cropped/soccer_coffee_Y/1/front/IMG_0459.jpeg,coffee,annotator2,1,Site0,-1,0.412250006,0.202049121,0.588727511,0.419711606,0.721407625,0.782961278,0.359726295,0.858609133,-1.0,-1.0,-1.0,-1.0
745,front,1,2,soccer+coffee,Y,./stimuli/A_cropped/soccer_coffee_Y/1/front/IMG_0460.jpeg,coffee,annotator2,16,Site0,-1,0.380973689,0.19725859,0.568050696,0.422487256,0.717848619,0.788856305,0.337936016,0.884652981,-1.0,-1.0,-1.0,-1.0
746,front,1,2,soccer+coffee,Y,./stimuli/A_cropped/soccer_coffee_Y/1/front/IMG_0461.jpeg,coffee,annotator2,13,Site0,-1,0.405823591,0.18769847,0.595110806,0.422272205,0.757426564,0.832844575,0.342553989,0.900293255,-1.0,-1.0,-1.0,-1.0
747,left,1,2,soccer+coffee,Y,./stimuli/A_cropped/soccer_coffee_Y/1/left/IMG_0438.jpeg,soccer,annotator2,14,Site0,-1,0.816906317,0.301469002,0.923074132,0.441199619,0.405669599,0.570747801,0.440860215,0.545087977,-1.0,-1.0,-1.0,-1.0
748,left,1,2,soccer+coffee,Y,./stimuli/A_cropped/soccer_coffee_Y/1/left/IMG_0439.jpeg,soccer,annotator2,13,Site0,-1,0.812996249,0.319192161,0.919164064,0.45426825,0.405669599,0.576612903,0.450635386,0.552419355,-1.0,-1.0,-1.0,-1.0
749,left,1,2,soccer+coffee,Y,./stimuli/A_cropped/soccer_coffee_Y/1/left/IMG_0440.jpeg,soccer,annotator2,13,Site0,-1,0.800288527,0.31850935,0.906456341,0.449085958,0.405669599,0.576612903,0.450635386,0.545087977,-1.0,-1.0,-1.0,-1.0
750,left,1,2,soccer+coffee,Y,./stimuli/A_cropped/soccer_coffee_Y/1/left/IMG_0441.jpeg,coffee,annotator2,0,Site0,-1,0.701214812,0.311322726,0.862812558,0.507764094,0.099706745,0.705062224,0.1485826,0.655945524,-1.0,-1.0,-1.0,-1.0
751,left,1,2,soccer+coffee,Y,./stimuli/A_cropped/soccer_coffee_Y/1/left/IMG_0442.jpeg,coffee,annotator2,10,Site0,-1,0.713922534,0.268277764,0.875520281,0.475685311,0.099706745,0.673248961,0.165200391,0.64174915,-1.0,-1.0,-1.0,-1.0
752,left,1,2,soccer+coffee,Y,./stimuli/A_cropped/soccer_coffee_Y/1/left/IMG_0443.jpeg,coffee,annotator2,12,Site0,-1,0.704433719,0.283334263,0.859593651,0.479614515,0.105571848,0.679439702,0.172043011,0.628800277,-1.0,-1.0,-1.0,-1.0
753,right,1,2,soccer+coffee,Y,./stimuli/A_cropped/soccer_coffee_Y/1/right/IMG_0474.jpeg,soccer,annotator2,12,Site0,-1,0.174215536,0.30483747,0.310632949,0.480327905,0.923753666,0.590124123,0.832844575,0.669938844,-1.0,-1.0,-1.0,-1.0
754,right,1,2,soccer+coffee,Y,./stimuli/A_cropped/soccer_coffee_Y/1/right/IMG_0475.jpeg,soccer,annotator2,6,Site0,-1,0.175248658,0.314994934,0.312,0.48972279,0.923753666,0.59219773,0.832844575,0.684055247,-1.0,-1.0,-1.0,-1.0
755,right,1,2,soccer+coffee,Y,./stimuli/A_cropped/soccer_coffee_Y/1/right/IMG_0476.jpeg,soccer,annotator2,6,Site0,-1,0.155723838,0.284542124,0.295889065,0.465585897,0.913000978,0.561044673,0.832844575,0.658463116,-1.0,-1.0,-1.0,-1.0
756,right,1,2,soccer+coffee,Y,./stimuli/A_cropped/soccer_coffee_Y/1/right/IMG_0477.jpeg,coffee,annotator2,6,Site0,-1,0.136147974,0.316651811,0.286139416,0.498789989,0.923753666,0.5922791,0.832844575,0.687622819,-1.0,-1.0,-1.0,-1.0
757,right,1,2,soccer+coffee,Y,./stimuli/A_cropped/soccer_coffee_Y/1/right/IMG_0478.jpeg,coffee,annotator2,10,Site0,-1,0.142990593,0.289430904,0.292982036,0.47062261,0.923753666,0.566159387,0.845552297,0.661758119,-1.0,-1.0,-1.0,-1.0
758,right,1,2,soccer+coffee,Y,./stimuli/A_cropped/soccer_coffee_Y/1/right/IMG_0479.jpeg,coffee,annotator2,4,Site0,-1,0.138103008,0.307628274,0.288094451,0.491928709,0.942326491,0.589049275,0.845552297,0.681055905,-1.0,-1.0,-1.0,-1.0
759,front,2,2,soccer+coffee,Y,./stimuli/A_cropped/soccer_coffee_Y/2/front/IMG_0462.jpeg,soccer,annotator2,5,Site0,-1,0.397943427,0.297421328,0.554158235,0.48953387,0.866080156,0.743068491,0.105571848,0.854937576,-1.0,-1.0,-1.0,-1.0
760,front,2,2,soccer+coffee,Y,./stimuli/A_cropped/soccer_coffee_Y/2/front/IMG_0463.jpeg,soccer,annotator2,7,Site0,-1,0.445043379,0.299408484,0.595034822,0.482097553,0.884652981,0.724965038,0.165200391,0.804140551,-1.0,-1.0,-1.0,-1.0
761,front,2,2,soccer+coffee,Y,./stimuli/A_cropped/soccer_coffee_Y/2/front/IMG_0464.jpeg,soccer,annotator2,4,Site0,-1,0.422908792,0.295251758,0.578068725,0.485172073,0.884652981,0.742910918,0.1485826,0.805646966,-1.0,-1.0,-1.0,-1.0
762,front,2,2,soccer+coffee,Y,./stimuli/A_cropped/soccer_coffee_Y/2/front/IMG_0465.jpeg,coffee,annotator2,0,Site0,-1,0.422908792,0.279479542,0.578068725,0.472159501,0.884652981,0.721724057,0.11827957,0.799758919,-1.0,-1.0,-1.0,-1.0
763,front,2,2,soccer+coffee,Y,./stimuli/A_cropped/soccer_coffee_Y/2/front/IMG_0466.jpeg,coffee,annotator2,17,Site0,-1,0.419689885,0.266591221,0.581287632,0.461531352,0.884652981,0.715388149,0.11827957,0.791193116,-1.0,-1.0,-1.0,-1.0
764,front,2,2,soccer+coffee,Y,./stimuli/A_cropped/soccer_coffee_Y/2/front/IMG_0467.jpeg,coffee,annotator2,11,Site0,-1,0.40795968,0.267389093,0.569557426,0.464720281,0.866080156,0.734901127,0.109481916,0.797700413,-1.0,-1.0,-1.0,-1.0
765,left,2,2,soccer+coffee,Y,./stimuli/A_cropped/soccer_coffee_Y/2/left/IMG_0444.jpeg,soccer,annotator2,16,Site0,-1,0.724507938,0.313232454,0.878620117,0.509072309,0.099706745,0.725360268,0.172043011,0.633843408,-1.0,-1.0,-1.0,-1.0
766,left,2,2,soccer+coffee,Y,./stimuli/A_cropped/soccer_coffee_Y/2/left/IMG_0445.jpeg,soccer,annotator2,1,Site0,-1,0.717141441,0.309714345,0.872301374,0.504341829,0.105571848,0.712148264,0.188660802,0.625996685,-1.0,-1.0,-1.0,-1.0
767,left,2,2,soccer+coffee,Y,./stimuli/A_cropped/soccer_coffee_Y/2/left/IMG_0446.jpeg,soccer,annotator2,8,Site0,-1,0.72168072,0.293220653,0.871672163,0.491308615,0.109481916,0.706836888,0.188660802,0.610738443,-1.0,-1.0,-1.0,-1.0
768,left,2,2,soccer+coffee,Y,./stimuli/A_cropped/soccer_coffee_Y/2/left/IMG_0447.jpeg,coffee,annotator2,0,Site0,-1,0.716793135,0.271622232,0.866784578,0.464601285,0.109481916,0.692008238,0.203323558,0.587549744,-1.0,-1.0,-1.0,-1.0
769,left,2,2,soccer+coffee,Y,./stimuli/A_cropped/soccer_coffee_Y/2/left/IMG_0448.jpeg,coffee,annotator2,1,Site0,-1,0.699244694,0.330380675,0.841322266,0.508329002,0.105571848,0.711827957,0.188660802,0.627956989,-1.0,-1.0,-1.0,-1.0
770,left,2,2,soccer+coffee,Y,./stimuli/A_cropped/soccer_coffee_Y/2/left/IMG_0449.jpeg,coffee,annotator2,19,Site0,-1,0.705109797,0.290264432,0.847187368,0.476049669,0.105571848,0.699320326,0.188660802,0.59803232,-1.0,-1.0,-1.0,-1.0
771,right,2,2,soccer+coffee,Y,./stimuli/A_cropped/soccer_coffee_Y/2/right/IMG_0480.jpeg,soccer,annotator2,3,Site0,-1,0.19603796,0.308385741,0.327911209,0.504923282,0.923753666,0.593345489,0.764418377,0.759871238,-1.0,-1.0,-1.0,-1.0
772,right,2,2,soccer+coffee,Y,./stimuli/A_cropped/soccer_coffee_Y/2/right/IMG_0481.jpeg,soccer,annotator2,10,Site0,-1,0.184307754,0.397455675,0.319,0.563677323,0.923753666,0.675694712,0.744868035,0.824817086,-1.0,-1.0,-1.0,-1.0
773,right,2,2,soccer+coffee,Y,./stimuli/A_cropped/soccer_coffee_Y/2/right/IMG_0482.jpeg,soccer,annotator2,19,Site0,-1,0.182035673,0.357188152,0.318453085,0.525252263,0.935483871,0.629759165,0.764418377,0.79094149,-1.0,-1.0,-1.0,-1.0
774,right,2,2,soccer+coffee,Y,./stimuli/A_cropped/soccer_coffee_Y/2/right/IMG_0483.jpeg,coffee,annotator2,10,Site0,-1,0.193105408,0.349708809,0.324978658,0.51881473,0.935483871,0.61955502,0.769305963,0.772149462,-1.0,-1.0,-1.0,-1.0
775,right,2,2,soccer+coffee,Y,./stimuli/A_cropped/soccer_coffee_Y/2/right/IMG_0484.jpeg,coffee,annotator2,17,Site0,-1,0.21,0.353421305,0.325266107,0.5229608,0.935483871,0.61986155,0.769305963,0.77967695,-1.0,-1.0,-1.0,-1.0
776,right,2,2,soccer+coffee,Y,./stimuli/A_cropped/soccer_coffee_Y/2/right/IMG_0485.jpeg,coffee,annotator2,10,Site0,-1,0.194082925,0.371167583,0.325956175,0.536949635,0.923753666,0.638515021,0.749755621,0.798100906,-1.0,-1.0,-1.0,-1.0
777,front,3,2,soccer+coffee,Y,./stimuli/A_cropped/soccer_coffee_Y/3/front/IMG_0468.jpeg,soccer,annotator2,4,Site0,-1,0.459489206,0.397835783,0.570813824,0.541639137,0.900293255,0.677080803,0.10459433,0.739403657,-1.0,-1.0,-1.0,-1.0
778,front,3,2,soccer+coffee,Y,./stimuli/A_cropped/soccer_coffee_Y/3/front/IMG_0469.jpeg,soccer,annotator2,6,Site0,-1,0.462458748,0.389543882,0.577619453,0.531159129,0.923753666,0.681698497,0.10459433,0.727907533,-1.0,-1.0,-1.0,-1.0
779,front,3,2,soccer+coffee,Y,./stimuli/A_cropped/soccer_coffee_Y/3/front/IMG_0470.jpeg,soccer,annotator2,4,Site0,-1,0.471361914,0.408367458,0.580446492,0.546192847,0.923753666,0.713330518,0.109481916,0.735755303,-1.0,-1.0,-1.0,-1.0
780,front,3,2,soccer+coffee,Y,./stimuli/A_cropped/soccer_coffee_Y/3/front/IMG_0471.jpeg,coffee,annotator2,14,Site0,-1,0.463541777,0.392075518,0.572626356,0.532622653,0.923753666,0.692784006,0.10459433,0.726188577,-1.0,-1.0,-1.0,-1.0
781,front,3,2,soccer+coffee,Y,./stimuli/A_cropped/soccer_coffee_Y/3/front/IMG_0472.jpeg,coffee,annotator2,4,Site0,-1,0.463541777,0.382079326,0.572626356,0.520414781,0.923753666,0.683429594,0.109481916,0.715213283,-1.0,-1.0,-1.0,-1.0
782,front,3,2,soccer+coffee,Y,./stimuli/A_cropped/soccer_coffee_Y/3/front/IMG_0473.jpeg,coffee,annotator2,18,Site0,-1,0.460609226,0.378700252,0.569693804,0.515993638,0.923753666,0.661232929,0.105571848,0.714704426,-1.0,-1.0,-1.0,-1.0
783,left,3,2,soccer+coffee,Y,./stimuli/A_cropped/soccer_coffee_Y/3/left/IMG_0450.jpeg,soccer,annotator2,15,Site0,-1,0.608637043,0.223992454,0.763796975,0.425667239,0.1485826,0.742579806,0.172043011,0.54130028,-1.0,-1.0,-1.0,-1.0
784,left,3,2,soccer+coffee,Y,./stimuli/A_cropped/soccer_coffee_Y/3/left/IMG_0451.jpeg,soccer,annotator2,17,Site0,-1,0.569995901,0.316222025,0.694911235,0.481612186,0.188660802,0.747883779,0.211143695,0.568367269,-1.0,-1.0,-1.0,-1.0
785,left,3,2,soccer+coffee,Y,./stimuli/A_cropped/soccer_coffee_Y/3/left/IMG_0452.jpeg,soccer,annotator2,17,Site0,-1,0.578247148,0.28270768,0.710120398,0.453713433,0.188660802,0.74113796,0.211143695,0.540393668,-1.0,-1.0,-1.0,-1.0
786,left,3,2,soccer+coffee,Y,./stimuli/A_cropped/soccer_coffee_Y/3/left/IMG_0453.jpeg,coffee,annotator2,8,Site0,-1,0.595411346,0.254463971,0.720326679,0.420775298,0.188660802,0.715523031,0.219941349,0.520666592,-1.0,-1.0,-1.0,-1.0
787,left,3,2,soccer+coffee,Y,./stimuli/A_cropped/soccer_coffee_Y/3/left/IMG_0454.jpeg,coffee,annotator2,16,Site0,-1,0.575,0.291339351,0.69003392,0.45,0.219941349,0.728546637,0.230694037,0.547565544,-1.0,-1.0,-1.0,-1.0
788,left,3,2,soccer+coffee,Y,./stimuli/A_cropped/soccer_coffee_Y/3/left/IMG_0455.jpeg,coffee,annotator2,3,Site0,-1,0.562165493,0.316345992,0.677326198,0.473273054,0.188660802,0.740029235,0.230694037,0.566200956,-1.0,-1.0,-1.0,-1.0
789,right,3,2,soccer+coffee,Y,./stimuli/A_cropped/soccer_coffee_Y/3/right/IMG_0486.jpeg,soccer,annotator2,5,Site0,-1,0.233532849,0.279789106,0.367,0.456227281,0.923753666,0.500398767,0.579667644,0.818614664,-1.0,-1.0,-1.0,-1.0
790,right,3,2,soccer+coffee,Y,./stimuli/A_cropped/soccer_coffee_Y/3/right/IMG_0487.jpeg,soccer,annotator2,16,Site0,-1,0.213418692,0.270027066,0.355496264,0.450188771,0.923753666,0.500396295,0.579667644,0.816639585,-1.0,-1.0,-1.0,-1.0
791,right,3,2,soccer+coffee,Y,./stimuli/A_cropped/soccer_coffee_Y/3/right/IMG_0488.jpeg,soccer,annotator2,9,Site0,-1,0.201688487,0.270187875,0.343766059,0.453826462,0.913000978,0.500393142,0.579667644,0.821983274,-1.0,-1.0,-1.0,-1.0
792,right,3,2,soccer+coffee,Y,./stimuli/A_cropped/soccer_coffee_Y/3/right/IMG_0489.jpeg,coffee,annotator2,2,Site0,-1,0.175248658,0.257027278,0.325240101,0.442583313,0.923753666,0.500402667,0.565004888,0.821730748,-1.0,-1.0,-1.0,-1.0
793,right,3,2,soccer+coffee,Y,./stimuli/A_cropped/soccer_coffee_Y/3/right/IMG_0490.jpeg,coffee,annotator2,9,Site0,-1,0.213418692,0.293076886,0.355496264,0.473221995,0.923753666,0.535421598,0.579667644,0.851365968,-1.0,-1.0,-1.0,-1.0
794,right,3,2,soccer+coffee,Y,./stimuli/A_cropped/soccer_coffee_Y/3/right/IMG_0491.jpeg,coffee,annotator2,16,Site0,-1,0.191474201,0.277554818,0.343,0.463854969,0.923753666,0.520772001,0.579667644,0.838710787,-1.0,-1.0,-1.0,-1.0
795,front,1,2,soccer+doll,X,./stimuli/A_cropped/soccer_doll_X/1/front/doll_0116.JPG,doll,annotator2,8,Site0,-1,0.354980839,0.201868545,0.526739591,0.423219891,0.769305963,0.787756798,0.405669599,0.787756798,-1.0,-1.0,-1.0,-1.0
796,front,1,2,soccer+doll,X,./stimuli/A_cropped/soccer_doll_X/1/front/doll_0117.JPG,doll,annotator2,4,Site0,-1,0.37081403,0.198530889,0.532411776,0.418095779,0.769305963,0.770374271,0.407624633,0.752074828,-1.0,-1.0,-1.0,-1.0
797,front,1,2,soccer+doll,X,./stimuli/A_cropped/soccer_doll_X/1/front/soccer_0114.JPG,soccer,annotator2,2,Site0,-1,0.394081523,0.209578347,0.565840276,0.43727686,0.788856305,0.771050094,0.440860215,0.771050094,-1.0,-1.0,-1.0,-1.0
798,front,1,2,soccer+doll,X,./stimuli/A_cropped/soccer_doll_X/1/front/soccer_0115.JPG,soccer,annotator2,10,Site0,-1,0.396609732,0.19801428,0.573087237,0.441954083,0.810361681,0.780710683,0.440860215,0.780710683,-1.0,-1.0,-1.0,-1.0
799,left,1,2,soccer+doll,X,./stimuli/A_cropped/soccer_doll_X/1/left/doll_0108.JPG,doll,annotator2,18,Site0,-1,0.68850709,0.268194862,0.850104836,0.498889436,0.109481916,0.776333786,0.188660802,0.609965427,-1.0,-1.0,-1.0,-1.0
800,left,1,2,soccer+doll,X,./stimuli/A_cropped/soccer_doll_X/1/left/doll_0109.JPG,doll,annotator2,17,Site0,-1,0.664007211,0.279438809,0.813998654,0.492221537,0.105571848,0.770904711,0.165200391,0.607804958,-1.0,-1.0,-1.0,-1.0
801,left,1,2,soccer+doll,X,./stimuli/A_cropped/soccer_doll_X/1/left/doll_0112.JPG,doll,annotator2,7,Site0,-1,0.674759899,0.236953799,0.824751342,0.464468268,0.099706745,0.782187157,0.188660802,0.585497835,-1.0,-1.0,-1.0,-1.0
802,left,1,2,soccer+doll,X,./stimuli/A_cropped/soccer_doll_X/1/left/doll_0113.JPG,doll,annotator2,19,Site0,-1,0.664007211,0.251757716,0.813998654,0.469770368,0.105571848,0.786802273,0.188660802,0.576559943,-1.0,-1.0,-1.0,-1.0
803,left,1,2,soccer+doll,X,./stimuli/A_cropped/soccer_doll_X/1/left/soccer_0106.JPG,soccer,annotator2,4,Site0,-1,0.67893141,0.298998287,0.81080466,0.510454971,0.105571848,0.785820113,0.188660802,0.607133127,-1.0,-1.0,-1.0,-1.0
804,left,1,2,soccer+doll,X,./stimuli/A_cropped/soccer_doll_X/1/left/soccer_0107.JPG,soccer,annotator2,18,Site0,-1,0.664069162,0.27185945,0.825666908,0.488349211,0.105571848,0.757567669,0.188660802,0.60249756,-1.0,-1.0,-1.0,-1.0
805,left,1,2,soccer+doll,X,./stimuli/A_cropped/soccer_doll_X/1/left/soccer_0110.JPG,soccer,annotator2,18,Site0,-1,0.68106721,0.237715608,0.857544716,0.464232557,0.105571848,0.791993871,0.188660802,0.609447218,-1.0,-1.0,-1.0,-1.0
806,left,1,2,soccer+doll,X,./stimuli/A_cropped/soccer_doll_X/1/left/soccer_0111.JPG,soccer,annotator2,2,Site0,-1,0.68850709,0.252561575,0.850104836,0.471527329,0.109481916,0.778776641,0.188660802,0.579007183,-1.0,-1.0,-1.0,-1.0
807,right,1,2,soccer+doll,X,./stimuli/A_cropped/soccer_doll_X/1/right/doll_0120.JPG,doll,annotator2,11,Site0,-1,0.237629814,0.306383938,0.352790519,0.48924444,0.900293255,0.602185811,0.788856305,0.710424439,-1.0,-1.0,-1.0,-1.0
808,right,1,2,soccer+doll,X,./stimuli/A_cropped/soccer_doll_X/1/right/doll_0121.JPG,doll,annotator2,8,Site0,-1,0.190670415,0.232184258,0.378244541,0.487515656,0.921798631,0.598651069,0.811339198,0.715139417,-1.0,-1.0,-1.0,-1.0
809,right,1,2,soccer+doll,X,./stimuli/A_cropped/soccer_doll_X/1/right/soccer_0118.JPG,soccer,annotator2,7,Site0,-1,0.242709319,0.310813099,0.359441219,0.479307875,0.902248289,0.599089226,0.811339198,0.701469239,-1.0,-1.0,-1.0,-1.0
810,right,1,2,soccer+doll,X,./stimuli/A_cropped/soccer_doll_X/1/right/soccer_0119.JPG,soccer,annotator2,12,Site0,-1,0.198578102,0.223588974,0.370336854,0.457222941,0.900293255,0.578115117,0.788856305,0.687252027,-1.0,-1.0,-1.0,-1.0
811,front,2,2,soccer+doll,X,./stimuli/A_cropped/soccer_doll_X/2/front/doll_0128.JPG,doll,annotator2,14,Site0,-1,0.383521752,0.204204157,0.545119499,0.427557176,0.810361681,0.750148336,0.188660802,0.750148336,-1.0,-1.0,-1.0,-1.0
812,front,2,2,soccer+doll,X,./stimuli/A_cropped/soccer_doll_X/2/front/doll_0129.JPG,doll,annotator2,6,Site0,-1,0.362992486,0.211835522,0.538278286,0.44362086,0.832844575,0.817932526,0.1485826,0.812330191,-1.0,-1.0,-1.0,-1.0
813,front,2,2,soccer+doll,X,./stimuli/A_cropped/soccer_doll_X/2/front/soccer_0126.JPG,soccer,annotator2,18,Site0,-1,0.394149578,0.24166571,0.557952083,0.456554936,0.810361681,0.804913562,0.188660802,0.799540635,-1.0,-1.0,-1.0,-1.0
814,front,2,2,soccer+doll,X,./stimuli/A_cropped/soccer_doll_X/2/front/soccer_0127.JPG,soccer,annotator2,12,Site0,-1,0.400526546,0.205455656,0.571125458,0.43139135,0.832844575,0.768951653,0.188660802,0.768951653,-1.0,-1.0,-1.0,-1.0
815,left,2,2,soccer+doll,X,./stimuli/A_cropped/soccer_doll_X/2/left/doll_0124.JPG,doll,annotator2,13,Site0,-1,0.651129821,0.270197577,0.776045154,0.46821739,0.109481916,0.776851037,0.219941349,0.500412595,-1.0,-1.0,-1.0,-1.0
816,left,2,2,soccer+doll,X,./stimuli/A_cropped/soccer_doll_X/2/left/doll_0125.JPG,doll,annotator2,15,Site0,-1,0.647219753,0.241522825,0.772135086,0.444175994,0.109481916,0.741236361,0.219941349,0.500408183,-1.0,-1.0,-1.0,-1.0
817,left,2,2,soccer+doll,X,./stimuli/A_cropped/soccer_doll_X/2/left/soccer_0122.JPG,soccer,annotator2,3,Site0,-1,0.664069162,0.234441972,0.825666908,0.478351126,0.105571848,0.790189763,0.188660802,0.500426123,-1.0,-1.0,-1.0,-1.0
818,left,2,2,soccer+doll,X,./stimuli/A_cropped/soccer_doll_X/2/left/soccer_0123.JPG,soccer,annotator2,0,Site0,-1,0.664069162,0.226592997,0.825666908,0.43890055,0.105571848,0.747068439,0.188660802,0.5004484,-1.0,-1.0,-1.0,-1.0
819,right,2,2,soccer+doll,X,./stimuli/A_cropped/soccer_doll_X/2/right/doll_0133.JPG,doll,annotator2,15,Site0,-1,0.169445506,0.221783126,0.331043252,0.442432594,0.884652981,0.55898913,0.671554252,0.798245743,-1.0,-1.0,-1.0,-1.0
820,right,2,2,soccer+doll,X,./stimuli/A_cropped/soccer_doll_X/2/right/doll_0134.JPG,doll,annotator2,15,Site0,-1,0.175248658,0.204887288,0.325240101,0.433219519,0.866080156,0.538679002,0.671554252,0.762750463,-1.0,-1.0,-1.0,-1.0
821,right,2,2,soccer+doll,X,./stimuli/A_cropped/soccer_doll_X/2/right/soccer_0131.JPG,soccer,annotator2,6,Site0,-1,0.155177732,0.249688048,0.324,0.439250257,0.884652981,0.551287652,0.671554252,0.801471321,-1.0,-1.0,-1.0,-1.0
822,right,2,2,soccer+doll,X,./stimuli/A_cropped/soccer_doll_X/2/right/soccer_0132.JPG,soccer,annotator2,1,Site0,-1,0.147675365,0.219418238,0.313712709,0.411993999,0.884652981,0.536357296,0.671554252,0.746978875,-1.0,-1.0,-1.0,-1.0
823,front,3,2,soccer+doll,X,./stimuli/A_cropped/soccer_doll_X/3/front/doll_0141.JPG,doll,annotator2,-1,Site0,-1,0.430600289,0.358379198,0.533231578,0.496995227,0.884652981,0.665007172,0.1485826,0.665007172,-1.0,-1.0,-1.0,-1.0
824,front,3,2,soccer+doll,X,./stimuli/A_cropped/soccer_doll_X/3/front/doll_0142.JPG,doll,annotator2,3,Site0,-1,0.400875171,0.364975838,0.516035875,0.509644572,0.884652981,0.702707611,0.109481916,0.688069385,-1.0,-1.0,-1.0,-1.0
825,front,3,2,soccer+doll,X,./stimuli/A_cropped/soccer_doll_X/3/front/soccer_0139.JPG,soccer,annotator2,9,Site0,-1,0.442254251,0.346875208,0.546993061,0.477639524,0.900293255,0.680682566,0.109481916,0.680682566,-1.0,-1.0,-1.0,-1.0
826,front,3,2,soccer+doll,X,./stimuli/A_cropped/soccer_doll_X/3/front/soccer_0140.JPG,soccer,annotator2,19,Site0,-1,0.434216264,0.345318651,0.543300842,0.488519672,0.884652981,0.681183674,0.109481916,0.681183674,-1.0,-1.0,-1.0,-1.0
827,left,3,2,soccer+doll,X,./stimuli/A_cropped/soccer_doll_X/3/left/doll_0137.JPG,doll,annotator2,3,Site0,-1,0.606700638,0.206650581,0.738320723,0.395499957,0.347411813,0.890518084,0.211576631,0.42228739,-1.0,-1.0,-1.0,-1.0
828,left,3,2,soccer+doll,X,./stimuli/A_cropped/soccer_doll_X/3/left/doll_0138.JPG,doll,annotator2,13,Site0,-1,0.618763694,0.172730908,0.751027677,0.359038398,0.354755604,0.866080156,0.204770292,0.407624633,-1.0,-1.0,-1.0,-1.0
829,left,3,2,soccer+doll,X,./stimuli/A_cropped/soccer_doll_X/3/left/soccer_0135.JPG,soccer,annotator2,16,Site0,-1,0.656148006,0.192787284,0.819825211,0.397633049,0.369900654,0.866080156,0.211242915,0.440860215,-1.0,-1.0,-1.0,-1.0
830,left,3,2,soccer+doll,X,./stimuli/A_cropped/soccer_doll_X/3/left/soccer_0136.JPG,soccer,annotator2,17,Site0,-1,0.630757727,0.189568849,0.805539075,0.393031346,0.346521897,0.866080156,0.209894506,0.403714565,-1.0,-1.0,-1.0,-1.0
831,right,3,2,soccer+doll,X,./stimuli/A_cropped/soccer_doll_X/3/right/doll_0145.JPG,doll,annotator2,-1,Site0,-1,0.174387205,0.161628713,0.338509285,0.383825833,0.8750983,0.467253177,0.363210658,0.866080156,-1.0,-1.0,-1.0,-1.0
832,right,3,2,soccer+doll,X,./stimuli/A_cropped/soccer_doll_X/3/right/doll_0146.JPG,doll,annotator2,5,Site0,-1,0.177000878,0.153983169,0.343038223,0.378748783,0.884652981,0.467320502,0.405669599,0.865327525,-1.0,-1.0,-1.0,-1.0
833,right,3,2,soccer+doll,X,./stimuli/A_cropped/soccer_doll_X/3/right/soccer_0143.JPG,soccer,annotator2,15,Site0,-1,0.239699906,0.172730908,0.352274315,0.359038398,0.857858675,0.458455523,0.362876583,0.853372434,-1.0,-1.0,-1.0,-1.0
834,right,3,2,soccer+doll,X,./stimuli/A_cropped/soccer_doll_X/3/right/soccer_0144.JPG,soccer,annotator2,15,Site0,-1,0.251278697,0.197406407,0.365557834,0.371508549,0.881708418,0.467253177,0.360800107,0.866080156,-1.0,-1.0,-1.0,-1.0
835,front,1,2,white eraser+pen,X,./stimuli/A_cropped/white_pen_X/1/front/IMG_9927.JPG,white eraser,annotator2,18,Site0,-1,0.363344654,0.174761988,0.555872002,0.448893926,0.586010502,0.890518084,0.424443813,0.900293255,-1.0,-1.0,-1.0,-1.0
836,front,1,2,white eraser+pen,X,./stimuli/A_cropped/white_pen_X/1/front/IMG_9928.JPG,white eraser,annotator2,0,Site0,-1,0.368242075,0.183728959,0.566264279,0.458975453,0.602150538,0.909098606,0.442815249,0.919749694,-1.0,-1.0,-1.0,-1.0
837,front,1,2,white eraser+pen,X,./stimuli/A_cropped/white_pen_X/1/front/IMG_9929.JPG,pen,annotator2,16,Site0,-1,0.412250006,0.228882149,0.588727511,0.480385947,0.632453568,0.890343327,0.481915934,0.893202985,-1.0,-1.0,-1.0,-1.0
838,front,1,2,white eraser+pen,X,./stimuli/A_cropped/white_pen_X/1/front/IMG_9930.JPG,pen,annotator2,6,Site0,-1,0.406701695,0.218795921,0.594275822,0.468254381,0.640273705,0.887168886,0.500488759,0.887168886,-1.0,-1.0,-1.0,-1.0
839,left,1,2,white eraser+pen,X,./stimuli/A_cropped/white_pen_X/1/left/9923_white.JPG,white eraser,annotator2,15,Site0,-1,0.597992981,0.254356025,0.788126276,0.517489721,0.1485826,0.844757074,0.188660802,0.809397374,-1.0,-1.0,-1.0,-1.0
840,left,1,2,white eraser+pen,X,./stimuli/A_cropped/white_pen_X/1/left/9924_white.JPG,white eraser,annotator2,19,Site0,-1,0.568276861,0.292265656,0.753326267,0.543167915,0.11827957,0.863250289,0.188660802,0.820703846,-1.0,-1.0,-1.0,-1.0
841,left,1,2,white eraser+pen,X,./stimuli/A_cropped/white_pen_X/1/left/9925_pen.JPG,pen,annotator2,11,Site0,-1,0.581503526,0.254725426,0.761604978,0.520766961,0.134897361,0.850016481,0.1485826,0.810251295,-1.0,-1.0,-1.0,-1.0
842,left,1,2,white eraser+pen,X,./stimuli/A_cropped/white_pen_X/1/left/9926_pen.JPG,pen,annotator2,8,Site0,-1,0.579420156,0.255474592,0.769553451,0.506282766,0.1485826,0.826649754,0.1485826,0.79012475,-1.0,-1.0,-1.0,-1.0
843,right,1,2,white eraser+pen,X,./stimuli/A_cropped/white_pen_X/1/right/IMG_9931.JPG,white eraser,annotator2,13,Site0,-1,0.11033816,0.258167233,0.329544538,0.489835244,0.849462366,0.724339258,0.853372434,0.774387547,-1.0,-1.0,-1.0,-1.0
844,right,1,2,white eraser+pen,X,./stimuli/A_cropped/white_pen_X/1/right/IMG_9932.JPG,white eraser,annotator2,7,Site0,-1,0.103745908,0.257797178,0.318541482,0.491458309,0.832844575,0.734581539,0.853372434,0.778265252,-1.0,-1.0,-1.0,-1.0
845,right,1,2,white eraser+pen,X,./stimuli/A_cropped/white_pen_X/1/right/IMG_9933.JPG,pen,annotator2,2,Site0,-1,0.131682935,0.276512198,0.329705139,0.495258252,0.866080156,0.742769271,0.853372434,0.791235005,-1.0,-1.0,-1.0,-1.0
846,right,1,2,white eraser+pen,X,./stimuli/A_cropped/white_pen_X/1/right/IMG_9934.JPG,pen,annotator2,4,Site0,-1,0.120930247,0.284259095,0.318952451,0.510479702,0.853372434,0.754153893,0.832844575,0.79996326,-1.0,-1.0,-1.0,-1.0
847,front,2,2,white eraser+pen,X,./stimuli/A_cropped/white_pen_X/2/front/IMG_9939.JPG,white eraser,annotator2,18,Site0,-1,0.388152794,0.21523717,0.577300054,0.461204667,0.837535014,0.890518084,0.180205415,0.903225806,-1.0,-1.0,-1.0,-1.0
848,front,2,2,white eraser+pen,X,./stimuli/A_cropped/white_pen_X/2/front/IMG_9940.JPG,white eraser,annotator2,18,Site0,-1,0.418625231,0.182870618,0.610083846,0.440785296,0.879237641,0.900293255,0.182811009,0.900293255,-1.0,-1.0,-1.0,-1.0
849,front,2,2,white eraser+pen,X,./stimuli/A_cropped/white_pen_X/2/front/IMG_9941.JPG,pen,annotator2,1,Site0,-1,0.419689885,0.203153277,0.595,0.43557612,0.849462366,0.850132234,0.203323558,0.872408973,-1.0,-1.0,-1.0,-1.0
850,front,2,2,white eraser+pen,X,./stimuli/A_cropped/white_pen_X/2/front/IMG_9942.JPG,pen,annotator2,18,Site0,-1,0.406278989,0.185611967,0.594689671,0.428268776,0.87245007,0.875855327,0.191481542,0.884652981,-1.0,-1.0,-1.0,-1.0
851,left,2,2,white eraser+pen,X,./stimuli/A_cropped/white_pen_X/2/left/IMG_9935.JPG,white eraser,annotator2,5,Site0,-1,0.615000389,0.240261261,0.786759142,0.499635546,0.1485826,0.848465776,0.109481916,0.654521235,-1.0,-1.0,-1.0,-1.0
852,left,2,2,white eraser+pen,X,./stimuli/A_cropped/white_pen_X/2/left/IMG_9936.JPG,white eraser,annotator2,8,Site0,-1,0.591670945,0.257365066,0.741662388,0.489819829,0.1485826,0.831146342,0.109481916,0.645472298,-1.0,-1.0,-1.0,-1.0
853,left,2,2,white eraser+pen,X,./stimuli/A_cropped/white_pen_X/2/left/IMG_9937.JPG,pen,annotator2,16,Site0,-1,0.623013444,0.242523386,0.78461119,0.467493821,0.188660802,0.828092313,0.1485826,0.629221939,-1.0,-1.0,-1.0,-1.0
854,left,2,2,white eraser+pen,X,./stimuli/A_cropped/white_pen_X/2/left/IMG_9938.JPG,pen,annotator2,5,Site0,-1,0.640415834,0.217070392,0.812174586,0.456776393,0.165200391,0.827515972,0.1485826,0.623102397,-1.0,-1.0,-1.0,-1.0
855,right,2,2,white eraser+pen,X,./stimuli/A_cropped/white_pen_X/2/right/IMG_9943.JPG,white eraser,annotator2,12,Site0,-1,0.170818006,0.273893324,0.3609513,0.475269813,0.853372434,0.621048452,0.853372434,0.836051477,-1.0,-1.0,-1.0,-1.0
856,right,2,2,white eraser+pen,X,./stimuli/A_cropped/white_pen_X/2/right/IMG_9944.JPG,white eraser,annotator2,10,Site0,-1,0.206350074,0.194950054,0.362564882,0.477335705,0.826979472,0.615545439,0.853372434,0.80959736,-1.0,-1.0,-1.0,-1.0
857,right,2,2,white eraser+pen,X,./stimuli/A_cropped/white_pen_X/2/right/IMG_9945.JPG,pen,annotator2,16,Site0,-1,0.220276396,0.196209811,0.381874142,0.477429301,0.827956989,0.608653317,0.853372434,0.800300128,-1.0,-1.0,-1.0,-1.0
858,right,2,2,white eraser+pen,X,./stimuli/A_cropped/white_pen_X/2/right/IMG_9946.JPG,pen,annotator2,1,Site0,-1,0.194406752,0.160488904,0.374508204,0.467168757,0.827956989,0.605296812,0.853372434,0.799875712,-1.0,-1.0,-1.0,-1.0
859,front,3,2,white eraser+pen,X,./stimuli/A_cropped/white_pen_X/3/front/IMG_9951.JPG,white eraser,annotator2,17,Site0,-1,0.468323851,0.337851594,0.583484556,0.5122635,0.980449658,0.754679955,0.109481916,0.754679955,-1.0,-1.0,-1.0,-1.0
860,front,3,2,white eraser+pen,X,./stimuli/A_cropped/white_pen_X/3/front/IMG_9952.JPG,white eraser,annotator2,15,Site0,-1,0.454638611,0.358840959,0.569799316,0.513880742,0.959921799,0.76457088,0.078201369,0.758110053,-1.0,-1.0,-1.0,-1.0
861,front,3,2,white eraser+pen,X,./stimuli/A_cropped/white_pen_X/3/front/IMG_9953.JPG,pen,annotator2,2,Site0,-1,0.431178201,0.363798967,0.546338906,0.529640552,0.959921799,0.779963445,0.078201369,0.772859413,-1.0,-1.0,-1.0,-1.0
862,front,3,2,white eraser+pen,X,./stimuli/A_cropped/white_pen_X/3/front/IMG_9954.JPG,pen,annotator2,14,Site0,-1,0.414126351,0.328443001,0.534065243,0.519310963,0.953079179,0.773853346,0.064516129,0.758691916,-1.0,-1.0,-1.0,-1.0
863,left,3,2,white eraser+pen,X,./stimuli/A_cropped/white_pen_X/3/left/IMG_9947.JPG,white eraser,annotator2,2,Site0,-1,0.428077304,0.217403269,0.572866308,0.406252645,0.199459572,0.820136852,0.131519507,0.500488759,-1.0,-1.0,-1.0,-1.0
864,left,3,2,white eraser+pen,X,./stimuli/A_cropped/white_pen_X/3/left/IMG_9948.JPG,white eraser,annotator2,19,Site0,-1,0.461723121,0.21051632,0.623320867,0.426063949,0.188660802,0.889239095,0.1485826,0.525819364,-1.0,-1.0,-1.0,-1.0
865,left,3,2,white eraser+pen,X,./stimuli/A_cropped/white_pen_X/3/left/IMG_9949.JPG,pen,annotator2,2,Site0,-1,0.405518407,0.248787941,0.495752365,0.411161273,0.172043011,0.829566647,0.140762463,0.506837482,-1.0,-1.0,-1.0,-1.0
866,left,3,2,white eraser+pen,X,./stimuli/A_cropped/white_pen_X/3/left/IMG_9950.JPG,pen,annotator2,2,Site0,-1,0.344179178,0.200717843,0.459339883,0.366488507,0.109481916,0.796440381,0.064516129,0.467889503,-1.0,-1.0,-1.0,-1.0
867,right,3,2,white eraser+pen,X,./stimuli/A_cropped/white_pen_X/3/right/IMG_9955.JPG,white eraser,annotator2,4,Site0,-1,0.315015679,0.19003279,0.447598625,0.378882166,0.733196537,0.481915934,0.733196537,0.900293255,-1.0,-1.0,-1.0,-1.0
868,right,3,2,white eraser+pen,X,./stimuli/A_cropped/white_pen_X/3/right/IMG_9956.JPG,white eraser,annotator2,13,Site0,-1,0.313197522,0.214024197,0.438,0.38812634,0.704011311,0.476050831,0.766160452,0.875855327,-1.0,-1.0,-1.0,-1.0
869,right,3,2,white eraser+pen,X,./stimuli/A_cropped/white_pen_X/3/right/IMG_9957.JPG,pen,annotator2,6,Site0,-1,0.268488177,0.207301831,0.430008504,0.416354083,0.728587828,0.481915934,0.764374572,0.913000978,-1.0,-1.0,-1.0,-1.0
870,right,3,2,white eraser+pen,X,./stimuli/A_cropped/white_pen_X/3/right/IMG_9958.JPG,pen,annotator2,18,Site0,-1,0.209972055,0.217137893,0.41,0.431933466,0.720720393,0.492668622,0.753897571,0.942326491,-1.0,-1.0,-1.0,-1.0
871,front,1,2,yellow eraser+white eraser,X,./stimuli/A_cropped/yellow_white_X/1/front/white_1430.jpeg,white eraser,annotator1,16,Site0,-1,0.378877504,0.233641774,0.556952036,0.468215509,0.753605171,0.928641251,0.156731995,0.936461388,-1.0,-1.0,-1.0,-1.0
872,front,1,2,yellow eraser+white eraser,X,./stimuli/A_cropped/yellow_white_X/1/front/white_1431.jpeg,white eraser,annotator1,19,Site0,-1,0.410892231,0.232972617,0.572489978,0.457760667,0.764418377,0.88975411,0.203323558,0.88975411,-1.0,-1.0,-1.0,-1.0
873,front,1,2,yellow eraser+white eraser,X,./stimuli/A_cropped/yellow_white_X/1/front/yellow_1428.jpeg,yellow eraser,annotator1,0,Site0,-1,0.437647266,0.257303413,0.592619011,0.462149178,0.762145013,0.853372434,0.234925993,0.866080156,-1.0,-1.0,-1.0,-1.0
874,front,1,2,yellow eraser+white eraser,X,./stimuli/A_cropped/yellow_white_X/1/front/yellow_1429.jpeg,yellow eraser,annotator1,9,Site0,-1,0.437571549,0.209523328,0.592731481,0.41424743,0.762463343,0.819496261,0.234604106,0.819496261,-1.0,-1.0,-1.0,-1.0
875,left,1,2,yellow eraser+white eraser,X,./stimuli/A_cropped/yellow_white_X/1/left/IMG_1424.jpeg,yellow eraser,annotator1,3,Site0,-1,0.5633849,0.236997209,0.724982646,0.482746557,0.078201369,0.867089723,0.042033236,0.624507278,-1.0,-1.0,-1.0,-1.0
876,left,1,2,yellow eraser+white eraser,X,./stimuli/A_cropped/yellow_white_X/1/left/IMG_1425.jpeg,yellow eraser,annotator1,9,Site0,-1,0.580980208,0.219127203,0.742577954,0.456464519,0.109481916,0.830415839,0.078201369,0.592886131,-1.0,-1.0,-1.0,-1.0
877,left,1,2,yellow eraser+white eraser,X,./stimuli/A_cropped/yellow_white_X/1/left/IMG_1426.jpeg,white eraser,annotator1,13,Site0,-1,0.53445437,0.210379597,0.724587664,0.447172338,0.064516129,0.82480102,0.042033236,0.586327437,-1.0,-1.0,-1.0,-1.0
878,left,1,2,yellow eraser+white eraser,X,./stimuli/A_cropped/yellow_white_X/1/left/IMG_1427.jpeg,white eraser,annotator1,19,Site0,-1,0.516271161,0.249284832,0.688029914,0.498798839,0.059628543,0.861197105,0.029325513,0.63385798,-1.0,-1.0,-1.0,-1.0
879,right,1,2,yellow eraser+white eraser,X,./stimuli/A_cropped/yellow_white_X/1/right/IMG_1432.jpeg,yellow eraser,annotator1,11,Site0,-1,0.254489494,0.203657771,0.416087241,0.431230453,0.923753666,0.636087117,0.788856305,0.894984558,-1.0,-1.0,-1.0,-1.0
880,right,1,2,yellow eraser+white eraser,X,./stimuli/A_cropped/yellow_white_X/1/right/IMG_1433.jpeg,yellow eraser,annotator1,7,Site0,-1,0.220276396,0.182215692,0.381874142,0.441493191,0.890518084,0.651163631,0.764418377,0.905414385,-1.0,-1.0,-1.0,-1.0
881,right,1,2,yellow eraser+white eraser,X,./stimuli/A_cropped/yellow_white_X/1/right/IMG_1434.jpeg,white eraser,annotator1,12,Site0,-1,0.206008622,0.177395383,0.392,0.44060573,0.900293255,0.644070833,0.769305963,0.90687105,-1.0,-1.0,-1.0,-1.0
882,right,1,2,yellow eraser+white eraser,X,./stimuli/A_cropped/yellow_white_X/1/right/IMG_1435.jpeg,white eraser,annotator1,5,Site0,-1,0.217214761,0.176717022,0.398,0.45084896,0.937262945,0.671554252,0.799527476,0.953079179,-1.0,-1.0,-1.0,-1.0
883,front,2,2,yellow eraser+white eraser,X,./stimuli/A_cropped/yellow_white_X/2/front/IMG_1452.jpeg,yellow eraser,annotator1,1,Site0,-1,0.442055223,0.26850047,0.578472636,0.452763056,0.936461388,0.771262467,0.083088954,0.780055416,-1.0,-1.0,-1.0,-1.0
884,front,2,2,yellow eraser+white eraser,X,./stimuli/A_cropped/yellow_white_X/2/front/IMG_1453.jpeg,yellow eraser,annotator1,0,Site0,-1,0.429449973,0.222634009,0.571527544,0.414459104,0.942326491,0.743721649,0.053763441,0.763180464,-1.0,-1.0,-1.0,-1.0
885,front,2,2,yellow eraser+white eraser,X,./stimuli/A_cropped/yellow_white_X/2/front/IMG_1454.jpeg,white eraser,annotator1,3,Site0,-1,0.422390818,0.278120484,0.549,0.465395796,0.928641251,0.775697657,0.083088954,0.775697657,-1.0,-1.0,-1.0,-1.0
886,front,2,2,yellow eraser+white eraser,X,./stimuli/A_cropped/yellow_white_X/2/front/IMG_1455.jpeg,white eraser,annotator1,12,Site0,-1,0.434552134,0.291312707,0.566425383,0.46962999,0.936461388,0.784745862,0.099706745,0.784745862,-1.0,-1.0,-1.0,-1.0
887,left,2,2,yellow eraser+white eraser,X,./stimuli/A_cropped/yellow_white_X/2/left/IMG_1448.jpeg,yellow eraser,annotator1,18,Site0,-1,0.660052439,0.208159095,0.785553662,0.382261238,0.343247123,0.765395894,0.311617462,0.428152493,-1.0,-1.0,-1.0,-1.0
888,left,2,2,yellow eraser+white eraser,X,./stimuli/A_cropped/yellow_white_X/2/left/IMG_1449.jpeg,yellow eraser,annotator1,14,Site0,-1,0.656256345,0.215001714,0.81015896,0.389103857,0.336614998,0.765395894,0.311478844,0.432062561,-1.0,-1.0,-1.0,-1.0
889,left,2,2,yellow eraser+white eraser,X,./stimuli/A_cropped/yellow_white_X/2/left/IMG_1450.jpeg,white eraser,annotator1,13,Site0,-1,0.618100827,0.234771867,0.710517424,0.388884047,0.309815422,0.779081134,0.279627393,0.442815249,-1.0,-1.0,-1.0,-1.0
890,left,2,2,yellow eraser+white eraser,X,./stimuli/A_cropped/yellow_white_X/2/left/IMG_1451.jpeg,white eraser,annotator1,10,Site0,-1,0.65847344,0.217934266,0.769870723,0.392036409,0.350126822,0.779081134,0.320814086,0.442815249,-1.0,-1.0,-1.0,-1.0
891,right,2,2,yellow eraser+white eraser,X,./stimuli/A_cropped/yellow_white_X/2/right/IMG_1456.jpeg,yellow eraser,annotator1,19,Site0,-1,0.273050375,0.315464624,0.336920299,0.411074966,0.602150538,0.48643695,0.440860215,0.711510264,-1.0,-1.0,-1.0,-1.0
892,right,2,2,yellow eraser+white eraser,X,./stimuli/A_cropped/yellow_white_X/2/right/IMG_1457.jpeg,yellow eraser,annotator1,15,Site0,-1,0.236503616,0.336110157,0.33241134,0.416822394,0.595307918,0.491568915,0.434995112,0.716642229,-1.0,-1.0,-1.0,-1.0
893,right,2,2,yellow eraser+white eraser,X,./stimuli/A_cropped/yellow_white_X/2/right/IMG_1458.jpeg,white eraser,annotator1,4,Site0,-1,0.239340499,0.318674208,0.329574457,0.434258343,0.598240469,0.494501466,0.440860215,0.726173021,-1.0,-1.0,-1.0,-1.0
894,right,2,2,yellow eraser+white eraser,X,./stimuli/A_cropped/yellow_white_X/2/right/IMG_1459.jpeg,white eraser,annotator1,13,Site0,-1,0.242863681,0.311177972,0.326051276,0.441754579,0.595307918,0.500366569,0.440860215,0.732771261,-1.0,-1.0,-1.0,-1.0
895,front,3,2,yellow eraser+white eraser,X,./stimuli/A_cropped/yellow_white_X/3/front/IMG_1464.jpeg,yellow eraser,annotator1,5,Site0,-1,0.465545232,0.358517715,0.564757798,0.494603754,0.875855327,0.732226867,0.083088954,0.756612106,-1.0,-1.0,-1.0,-1.0
896,front,3,2,yellow eraser+white eraser,X,./stimuli/A_cropped/yellow_white_X/3/front/IMG_1465.jpeg,yellow eraser,annotator1,9,Site0,-1,0.492915711,0.313405326,0.592128277,0.445722719,0.913000978,0.690095811,0.099706745,0.720309715,-1.0,-1.0,-1.0,-1.0
897,front,3,2,yellow eraser+white eraser,X,./stimuli/A_cropped/yellow_white_X/3/front/IMG_1466.jpeg,white eraser,annotator1,4,Site0,-1,0.449751026,0.385657312,0.564911731,0.544469387,0.942326491,0.816073932,0.036168133,0.836624903,-1.0,-1.0,-1.0,-1.0
898,front,3,2,yellow eraser+white eraser,X,./stimuli/A_cropped/yellow_white_X/3/front/IMG_1467.jpeg,white eraser,annotator1,15,Site0,-1,0.449751026,0.358587511,0.564911731,0.519398404,0.942326491,0.798896137,0.036168133,0.814243821,-1.0,-1.0,-1.0,-1.0
899,left,3,2,yellow eraser+white eraser,X,./stimuli/A_cropped/yellow_white_X/3/left/IMG_1460.jpeg,yellow eraser,annotator1,10,Site0,-1,0.546708093,0.252036409,0.653730147,0.395079915,0.270311204,0.749755621,0.26,0.417399804,-1.0,-1.0,-1.0,-1.0
900,left,3,2,yellow eraser+white eraser,X,./stimuli/A_cropped/yellow_white_X/3/left/IMG_1461.jpeg,yellow eraser,annotator1,19,Site0,-1,0.564443889,0.244897724,0.6691827,0.392182698,0.295210166,0.743730173,0.268562443,0.417399804,-1.0,-1.0,-1.0,-1.0
901,left,3,2,yellow eraser+white eraser,X,./stimuli/A_cropped/yellow_white_X/3/left/IMG_1462.jpeg,white eraser,annotator1,16,Site0,-1,0.562657978,0.240306204,0.637971019,0.38334971,0.308490503,0.749755621,0.268562443,0.417399804,-1.0,-1.0,-1.0,-1.0
902,left,3,2,yellow eraser+white eraser,X,./stimuli/A_cropped/yellow_white_X/3/left/IMG_1463.jpeg,white eraser,annotator1,17,Site0,-1,0.574671039,0.265563454,0.650485332,0.391328042,0.31977827,0.764418377,0.268562443,0.417399804,-1.0,-1.0,-1.0,-1.0
903,right,3,2,yellow eraser+white eraser,X,./stimuli/A_cropped/yellow_white_X/3/right/IMG_1468.jpeg,yellow eraser,annotator1,18,Site0,-1,0.417684453,0.253143513,0.526,0.376377504,0.851087405,0.453567937,0.642966166,0.832844575,-1.0,-1.0,-1.0,-1.0
904,right,3,2,yellow eraser+white eraser,X,./stimuli/A_cropped/yellow_white_X/3/right/IMG_1469.jpeg,yellow eraser,annotator1,3,Site0,-1,0.247064951,0.153637947,0.380180707,0.307750127,0.807270471,0.403714565,0.545334988,0.900293255,-1.0,-1.0,-1.0,-1.0
905,right,3,2,yellow eraser+white eraser,X,./stimuli/A_cropped/yellow_white_X/3/right/IMG_1470.jpeg,white eraser,annotator1,1,Site0,-1,0.329526693,0.209717339,0.454442026,0.368993445,0.845552297,0.439403606,0.602150538,0.88130384,-1.0,-1.0,-1.0,-1.0
906,right,3,2,yellow eraser+white eraser,X,./stimuli/A_cropped/yellow_white_X/3/right/IMG_1471.jpeg,white eraser,annotator1,18,Site0,-1,0.400875171,0.304560049,0.516035875,0.461279533,0.875855327,0.523958498,0.666666667,0.925376359,-1.0,-1.0,-1.0,-1.0
1000,right,1,4,bottle+tulips+kettle+bunny,Z,./stimuli/B_cropped_v1117/bottle2_tulip toy_kettle_bunny/IMG_3589.jpg,bottle,annotator1,11,SiteB,-1,0.262509123,0.19687541,0.394382373,0.385724785,0.935483871,0.594330401,0.810361681,0.481915934,0.744868035,0.671554252,0.500488759,0.579667644
1001,right,1,4,bottle+tulips+kettle+bunny,Z,./stimuli/B_cropped_v1117/bottle2_tulip toy_kettle_bunny/IMG_3590.jpg,tulips,annotator1,4,SiteB,-1,0.261531606,0.19003279,0.393404856,0.378882166,0.935483871,0.594330401,0.810361681,0.481915934,0.744868035,0.671554252,0.500488759,0.579667644
1002,right,1,4,bottle+tulips+kettle+bunny,Z,./stimuli/B_cropped_v1117/bottle2_tulip toy_kettle_bunny/IMG_3591.jpg,kettle,annotator1,17,SiteB,-1,0.244677895,0.202740513,0.384843122,0.391589888,0.935483871,0.594330401,0.810361681,0.481915934,0.744868035,0.671554252,0.500488759,0.594330401
1003,right,1,4,bottle+tulips+kettle+bunny,Z,./stimuli/B_cropped_v1117/bottle2_tulip toy_kettle_bunny/IMG_3592.jpg,bunny,annotator1,15,SiteB,-1,0.228897057,0.195897893,0.36347831,0.384747268,0.900293255,0.602150538,0.80742913,0.481915934,0.721407625,0.671554252,0.500488759,0.579667644
1004,right,1,4,bottle+tulips+kettle+bunny,Z,./stimuli/B_cropped_v1117/bottle2_tulip toy_kettle_bunny/IMG_3593.jpg,bottle,annotator1,5,SiteB,bottle,0.262509123,0.211831593,0.394382373,0.398139082,0.921798631,0.594330401,0.801564027,0.500488759,0.721407625,0.671554252,0.500488759,0.579667644
1005,right,1,4,bottle+tulips+kettle+bunny,Z,./stimuli/B_cropped_v1117/bottle2_tulip toy_kettle_bunny/IMG_3594.jpg,tulips,annotator1,8,SiteB,bottle,0.269351743,0.219358303,0.401224992,0.408207679,0.935483871,0.632453568,0.810361681,0.500488759,0.744868035,0.721407625,0.500488759,0.594330401
1006,right,1,4,bottle+tulips+kettle+bunny,Z,./stimuli/B_cropped_v1117/bottle2_tulip toy_kettle_bunny/IMG_3595.jpg,kettle,annotator1,5,SiteB,bottle,0.267079661,0.219358303,0.403497074,0.408207679,0.921798631,0.632453568,0.810361681,0.500488759,0.744868035,0.721407625,0.500488759,0.594330401
1007,right,1,4,bottle+tulips+kettle+bunny,Z,./stimuli/B_cropped_v1117/bottle2_tulip toy_kettle_bunny/IMG_3596.jpg,bunny,annotator1,16,SiteB,bottle,0.269351743,0.212515684,0.401224992,0.401365059,0.921798631,0.632453568,0.810361681,0.500488759,0.744868035,0.721407625,0.500488759,0.579667644
1008,right,1,4,bottle+tulips+kettle+bunny,Z,./stimuli/B_cropped_v1117/bottle2_tulip toy_kettle_bunny/IMG_3597.jpg,tulips,annotator1,8,SiteB,tulips,0.262509123,0.231381935,0.394382373,0.417689424,0.903225806,0.632453568,0.80742913,0.515151515,0.744868035,0.721407625,0.500488759,0.602150538
1009,right,1,4,bottle+tulips+kettle+bunny,Z,./stimuli/B_cropped_v1117/bottle2_tulip toy_kettle_bunny/IMG_3598.jpg,bottle,annotator1,19,SiteB,tulips,0.264015878,0.230110992,0.396785686,0.418960367,0.921798631,0.632453568,0.810361681,0.515151515,0.744868035,0.721407625,0.500488759,0.602150538
1010,right,1,4,bottle+tulips+kettle+bunny,Z,./stimuli/B_cropped_v1117/bottle2_tulip toy_kettle_bunny/IMG_3599.jpg,kettle,annotator1,0,SiteB,tulips,0.26383588,0.230110992,0.393055616,0.418960367,0.903225806,0.632453568,0.80742913,0.515151515,0.744868035,0.721407625,0.500488759,0.602150538
1011,right,1,4,bottle+tulips+kettle+bunny,Z,./stimuli/B_cropped_v1117/bottle2_tulip toy_kettle_bunny/IMG_3600.jpg,bunny,annotator1,2,SiteB,tulips,0.243721723,0.223268372,0.385799294,0.412117747,0.900293255,0.632453568,0.788856305,0.500488759,0.721407625,0.721407625,0.500488759,0.594330401
1012,right,1,4,bottle+tulips+kettle+bunny,Z,./stimuli/B_cropped_v1117/bottle2_tulip toy_kettle_bunny/IMG_3601.jpg,kettle,annotator1,7,SiteB,kettle,0.235901586,0.230404418,0.377979157,0.416711907,0.900293255,0.632453568,0.788856305,0.51026393,0.721407625,0.721407625,0.500488759,0.594330401
1013,right,1,4,bottle+tulips+kettle+bunny,Z,./stimuli/B_cropped_v1117/bottle2_tulip toy_kettle_bunny/IMG_3602.jpg,bottle,annotator1,17,SiteB,kettle,0.238731665,0.230110992,0.375149078,0.418960367,0.900293255,0.632453568,0.788856305,0.515151515,0.721407625,0.721407625,0.500488759,0.632453568
1014,right,1,4,bottle+tulips+kettle+bunny,Z,./stimuli/B_cropped_v1117/bottle2_tulip toy_kettle_bunny/IMG_3603.jpg,tulips,annotator1,17,SiteB,kettle,0.240789171,0.229133475,0.382866743,0.41798285,0.900293255,0.632453568,0.801564027,0.51026393,0.721407625,0.721407625,0.500488759,0.602150538
1015,right,1,4,bottle+tulips+kettle+bunny,Z,./stimuli/B_cropped_v1117/bottle2_tulip toy_kettle_bunny/IMG_3604.jpg,bunny,annotator1,0,SiteB,kettle,0.245891332,0.235292003,0.377764582,0.421599493,0.900293255,0.632453568,0.796676442,0.523949169,0.721407625,0.721407625,0.500488759,0.632453568
1016,right,1,4,bottle+tulips+kettle+bunny,Z,./stimuli/B_cropped_v1117/bottle2_tulip toy_kettle_bunny/IMG_3605.jpg,bunny,annotator1,15,SiteB,bunny,0.249484353,0.2477063,0.385901766,0.436555675,0.935483871,0.632453568,0.810361681,0.529814272,0.744868035,0.744868035,0.500488759,0.602150538
1017,right,1,4,bottle+tulips+kettle+bunny,Z,./stimuli/B_cropped_v1117/bottle2_tulip toy_kettle_bunny/IMG_3606.jpg,bottle,annotator1,1,SiteB,bunny,0.223905996,0.248977243,0.411480123,0.435284732,0.935483871,0.632453568,0.810361681,0.529814272,0.744868035,0.744868035,0.500488759,0.594330401
1018,right,1,4,bottle+tulips+kettle+bunny,Z,./stimuli/B_cropped_v1117/bottle2_tulip toy_kettle_bunny/IMG_3607.jpg,tulips,annotator1,0,SiteB,bunny,0.246551802,0.250638851,0.382969214,0.439488226,0.935483871,0.632453568,0.810361681,0.529814272,0.744868035,0.744868035,0.500488759,0.602150538
1019,right,1,4,bottle+tulips+kettle+bunny,Z,./stimuli/B_cropped_v1117/bottle2_tulip toy_kettle_bunny/IMG_3608.jpg,kettle,annotator1,1,SiteB,bunny,0.236832236,0.251909794,0.386823678,0.438217283,0.921798631,0.632453568,0.810361681,0.523949169,0.721407625,0.721407625,0.500488759,0.602150538
1020,right,2,4,bottle+tulips+kettle+bunny,Z,./stimuli/B_cropped_v1117/bottle2_tulip toy_kettle_bunny/IMG_3609.jpg,bottle,annotator1,3,SiteB,-1,0.261100496,0.217934266,0.386015829,0.392036409,0.942326491,0.632453568,0.788856305,0.500488759,0.640273705,0.721407625,0.403714565,0.769305963
1021,right,2,4,bottle+tulips+kettle+bunny,Z,./stimuli/B_cropped_v1117/bottle2_tulip toy_kettle_bunny/IMG_3610.jpg,tulips,annotator1,5,SiteB,-1,0.257190427,0.20515944,0.38210576,0.385260892,0.942326491,0.632453568,0.788856305,0.500488759,0.632453568,0.671554252,0.403714565,0.594330401
1022,right,2,4,bottle+tulips+kettle+bunny,Z,./stimuli/B_cropped_v1117/bottle2_tulip toy_kettle_bunny/IMG_3611.jpg,kettle,annotator1,19,SiteB,-1,0.24937029,0.194406752,0.374285624,0.374508204,0.935483871,0.632453568,0.782013685,0.488758553,0.632453568,0.671554252,0.359726295,0.594330401
1023,right,2,4,bottle+tulips+kettle+bunny,Z,./stimuli/B_cropped_v1117/bottle2_tulip toy_kettle_bunny/IMG_3612.jpg,bunny,annotator1,4,SiteB,-1,0.228842431,0.202056421,0.353757764,0.388363911,0.935483871,0.632453568,0.774193548,0.488758553,0.632453568,0.671554252,0.359726295,0.594330401
1024,right,2,4,bottle+tulips+kettle+bunny,Z,./stimuli/B_cropped_v1117/bottle2_tulip toy_kettle_bunny/IMG_3613.jpg,bottle,annotator1,0,SiteB,bottle,0.261100496,0.224776886,0.386015829,0.398879028,0.935483871,0.632453568,0.769305963,0.500488759,0.632453568,0.671554252,0.359726295,0.594330401
1025,right,2,4,bottle+tulips+kettle+bunny,Z,./stimuli/B_cropped_v1117/bottle2_tulip toy_kettle_bunny/IMG_3614.jpg,tulips,annotator1,9,SiteB,bottle,0.261100496,0.214934611,0.386015829,0.395036063,0.935483871,0.632453568,0.776148583,0.488758553,0.632453568,0.671554252,0.359726295,0.594330401
1026,right,2,4,bottle+tulips+kettle+bunny,Z,./stimuli/B_cropped_v1117/bottle2_tulip toy_kettle_bunny/IMG_3615.jpg,kettle,annotator1,12,SiteB,bottle,0.255235393,0.224776886,0.380150726,0.398879028,0.921798631,0.632453568,0.769305963,0.500488759,0.632453568,0.671554252,0.359726295,0.594330401
1027,right,2,4,bottle+tulips+kettle+bunny,Z,./stimuli/B_cropped_v1117/bottle2_tulip toy_kettle_bunny/IMG_3616.jpg,bunny,annotator1,17,SiteB,bottle,0.262509123,0.224776886,0.394382373,0.398879028,0.935483871,0.632453568,0.769305963,0.500488759,0.632453568,0.671554252,0.359726295,0.594330401
1028,right,2,4,bottle+tulips+kettle+bunny,Z,./stimuli/B_cropped_v1117/bottle2_tulip toy_kettle_bunny/IMG_3617.jpg,tulips,annotator1,13,SiteB,tulips,0.255235393,0.224776886,0.380150726,0.398879028,0.923753666,0.632453568,0.769305963,0.500488759,0.632453568,0.671554252,0.359726295,0.602150538
1029,right,2,4,bottle+tulips+kettle+bunny,Z,./stimuli/B_cropped_v1117/bottle2_tulip toy_kettle_bunny/IMG_3618.jpg,bottle,annotator1,11,SiteB,tulips,0.257621537,0.224776886,0.389494787,0.398879028,0.935483871,0.632453568,0.782013685,0.500488759,0.632453568,0.671554252,0.359726295,0.594330401
1030,right,2,4,bottle+tulips+kettle+bunny,Z,./stimuli/B_cropped_v1117/bottle2_tulip toy_kettle_bunny/IMG_3619.jpg,kettle,annotator1,16,SiteB,tulips,0.257190427,0.248237296,0.38210576,0.422339439,0.935483871,0.671554252,0.774193548,0.515151515,0.632453568,0.721407625,0.359726295,0.632453568
1031,right,2,4,bottle+tulips+kettle+bunny,Z,./stimuli/B_cropped_v1117/bottle2_tulip toy_kettle_bunny/IMG_3620.jpg,bunny,annotator1,19,SiteB,tulips,0.257190427,0.248237296,0.38210576,0.422339439,0.935483871,0.671554252,0.769305963,0.515151515,0.632453568,0.721407625,0.359726295,0.632453568
1032,right,2,4,bottle+tulips+kettle+bunny,Z,./stimuli/B_cropped_v1117/bottle2_tulip toy_kettle_bunny/IMG_3621.jpg,kettle,annotator1,8,SiteB,kettle,0.212816855,0.255079916,0.410839059,0.429182059,0.935483871,0.632453568,0.774193548,0.515151515,0.632453568,0.721407625,0.359726295,0.632453568
1033,right,2,4,bottle+tulips+kettle+bunny,Z,./stimuli/B_cropped_v1117/bottle2_tulip toy_kettle_bunny/IMG_3622.jpg,bottle,annotator1,5,SiteB,kettle,0.221253913,0.255079916,0.382851659,0.429182059,0.935483871,0.632453568,0.769305963,0.515151515,0.632453568,0.721407625,0.359726295,0.632453568
1034,right,2,4,bottle+tulips+kettle+bunny,Z,./stimuli/B_cropped_v1117/bottle2_tulip toy_kettle_bunny/IMG_3623.jpg,tulips,annotator1,16,SiteB,kettle,0.236832236,0.255079916,0.386823678,0.429182059,0.935483871,0.671554252,0.769305963,0.515151515,0.632453568,0.721407625,0.359726295,0.632453568
1035,right,2,4,bottle+tulips+kettle+bunny,Z,./stimuli/B_cropped_v1117/bottle2_tulip toy_kettle_bunny/IMG_3624.jpg,bunny,annotator1,17,SiteB,kettle,0.236832236,0.258012467,0.386823678,0.43211461,0.935483871,0.632453568,0.776148583,0.515151515,0.632453568,0.721407625,0.359726295,0.632453568
1036,right,2,4,bottle+tulips+kettle+bunny,Z,./stimuli/B_cropped_v1117/bottle2_tulip toy_kettle_bunny/IMG_3625.jpg,bunny,annotator1,15,SiteB,bunny,0.225363473,0.261922536,0.357236723,0.436024678,0.935483871,0.671554252,0.769305963,0.523949169,0.632453568,0.721407625,0.359726295,0.632453568
1037,right,2,4,bottle+tulips+kettle+bunny,Z,./stimuli/B_cropped_v1117/bottle2_tulip toy_kettle_bunny/IMG_3626.jpg,bottle,annotator1,9,SiteB,bunny,0.2327525,0.26387757,0.357667833,0.437979713,0.935483871,0.671554252,0.769305963,0.523949169,0.632453568,0.721407625,0.359726295,0.632453568
1038,right,2,4,bottle+tulips+kettle+bunny,Z,./stimuli/B_cropped_v1117/bottle2_tulip toy_kettle_bunny/IMG_3627.jpg,tulips,annotator1,7,SiteB,bunny,0.225363473,0.26387757,0.357236723,0.437979713,0.923753666,0.671554252,0.769305963,0.523949169,0.632453568,0.721407625,0.359726295,0.632453568
1039,right,2,4,bottle+tulips+kettle+bunny,Z,./stimuli/B_cropped_v1117/bottle2_tulip toy_kettle_bunny/IMG_3628.jpg,kettle,annotator1,3,SiteB,bunny,0.225363473,0.26387757,0.357236723,0.437979713,0.921798631,0.671554252,0.769305963,0.523949169,0.632453568,0.721407625,0.359726295,0.632453568
1040,right,3,4,bottle+tulips+kettle+bunny,Z,./stimuli/B_cropped_v1117/bottle2_tulip toy_kettle_bunny/IMG_3629.jpg,bottle,annotator1,0,SiteB,-1,0.260112707,0.289130788,0.375273412,0.451827179,0.942326491,0.671554252,0.769305963,0.542521994,0.579667644,0.721407625,0.1485826,0.769305963
1041,right,3,4,bottle+tulips+kettle+bunny,Z,./stimuli/B_cropped_v1117/bottle2_tulip toy_kettle_bunny/IMG_3630.jpg,tulips,annotator1,6,SiteB,-1,0.270865395,0.300860993,0.3860261,0.463557384,0.942326491,0.671554252,0.769305963,0.548387097,0.579667644,0.744868035,0.188660802,0.769305963
1042,right,3,4,bottle+tulips+kettle+bunny,Z,./stimuli/B_cropped_v1117/bottle2_tulip toy_kettle_bunny/IMG_3631.jpg,kettle,annotator1,1,SiteB,-1,0.257180156,0.312973236,0.372340861,0.467085415,0.942326491,0.671554252,0.769305963,0.560117302,0.579667644,0.744868035,0.1485826,0.671554252
1043,right,3,4,bottle+tulips+kettle+bunny,Z,./stimuli/B_cropped_v1117/bottle2_tulip toy_kettle_bunny/IMG_3632.jpg,bunny,annotator1,19,SiteB,-1,0.244472433,0.300860993,0.359633138,0.463557384,0.942326491,0.671554252,0.769305963,0.553274682,0.594330401,0.744868035,0.1485826,0.671554252
1044,right,3,4,bottle+tulips+kettle+bunny,Z,./stimuli/B_cropped_v1117/bottle2_tulip toy_kettle_bunny/IMG_3633.jpg,bottle,annotator1,5,SiteB,bottle,0.272830701,0.31492827,0.397746034,0.469040449,0.942326491,0.671554252,0.769305963,0.548387097,0.594330401,0.744868035,0.188660802,0.769305963
1045,right,3,4,bottle+tulips+kettle+bunny,Z,./stimuli/B_cropped_v1117/bottle2_tulip toy_kettle_bunny/IMG_3634.jpg,tulips,annotator1,15,SiteB,bottle,0.283765037,0.30868113,0.400496937,0.471377521,0.942326491,0.671554252,0.769305963,0.548387097,0.579667644,0.744868035,0.188660802,0.769305963
1046,right,3,4,bottle+tulips+kettle+bunny,Z,./stimuli/B_cropped_v1117/bottle2_tulip toy_kettle_bunny/IMG_3635.jpg,kettle,annotator1,10,SiteB,bottle,0.284550635,0.31492827,0.39971134,0.469040449,0.942326491,0.671554252,0.782013685,0.560117302,0.594330401,0.744868035,0.188660802,0.769305963
1047,right,3,4,bottle+tulips+kettle+bunny,Z,./stimuli/B_cropped_v1117/bottle2_tulip toy_kettle_bunny/IMG_3636.jpg,bunny,annotator1,18,SiteB,bottle,0.283765037,0.30868113,0.400496937,0.471377521,0.942326491,0.671554252,0.769305963,0.548387097,0.579667644,0.744868035,0.165200391,0.769305963
1048,right,3,4,bottle+tulips+kettle+bunny,Z,./stimuli/B_cropped_v1117/bottle2_tulip toy_kettle_bunny/IMG_3637.jpg,tulips,annotator1,7,SiteB,tulips,0.270079798,0.31492827,0.386811698,0.469040449,0.942326491,0.671554252,0.782013685,0.548387097,0.594330401,0.744868035,0.188660802,0.769305963
1049,right,3,4,bottle+tulips+kettle+bunny,Z,./stimuli/B_cropped_v1117/bottle2_tulip toy_kettle_bunny/IMG_3638.jpg,bottle,annotator1,6,SiteB,tulips,0.265988081,0.309063167,0.390903414,0.463175347,0.942326491,0.671554252,0.782013685,0.542521994,0.594330401,0.744868035,0.188660802,0.769305963
1050,right,3,4,bottle+tulips+kettle+bunny,Z,./stimuli/B_cropped_v1117/bottle2_tulip toy_kettle_bunny/IMG_3639.jpg,kettle,annotator1,14,SiteB,tulips,0.270865395,0.304771062,0.3860261,0.467467453,0.942326491,0.671554252,0.782013685,0.542521994,0.594330401,0.744868035,0.188660802,0.769305963
1051,right,3,4,bottle+tulips+kettle+bunny,Z,./stimuli/B_cropped_v1117/bottle2_tulip toy_kettle_bunny/IMG_3640.jpg,bunny,annotator1,15,SiteB,tulips,0.277708015,0.300860993,0.39286872,0.463557384,0.942326491,0.671554252,0.782013685,0.542521994,0.594330401,0.721407625,0.188660802,0.769305963
1052,right,3,4,bottle+tulips+kettle+bunny,Z,./stimuli/B_cropped_v1117/bottle2_tulip toy_kettle_bunny/IMG_3641.jpg,kettle,annotator1,17,SiteB,kettle,0.260112707,0.312973236,0.375273412,0.467085415,0.942326491,0.671554252,0.782013685,0.548387097,0.594330401,0.744868035,0.188660802,0.769305963
1053,right,3,4,bottle+tulips+kettle+bunny,Z,./stimuli/B_cropped_v1117/bottle2_tulip toy_kettle_bunny/IMG_3642.jpg,bottle,annotator1,16,SiteB,kettle,0.260112707,0.312973236,0.375273412,0.467085415,0.942326491,0.671554252,0.782013685,0.542521994,0.594330401,0.744868035,0.188660802,0.769305963
1054,right,3,4,bottle+tulips+kettle+bunny,Z,./stimuli/B_cropped_v1117/bottle2_tulip toy_kettle_bunny/IMG_3643.jpg,tulips,annotator1,13,SiteB,kettle,0.260112707,0.309063167,0.375273412,0.463175347,0.942326491,0.632453568,0.782013685,0.542521994,0.594330401,0.744868035,0.188660802,0.769305963
1055,right,3,4,bottle+tulips+kettle+bunny,Z,./stimuli/B_cropped_v1117/bottle2_tulip toy_kettle_bunny/IMG_3644.jpg,bunny,annotator1,13,SiteB,kettle,0.252302842,0.300860993,0.377218175,0.463557384,0.942326491,0.632453568,0.782013685,0.542521994,0.594330401,0.721407625,0.188660802,0.769305963
1056,right,3,4,bottle+tulips+kettle+bunny,Z,./stimuli/B_cropped_v1117/bottle2_tulip toy_kettle_bunny/IMG_3645.jpg,bunny,annotator1,3,SiteB,bunny,0.236844216,0.310636164,0.353576116,0.473332555,0.942326491,0.671554252,0.774193548,0.542521994,0.594330401,0.721407625,0.188660802,0.769305963
1057,right,3,4,bottle+tulips+kettle+bunny,Z,./stimuli/B_cropped_v1117/bottle2_tulip toy_kettle_bunny/IMG_3646.jpg,bottle,annotator1,17,SiteB,bunny,0.236844216,0.310636164,0.353576116,0.473332555,0.942326491,0.671554252,0.769305963,0.542521994,0.594330401,0.744868035,0.188660802,0.769305963
1058,right,3,4,bottle+tulips+kettle+bunny,Z,./stimuli/B_cropped_v1117/bottle2_tulip toy_kettle_bunny/IMG_3647.jpg,tulips,annotator1,0,SiteB,bunny,0.237629814,0.310636164,0.352790519,0.473332555,0.942326491,0.671554252,0.774193548,0.542521994,0.594330401,0.721407625,0.188660802,0.769305963
1059,right,3,4,bottle+tulips+kettle+bunny,Z,./stimuli/B_cropped_v1117/bottle2_tulip toy_kettle_bunny/IMG_3648.jpg,kettle,annotator1,14,SiteB,bunny,0.236844216,0.310636164,0.353576116,0.473332555,0.942326491,0.671554252,0.769305963,0.542521994,0.594330401,0.744868035,0.1485826,0.671554252
1060,front,1,4,bottle+tulips+kettle+bunny,Z,./stimuli/B_cropped_v1117/bottle2_tulip toy_kettle_bunny/IMG_3655.jpg,bottle,annotator1,2,SiteB,-1,0.490817016,0.160707277,0.615732349,0.349556653,0.866080156,0.632453568,0.632453568,0.42228739,0.500488759,0.671554252,0.188660802,0.500488759
1061,front,1,4,bottle+tulips+kettle+bunny,Z,./stimuli/B_cropped_v1117/bottle2_tulip toy_kettle_bunny/IMG_3656.jpg,tulips,annotator1,12,SiteB,-1,0.490817016,0.164910771,0.615732349,0.351218261,0.866080156,0.632453568,0.640273705,0.407624633,0.500488759,0.671554252,0.188660802,0.500488759
1062,front,1,4,bottle+tulips+kettle+bunny,Z,./stimuli/B_cropped_v1117/bottle2_tulip toy_kettle_bunny/IMG_3657.jpg,kettle,annotator1,12,SiteB,-1,0.482996879,0.160193653,0.607912212,0.340295105,0.866080156,0.632453568,0.640273705,0.407624633,0.500488759,0.671554252,0.188660802,0.500488759
1063,front,1,4,bottle+tulips+kettle+bunny,Z,./stimuli/B_cropped_v1117/bottle2_tulip toy_kettle_bunny/IMG_3658.jpg,bunny,annotator1,11,SiteB,-1,0.480064327,0.163193308,0.604979661,0.337295451,0.866080156,0.632453568,0.649071359,0.407624633,0.500488759,0.632453568,0.188660802,0.500488759
1064,front,1,4,bottle+tulips+kettle+bunny,Z,./stimuli/B_cropped_v1117/bottle2_tulip toy_kettle_bunny/IMG_3659.jpg,bottle,annotator1,19,SiteB,bottle,0.497659635,0.169968824,0.622574969,0.350070277,0.866080156,0.632453568,0.640273705,0.407624633,0.500488759,0.671554252,0.188660802,0.500488759
1065,front,1,4,bottle+tulips+kettle+bunny,Z,./stimuli/B_cropped_v1117/bottle2_tulip toy_kettle_bunny/IMG_3660.jpg,tulips,annotator1,16,SiteB,bottle,0.507434806,0.168991307,0.63235014,0.349092759,0.884652981,0.632453568,0.654936461,0.407624633,0.500488759,0.671554252,0.188660802,0.500488759
1066,front,1,4,bottle+tulips+kettle+bunny,Z,./stimuli/B_cropped_v1117/bottle2_tulip toy_kettle_bunny/IMG_3661.jpg,kettle,annotator1,3,SiteB,bottle,0.511344875,0.16801379,0.636260208,0.348115242,0.884652981,0.632453568,0.660801564,0.407624633,0.500488759,0.671554252,0.188660802,0.500488759
1067,front,1,4,bottle+tulips+kettle+bunny,Z,./stimuli/B_cropped_v1117/bottle2_tulip toy_kettle_bunny/IMG_3662.jpg,bunny,annotator1,7,SiteB,bottle,0.501683767,0.175833927,0.638101179,0.355935379,0.884652981,0.632453568,0.744868035,0.403714565,0.500488759,0.671554252,0.188660802,0.500488759
1068,front,1,4,bottle+tulips+kettle+bunny,Z,./stimuli/B_cropped_v1117/bottle2_tulip toy_kettle_bunny/IMG_3663.jpg,tulips,annotator1,12,SiteB,tulips,0.502547221,0.185676201,0.627462554,0.359778344,0.884652981,0.632453568,0.654936461,0.42228739,0.500488759,0.671554252,0.188660802,0.500488759
1069,front,1,4,bottle+tulips+kettle+bunny,Z,./stimuli/B_cropped_v1117/bottle2_tulip toy_kettle_bunny/IMG_3664.jpg,bottle,annotator1,6,SiteB,tulips,0.507434806,0.182676547,0.63235014,0.362777999,0.884652981,0.632453568,0.654936461,0.434995112,0.500488759,0.671554252,0.188660802,0.500488759
1070,front,1,4,bottle+tulips+kettle+bunny,Z,./stimuli/B_cropped_v1117/bottle2_tulip toy_kettle_bunny/IMG_3665.jpg,kettle,annotator1,19,SiteB,tulips,0.502547221,0.182676547,0.627462554,0.362777999,0.884652981,0.632453568,0.654936461,0.42228739,0.500488759,0.671554252,0.188660802,0.500488759
1071,front,1,4,bottle+tulips+kettle+bunny,Z,./stimuli/B_cropped_v1117/bottle2_tulip toy_kettle_bunny/IMG_3666.jpg,bunny,annotator1,6,SiteB,tulips,0.507434806,0.185609098,0.63235014,0.36571055,0.884652981,0.671554252,0.654936461,0.442815249,0.500488759,0.671554252,0.230694037,0.632453568
1072,front,1,4,bottle+tulips+kettle+bunny,Z,./stimuli/B_cropped_v1117/bottle2_tulip toy_kettle_bunny/IMG_3667.jpg,kettle,annotator1,9,SiteB,kettle,0.48592943,0.197406407,0.610844763,0.371508549,0.866080156,0.632453568,0.644183773,0.440860215,0.500488759,0.671554252,0.188660802,0.500488759
1073,front,1,4,bottle+tulips+kettle+bunny,Z,./stimuli/B_cropped_v1117/bottle2_tulip toy_kettle_bunny/IMG_3668.jpg,bottle,annotator1,19,SiteB,kettle,0.490817016,0.191541304,0.615732349,0.365643447,0.866080156,0.632453568,0.654936461,0.434995112,0.500488759,0.671554252,0.188660802,0.500488759
1074,front,1,4,bottle+tulips+kettle+bunny,Z,./stimuli/B_cropped_v1117/bottle2_tulip toy_kettle_bunny/IMG_3669.jpg,tulips,annotator1,16,SiteB,kettle,0.490817016,0.191541304,0.615732349,0.365643447,0.866080156,0.632453568,0.709677419,0.470185728,0.500488759,0.671554252,0.188660802,0.500488759
1075,front,1,4,bottle+tulips+kettle+bunny,Z,./stimuli/B_cropped_v1117/bottle2_tulip toy_kettle_bunny/IMG_3670.jpg,bunny,annotator1,1,SiteB,kettle,0.48592943,0.191541304,0.610844763,0.365643447,0.866080156,0.632453568,0.635386119,0.434995112,0.500488759,0.671554252,0.188660802,0.500488759
1076,front,1,4,bottle+tulips+kettle+bunny,Z,./stimuli/B_cropped_v1117/bottle2_tulip toy_kettle_bunny/IMG_3671.jpg,bunny,annotator1,19,SiteB,bunny,0.463446537,0.210114129,0.58836187,0.384216272,0.853372434,0.671554252,0.632453568,0.442815249,0.500488759,0.671554252,0.188660802,0.500488759
1077,front,1,4,bottle+tulips+kettle+bunny,Z,./stimuli/B_cropped_v1117/bottle2_tulip toy_kettle_bunny/IMG_3672.jpg,bottle,annotator1,18,SiteB,bunny,0.465465904,0.211024543,0.619578084,0.391125995,0.853372434,0.632453568,0.632453568,0.442815249,0.500488759,0.671554252,0.188660802,0.500488759
1078,front,1,4,bottle+tulips+kettle+bunny,Z,./stimuli/B_cropped_v1117/bottle2_tulip toy_kettle_bunny/IMG_3673.jpg,tulips,annotator1,2,SiteB,bunny,0.467356605,0.214024197,0.592271938,0.38812634,0.853372434,0.632453568,0.632453568,0.442815249,0.500488759,0.671554252,0.188660802,0.500488759
1079,front,1,4,bottle+tulips+kettle+bunny,Z,./stimuli/B_cropped_v1117/bottle2_tulip toy_kettle_bunny/IMG_3674.jpg,kettle,annotator1,5,SiteB,bunny,0.464942028,0.215001714,0.62010196,0.389103857,0.853372434,0.632453568,0.632453568,0.442815249,0.500488759,0.671554252,0.188660802,0.500488759
1080,front,2,4,bottle+tulips+kettle+bunny,Z,./stimuli/B_cropped_v1117/bottle2_tulip toy_kettle_bunny/IMG_3675.jpg,bottle,annotator1,1,SiteB,-1,0.48592943,0.312132968,0.610844763,0.460105547,0.900293255,0.671554252,0.660801564,0.529814272,0.458455523,0.721407625,0.165200391,0.671554252
1081,front,2,4,bottle+tulips+kettle+bunny,Z,./stimuli/B_cropped_v1117/bottle2_tulip toy_kettle_bunny/IMG_3676.jpg,tulips,annotator1,6,SiteB,-1,0.477131776,0.312132968,0.602047109,0.460105547,0.900293255,0.671554252,0.703812317,0.548387097,0.440860215,0.721407625,0.1485826,0.671554252
1082,front,2,4,bottle+tulips+kettle+bunny,Z,./stimuli/B_cropped_v1117/bottle2_tulip toy_kettle_bunny/IMG_3677.jpg,kettle,annotator1,8,SiteB,-1,0.452693849,0.31799807,0.577609182,0.465970649,0.900293255,0.671554252,0.703812317,0.560117302,0.440860215,0.721407625,0.1485826,0.671554252
1083,front,2,4,bottle+tulips+kettle+bunny,Z,./stimuli/B_cropped_v1117/bottle2_tulip toy_kettle_bunny/IMG_3678.jpg,bunny,annotator1,9,SiteB,-1,0.434552134,0.323395158,0.566425383,0.466438664,0.921798631,0.671554252,0.660801564,0.542521994,0.500488759,0.744868035,0.188660802,0.686217009
1084,front,2,4,bottle+tulips+kettle+bunny,Z,./stimuli/B_cropped_v1117/bottle2_tulip toy_kettle_bunny/IMG_3679.jpg,bottle,annotator1,2,SiteB,bottle,0.449375995,0.315905787,0.647398199,0.470017966,0.921798631,0.671554252,0.666666667,0.542521994,0.458455523,0.721407625,0.165200391,0.721407625
1085,front,2,4,bottle+tulips+kettle+bunny,Z,./stimuli/B_cropped_v1117/bottle2_tulip toy_kettle_bunny/IMG_3680.jpg,tulips,annotator1,14,SiteB,bottle,0.449375995,0.31492827,0.647398199,0.469040449,0.935483871,0.671554252,0.660801564,0.529814272,0.458455523,0.721407625,0.165200391,0.686217009
1086,front,2,4,bottle+tulips+kettle+bunny,Z,./stimuli/B_cropped_v1117/bottle2_tulip toy_kettle_bunny/IMG_3681.jpg,kettle,annotator1,13,SiteB,bottle,0.48592943,0.31492827,0.610844763,0.469040449,0.935483871,0.671554252,0.666666667,0.542521994,0.458455523,0.721407625,0.188660802,0.703812317
1087,front,2,4,bottle+tulips+kettle+bunny,Z,./stimuli/B_cropped_v1117/bottle2_tulip toy_kettle_bunny/IMG_3682.jpg,bunny,annotator1,3,SiteB,bottle,0.5,0.31492827,0.6,0.469040449,0.921798631,0.671554252,0.660801564,0.529814272,0.458455523,0.721407625,0.165200391,0.703812317
1088,front,2,4,bottle+tulips+kettle+bunny,Z,./stimuli/B_cropped_v1117/bottle2_tulip toy_kettle_bunny/IMG_3683.jpg,tulips,annotator1,4,SiteB,tulips,0.478099022,0.324703441,0.593259727,0.47881562,0.900293255,0.721407625,0.703812317,0.579667644,0.440860215,0.744868035,0.1485826,0.686217009
1089,front,2,4,bottle+tulips+kettle+bunny,Z,./stimuli/B_cropped_v1117/bottle2_tulip toy_kettle_bunny/IMG_3684.jpg,bottle,annotator1,14,SiteB,tulips,0.48200909,0.334147846,0.597169795,0.477191352,0.900293255,0.721407625,0.703812317,0.579667644,0.442815249,0.744868035,0.165200391,0.703812317
1090,front,2,4,bottle+tulips+kettle+bunny,Z,./stimuli/B_cropped_v1117/bottle2_tulip toy_kettle_bunny/IMG_3685.jpg,kettle,annotator1,7,SiteB,tulips,0.48200909,0.328282744,0.597169795,0.471326249,0.900293255,0.721407625,0.703812317,0.579667644,0.440860215,0.744868035,0.1485826,0.721407625
1091,front,2,4,bottle+tulips+kettle+bunny,Z,./stimuli/B_cropped_v1117/bottle2_tulip toy_kettle_bunny/IMG_3686.jpg,bunny,annotator1,8,SiteB,tulips,0.48200909,0.334147846,0.597169795,0.477191352,0.900293255,0.721407625,0.671554252,0.560117302,0.440860215,0.744868035,0.1485826,0.721407625
1092,front,2,4,bottle+tulips+kettle+bunny,Z,./stimuli/B_cropped_v1117/bottle2_tulip toy_kettle_bunny/IMG_3687.jpg,kettle,annotator1,1,SiteB,kettle,0.473652818,0.342298749,0.605526068,0.496410928,0.921798631,0.721407625,0.703812317,0.579667644,0.440860215,0.744868035,0.1485826,0.721407625
1093,front,2,4,bottle+tulips+kettle+bunny,Z,./stimuli/B_cropped_v1117/bottle2_tulip toy_kettle_bunny/IMG_3688.jpg,bottle,annotator1,4,SiteB,kettle,0.48200909,0.3483011,0.597169795,0.49627368,0.935483871,0.744868035,0.666666667,0.560117302,0.458455523,0.749755621,0.188660802,0.721407625
1094,front,2,4,bottle+tulips+kettle+bunny,Z,./stimuli/B_cropped_v1117/bottle2_tulip toy_kettle_bunny/IMG_3689.jpg,tulips,annotator1,12,SiteB,kettle,0.48200909,0.3483011,0.597169795,0.49627368,0.935483871,0.721407625,0.709677419,0.579667644,0.458455523,0.744868035,0.165200391,0.721407625
1095,front,2,4,bottle+tulips+kettle+bunny,Z,./stimuli/B_cropped_v1117/bottle2_tulip toy_kettle_bunny/IMG_3690.jpg,bunny,annotator1,18,SiteB,kettle,0.45879057,0.3483011,0.620388316,0.49627368,0.921798631,0.744868035,0.660801564,0.560117302,0.440860215,0.769305963,0.165200391,0.721407625
1096,front,2,4,bottle+tulips+kettle+bunny,Z,./stimuli/B_cropped_v1117/bottle2_tulip toy_kettle_bunny/IMG_3691.jpg,bunny,annotator1,11,SiteB,bunny,0.430406145,0.359563291,0.570571372,0.502606797,0.921798631,0.721407625,0.703812317,0.590420332,0.440860215,0.744868035,0.1485826,0.721407625
1097,front,2,4,bottle+tulips+kettle+bunny,Z,./stimuli/B_cropped_v1117/bottle2_tulip toy_kettle_bunny/IMG_3692.jpg,bottle,annotator1,19,SiteB,bunny,0.462143017,0.360540808,0.6,0.503584314,0.935483871,0.744868035,0.660801564,0.560117302,0.458455523,0.769305963,0.165200391,0.721407625
1098,front,2,4,bottle+tulips+kettle+bunny,Z,./stimuli/B_cropped_v1117/bottle2_tulip toy_kettle_bunny/IMG_3693.jpg,tulips,annotator1,14,SiteB,bunny,0.462067608,0.361008823,0.568235422,0.508981402,0.935483871,0.744868035,0.721407625,0.594330401,0.458455523,0.769305963,0.165200391,0.721407625
1099,front,2,4,bottle+tulips+kettle+bunny,Z,./stimuli/B_cropped_v1117/bottle2_tulip toy_kettle_bunny/IMG_3694.jpg,kettle,annotator1,10,SiteB,bunny,0.462067608,0.36347336,0.568235422,0.506516865,0.921798631,0.744868035,0.709677419,0.594330401,0.442815249,0.769305963,0.1485826,0.742913001
1100,front,3,4,bottle+tulips+kettle+bunny,Z,./stimuli/B_cropped_v1117/bottle2_tulip toy_kettle_bunny/IMG_3695.jpg,bottle,annotator1,9,SiteB,-1,0.530493805,0.38334476,0.63666162,0.517926013,0.942326491,0.721407625,0.727272727,0.594330401,0.440860215,0.744868035,0.11827957,0.671554252
1101,front,3,4,bottle+tulips+kettle+bunny,Z,./stimuli/B_cropped_v1117/bottle2_tulip toy_kettle_bunny/IMG_3696.jpg,tulips,annotator1,11,SiteB,-1,0.538460734,0.36882896,0.628694691,0.516801539,0.942326491,0.721407625,0.744868035,0.594330401,0.440860215,0.744868035,0.1485826,0.686217009
1102,front,3,4,bottle+tulips+kettle+bunny,Z,./stimuli/B_cropped_v1117/bottle2_tulip toy_kettle_bunny/IMG_3697.jpg,kettle,annotator1,16,SiteB,-1,0.530061361,0.375524623,0.629273927,0.510105876,0.942326491,0.671554252,0.739002933,0.594330401,0.440860215,0.721407625,0.1485826,0.686217009
1103,front,3,4,bottle+tulips+kettle+bunny,Z,./stimuli/B_cropped_v1117/bottle2_tulip toy_kettle_bunny/IMG_3698.jpg,bunny,annotator1,6,SiteB,-1,0.503123326,0.396428967,0.609291141,0.528302216,0.942326491,0.721407625,0.739002933,0.607038123,0.440860215,0.744868035,0.11827957,0.721407625
1104,front,3,4,bottle+tulips+kettle+bunny,Z,./stimuli/B_cropped_v1117/bottle2_tulip toy_kettle_bunny/IMG_3699.jpg,bottle,annotator1,10,SiteB,bottle,0.544724118,0.398985033,0.643936684,0.533566286,0.942326491,0.721407625,0.739002933,0.602150538,0.440860215,0.749755621,0.11827957,0.671554252
1105,front,3,4,bottle+tulips+kettle+bunny,Z,./stimuli/B_cropped_v1117/bottle2_tulip toy_kettle_bunny/IMG_3700.jpg,tulips,annotator1,5,SiteB,bottle,0.552544255,0.39996255,0.651756821,0.534543803,0.942326491,0.742913001,0.744868035,0.608993157,0.440860215,0.744868035,0.1485826,0.721407625
1106,front,3,4,bottle+tulips+kettle+bunny,Z,./stimuli/B_cropped_v1117/bottle2_tulip toy_kettle_bunny/IMG_3701.jpg,kettle,annotator1,18,SiteB,bottle,0.543992274,0.433198132,0.646623562,0.567779385,0.942326491,0.769305963,0.739002933,0.644183773,0.440860215,0.769305963,0.1485826,0.742913001
1107,front,3,4,bottle+tulips+kettle+bunny,Z,./stimuli/B_cropped_v1117/bottle2_tulip toy_kettle_bunny/IMG_3702.jpg,bunny,annotator1,8,SiteB,bottle,0.537336425,0.392756227,0.64350424,0.531974956,0.935483871,0.721407625,0.674486804,0.579667644,0.440860215,0.744868035,0.1485826,0.721407625
1108,front,3,4,bottle+tulips+kettle+bunny,Z,./stimuli/B_cropped_v1117/bottle2_tulip toy_kettle_bunny/IMG_3703.jpg,tulips,annotator1,11,SiteB,tulips,0.530061361,0.394753907,0.629273927,0.537797413,0.935483871,0.721407625,0.674486804,0.579667644,0.440860215,0.744868035,0.1485826,0.703812317
1109,front,3,4,bottle+tulips+kettle+bunny,Z,./stimuli/B_cropped_v1117/bottle2_tulip toy_kettle_bunny/IMG_3704.jpg,bottle,annotator1,12,SiteB,tulips,0.530061361,0.392518898,0.629273927,0.524392148,0.935483871,0.721407625,0.734115347,0.602150538,0.440860215,0.744868035,0.1485826,0.703812317
1110,front,3,4,bottle+tulips+kettle+bunny,Z,./stimuli/B_cropped_v1117/bottle2_tulip toy_kettle_bunny/IMG_3705.jpg,kettle,annotator1,2,SiteB,tulips,0.539104688,0.404486432,0.641735976,0.543705161,0.942326491,0.749755621,0.744868035,0.579667644,0.440860215,0.744868035,0.1485826,0.703812317
1111,front,3,4,bottle+tulips+kettle+bunny,Z,./stimuli/B_cropped_v1117/bottle2_tulip toy_kettle_bunny/IMG_3706.jpg,bunny,annotator1,2,SiteB,tulips,0.542224011,0.404486432,0.648391825,0.543705161,0.942326491,0.744868035,0.739002933,0.619745846,0.440860215,0.749755621,0.1485826,0.703812317
1112,front,3,4,bottle+tulips+kettle+bunny,Z,./stimuli/B_cropped_v1117/bottle2_tulip toy_kettle_bunny/IMG_3707.jpg,kettle,annotator1,17,SiteB,kettle,0.528352,0.42587626,0.630983288,0.551640847,0.942326491,0.744868035,0.739002933,0.632453568,0.440860215,0.744868035,0.1485826,0.721407625
1113,front,3,4,bottle+tulips+kettle+bunny,Z,./stimuli/B_cropped_v1117/bottle2_tulip toy_kettle_bunny/IMG_3708.jpg,bottle,annotator1,11,SiteB,kettle,0.528352,0.427141558,0.630983288,0.550375548,0.942326491,0.744868035,0.739002933,0.632453568,0.440860215,0.749755621,0.11827957,0.721407625
1115,front,3,4,bottle+tulips+kettle+bunny,Z,./stimuli/B_cropped_v1117/bottle2_tulip toy_kettle_bunny/IMG_3710.jpg,bunny,annotator1,16,SiteB,kettle,0.530061361,0.427141558,0.629273927,0.550375548,0.942326491,0.744868035,0.739002933,0.626588465,0.440860215,0.744868035,0.11827957,0.742913001
1116,front,3,4,bottle+tulips+kettle+bunny,Z,./stimuli/B_cropped_v1117/bottle2_tulip toy_kettle_bunny/IMG_3710x.jpg,bunny,annotator1,8,SiteB,bunny,0.508801658,0.430879394,0.611432946,0.570098123,0.935483871,0.744868035,0.649071359,0.607038123,0.407624633,0.744868035,0.1485826,0.721407625
1117,front,3,4,bottle+tulips+kettle+bunny,Z,./stimuli/B_cropped_v1117/bottle2_tulip toy_kettle_bunny/IMG_3711.jpg,bottle,annotator1,12,SiteB,bunny,0.507033395,0.422943708,0.613201209,0.548708296,0.942326491,0.744868035,0.739002933,0.626588465,0.439882698,0.749755621,0.1485826,0.721407625
1118,front,3,4,bottle+tulips+kettle+bunny,Z,./stimuli/B_cropped_v1117/bottle2_tulip toy_kettle_bunny/IMG_3712.jpg,tulips,annotator1,3,SiteB,bunny,0.507033395,0.42587626,0.613201209,0.551640847,0.942326491,0.742913001,0.739002933,0.626588465,0.440860215,0.749755621,0.134897361,0.721407625
1119,front,3,4,bottle+tulips+kettle+bunny,Z,./stimuli/B_cropped_v1117/bottle2_tulip toy_kettle_bunny/IMG_3713.jpg,kettle,annotator1,8,SiteB,bunny,0.507033395,0.42587626,0.613201209,0.551640847,0.942326491,0.742913001,0.739002933,0.626588465,0.440860215,0.749755621,0.134897361,0.721407625
1120,left,1,4,bottle+tulips+kettle+bunny,Z,./stimuli/B_cropped_v1117/bottle2_tulip toy_kettle_bunny/IMG_3714.jpg,bottle,annotator1,14,SiteB,-1,0.563729387,0.410394181,0.669897202,0.553437686,0.500488759,0.769305963,0.373411535,0.632453568,0.265884653,0.769305963,0.1485826,0.721407625
1121,left,1,4,bottle+tulips+kettle+bunny,Z,./stimuli/B_cropped_v1117/bottle2_tulip toy_kettle_bunny/IMG_3715.jpg,tulips,annotator1,7,SiteB,-1,0.563729387,0.402574044,0.669897202,0.54561755,0.500488759,0.769305963,0.373411535,0.632453568,0.272727273,0.744868035,0.134897361,0.671554252
1122,left,1,4,bottle+tulips+kettle+bunny,Z,./stimuli/B_cropped_v1117/bottle2_tulip toy_kettle_bunny/IMG_3716.jpg,kettle,annotator1,0,SiteB,-1,0.563729387,0.402574044,0.669897202,0.54561755,0.500488759,0.769305963,0.382209189,0.632453568,0.272727273,0.769305963,0.1485826,0.721407625
1123,left,1,4,bottle+tulips+kettle+bunny,Z,./stimuli/B_cropped_v1117/bottle2_tulip toy_kettle_bunny/IMG_3717.jpg,bunny,annotator1,14,SiteB,-1,0.55590925,0.41523912,0.662077065,0.55445785,0.500488759,0.769305963,0.373411535,0.632453568,0.272727273,0.769305963,0.1485826,0.721407625
1124,left,1,4,bottle+tulips+kettle+bunny,Z,./stimuli/B_cropped_v1117/bottle2_tulip toy_kettle_bunny/IMG_3718.jpg,bottle,annotator1,6,SiteB,bottle,0.577805767,0.410394181,0.692966472,0.553437686,0.500488759,0.788856305,0.442815249,0.613880743,0.301075269,0.769305963,0.165200391,0.721407625
1125,left,1,4,bottle+tulips+kettle+bunny,Z,./stimuli/B_cropped_v1117/bottle2_tulip toy_kettle_bunny/IMG_3719.jpg,tulips,annotator1,12,SiteB,bottle,0.582693352,0.410394181,0.697854057,0.553437686,0.542521994,0.769305963,0.442815249,0.613880743,0.301075269,0.769305963,0.165200391,0.721407625
1126,left,1,4,bottle+tulips+kettle+bunny,Z,./stimuli/B_cropped_v1117/bottle2_tulip toy_kettle_bunny/IMG_3720.jpg,kettle,annotator1,17,SiteB,bottle,0.586603421,0.417557858,0.701764126,0.552139111,0.542521994,0.769305963,0.39198436,0.654936461,0.301075269,0.769305963,0.165200391,0.671554252
1127,left,1,4,bottle+tulips+kettle+bunny,Z,./stimuli/B_cropped_v1117/bottle2_tulip toy_kettle_bunny/IMG_3721.jpg,bunny,annotator1,7,SiteB,bottle,0.586603421,0.410394181,0.701764126,0.553437686,0.542521994,0.769305963,0.442815249,0.613880743,0.301075269,0.769305963,0.165200391,0.721407625
1128,left,1,4,bottle+tulips+kettle+bunny,Z,./stimuli/B_cropped_v1117/bottle2_tulip toy_kettle_bunny/IMG_3722.jpg,tulips,annotator1,10,SiteB,tulips,0.676659329,0.326201094,0.813076741,0.512508583,0.602150538,0.769305963,0.500488759,0.579667644,0.335288368,0.769305963,0.1485826,0.721407625
1129,left,1,4,bottle+tulips+kettle+bunny,Z,./stimuli/B_cropped_v1117/bottle2_tulip toy_kettle_bunny/IMG_3723.jpg,bottle,annotator1,7,SiteB,tulips,0.669393568,0.349661505,0.808612297,0.535968994,0.602150538,0.788856305,0.500488759,0.608993157,0.335288368,0.788856305,0.146627566,0.744868035
1130,left,1,4,bottle+tulips+kettle+bunny,Z,./stimuli/B_cropped_v1117/bottle2_tulip toy_kettle_bunny/IMG_3724.jpg,kettle,annotator1,4,SiteB,tulips,0.674704295,0.355764178,0.811121707,0.529866321,0.602150538,0.788856305,0.500488759,0.602150538,0.335288368,0.788856305,0.1485826,0.744868035
1131,left,1,4,bottle+tulips+kettle+bunny,Z,./stimuli/B_cropped_v1117/bottle2_tulip toy_kettle_bunny/IMG_3725.jpg,bunny,annotator1,11,SiteB,tulips,0.667964147,0.347944041,0.810041718,0.522046184,0.602150538,0.769305963,0.500488759,0.602150538,0.335288368,0.788856305,0.1485826,0.742913001
1132,left,1,4,bottle+tulips+kettle+bunny,Z,./stimuli/B_cropped_v1117/bottle2_tulip toy_kettle_bunny/IMG_3726.jpg,kettle,annotator1,7,SiteB,kettle,0.653198918,0.363584315,0.789616331,0.537686458,0.602150538,0.769305963,0.500488759,0.602150538,0.335288368,0.788856305,0.1485826,0.744868035
1133,left,1,4,bottle+tulips+kettle+bunny,Z,./stimuli/B_cropped_v1117/bottle2_tulip toy_kettle_bunny/IMG_3727.jpg,bottle,annotator1,3,SiteB,kettle,0.653198918,0.347944041,0.789616331,0.522046184,0.602150538,0.769305963,0.500488759,0.594330401,0.335288368,0.788856305,0.1485826,0.742913001
1134,left,1,4,bottle+tulips+kettle+bunny,Z,./stimuli/B_cropped_v1117/bottle2_tulip toy_kettle_bunny/IMG_3728.jpg,tulips,annotator1,2,SiteB,kettle,0.648311333,0.355764178,0.784728745,0.529866321,0.602150538,0.788856305,0.500488759,0.602150538,0.335288368,0.788856305,0.1485826,0.744868035
1135,left,1,4,bottle+tulips+kettle+bunny,Z,./stimuli/B_cropped_v1117/bottle2_tulip toy_kettle_bunny/IMG_3729.jpg,bunny,annotator1,8,SiteB,kettle,0.650368839,0.347944041,0.79244641,0.522046184,0.602150538,0.788856305,0.500488759,0.602150538,0.335288368,0.788856305,0.1485826,0.742913001
1136,left,1,4,bottle+tulips+kettle+bunny,Z,./stimuli/B_cropped_v1117/bottle2_tulip toy_kettle_bunny/IMG_3730.jpg,bunny,annotator1,14,SiteB,bunny,0.64135465,0.36533593,0.766269983,0.535934842,0.602150538,0.788856305,0.500488759,0.602150538,0.335288368,0.788856305,0.1485826,0.742913001
1137,left,1,4,bottle+tulips+kettle+bunny,Z,./stimuli/B_cropped_v1117/bottle2_tulip toy_kettle_bunny/IMG_3731.jpg,bottle,annotator1,11,SiteB,bunny,0.638422099,0.36533593,0.763337432,0.535934842,0.602150538,0.788856305,0.500488759,0.608993157,0.335288368,0.788856305,0.1485826,0.744868035
1138,left,1,4,bottle+tulips+kettle+bunny,Z,./stimuli/B_cropped_v1117/bottle2_tulip toy_kettle_bunny/IMG_3732.jpg,tulips,annotator1,2,SiteB,bunny,0.64135465,0.368268481,0.766269983,0.538867393,0.602150538,0.788856305,0.500488759,0.608993157,0.335288368,0.788856305,0.1485826,0.749755621
1139,left,1,4,bottle+tulips+kettle+bunny,Z,./stimuli/B_cropped_v1117/bottle2_tulip toy_kettle_bunny/IMG_3733.jpg,kettle,annotator1,2,SiteB,bunny,0.645481253,0.356864026,0.787558825,0.52290137,0.602150538,0.769305963,0.500488759,0.594330401,0.335288368,0.788856305,0.1485826,0.742913001
1140,left,2,4,bottle+tulips+kettle+bunny,Z,./stimuli/B_cropped_v1117/bottle2_tulip toy_kettle_bunny/IMG_3734.jpg,bottle,annotator1,3,SiteB,-1,0.683818996,0.314708459,0.815692246,0.488810602,0.810361681,0.769305963,0.579667644,0.632453568,0.359726295,0.788856305,0.1485826,0.742913001
1141,left,2,4,bottle+tulips+kettle+bunny,Z,./stimuli/B_cropped_v1117/bottle2_tulip toy_kettle_bunny/IMG_3735.jpg,tulips,annotator1,19,SiteB,-1,0.694310241,0.335236319,0.844301684,0.509338461,0.832844575,0.788856305,0.579667644,0.632453568,0.359726295,0.788856305,0.1485826,0.744868035
1142,left,2,4,bottle+tulips+kettle+bunny,Z,./stimuli/B_cropped_v1117/bottle2_tulip toy_kettle_bunny/IMG_3736.jpg,kettle,annotator1,10,SiteB,-1,0.682410369,0.345384075,0.807325702,0.514830979,0.810361681,0.788856305,0.579667644,0.632453568,0.359726295,0.788856305,0.1485826,0.744868035
1143,left,2,4,bottle+tulips+kettle+bunny,Z,./stimuli/B_cropped_v1117/bottle2_tulip toy_kettle_bunny/IMG_3737.jpg,bunny,annotator1,3,SiteB,-1,0.682410369,0.335236319,0.807325702,0.509338461,0.832844575,0.788856305,0.579667644,0.632453568,0.359726295,0.788856305,0.1485826,0.742913001
1144,left,2,4,bottle+tulips+kettle+bunny,Z,./stimuli/B_cropped_v1117/bottle2_tulip toy_kettle_bunny/IMG_3738.jpg,bottle,annotator1,12,SiteB,bottle,0.69218554,0.343056455,0.817100873,0.517158598,0.810361681,0.788856305,0.569892473,0.632453568,0.359726295,0.788856305,0.1485826,0.721407625
1145,left,2,4,bottle+tulips+kettle+bunny,Z,./stimuli/B_cropped_v1117/bottle2_tulip toy_kettle_bunny/IMG_3739.jpg,tulips,annotator1,13,SiteB,bottle,0.69218554,0.353605725,0.817100873,0.524204637,0.810361681,0.788856305,0.569892473,0.632453568,0.359726295,0.788856305,0.1485826,0.744868035
1146,left,2,4,bottle+tulips+kettle+bunny,Z,./stimuli/B_cropped_v1117/bottle2_tulip toy_kettle_bunny/IMG_3740.jpg,kettle,annotator1,6,SiteB,bottle,0.684597021,0.34501149,0.846194768,0.519113633,0.810361681,0.788856305,0.569892473,0.632453568,0.359726295,0.788856305,0.1485826,0.742913001
1147,left,2,4,bottle+tulips+kettle+bunny,Z,./stimuli/B_cropped_v1117/bottle2_tulip toy_kettle_bunny/IMG_3741.jpg,bunny,annotator1,10,SiteB,bottle,0.67,0.347944041,0.814422942,0.522046184,0.810361681,0.788856305,0.569892473,0.632453568,0.359726295,0.788856305,0.1485826,0.744868035
1148,left,2,4,bottle+tulips+kettle+bunny,Z,./stimuli/B_cropped_v1117/bottle2_tulip toy_kettle_bunny/IMG_3742.jpg,tulips,annotator1,17,SiteB,tulips,0.683818996,0.343056455,0.815692246,0.517158598,0.810361681,0.788856305,0.569892473,0.632453568,0.359726295,0.788856305,0.1485826,0.742913001
1149,left,2,4,bottle+tulips+kettle+bunny,Z,./stimuli/B_cropped_v1117/bottle2_tulip toy_kettle_bunny/IMG_3743.jpg,bottle,annotator1,17,SiteB,tulips,0.683818996,0.337191353,0.815692246,0.511293496,0.810361681,0.788856305,0.579667644,0.632453568,0.359726295,0.788856305,0.1485826,0.742913001
1150,left,2,4,bottle+tulips+kettle+bunny,Z,./stimuli/B_cropped_v1117/bottle2_tulip toy_kettle_bunny/IMG_3744.jpg,kettle,annotator1,0,SiteB,tulips,0.687297954,0.349695656,0.812213287,0.520294568,0.810361681,0.788856305,0.579667644,0.632453568,0.359726295,0.788856305,0.1485826,0.744868035
1151,left,2,4,bottle+tulips+kettle+bunny,Z,./stimuli/B_cropped_v1117/bottle2_tulip toy_kettle_bunny/IMG_3745.jpg,bunny,annotator1,2,SiteB,tulips,0.687297954,0.345384075,0.812213287,0.514830979,0.810361681,0.788856305,0.579667644,0.632453568,0.359726295,0.788856305,0.1485826,0.742913001
1152,left,2,4,bottle+tulips+kettle+bunny,Z,./stimuli/B_cropped_v1117/bottle2_tulip toy_kettle_bunny/IMG_3746.jpg,kettle,annotator1,16,SiteB,kettle,0.67,0.353646917,0.796183679,0.516343308,0.810361681,0.788856305,0.569892473,0.632453568,0.359726295,0.788856305,0.1485826,0.742913001
1153,left,2,4,bottle+tulips+kettle+bunny,Z,./stimuli/B_cropped_v1117/bottle2_tulip toy_kettle_bunny/IMG_3747.jpg,bottle,annotator1,8,SiteB,kettle,0.676545266,0.361467054,0.801460599,0.524163445,0.810361681,0.788856305,0.579667644,0.632453568,0.359726295,0.788856305,0.165200391,0.744868035
1154,left,2,4,bottle+tulips+kettle+bunny,Z,./stimuli/B_cropped_v1117/bottle2_tulip toy_kettle_bunny/IMG_3748.jpg,tulips,annotator1,10,SiteB,kettle,0.66351984,0.325923701,0.826216231,0.518651079,0.810361681,0.788856305,0.569892473,0.632453568,0.359726295,0.788856305,0.1485826,0.742913001
1155,left,2,4,bottle+tulips+kettle+bunny,Z,./stimuli/B_cropped_v1117/bottle2_tulip toy_kettle_bunny/IMG_3749.jpg,bunny,annotator1,12,SiteB,kettle,0.676545266,0.353646917,0.801460599,0.516343308,0.810361681,0.788856305,0.569892473,0.632453568,0.359726295,0.788856305,0.1485826,0.742913001
1156,left,2,4,bottle+tulips+kettle+bunny,Z,./stimuli/B_cropped_v1117/bottle2_tulip toy_kettle_bunny/IMG_3750.jpg,bunny,annotator1,7,SiteB,bunny,0.65,0.355283781,0.787199254,0.514706444,0.810361681,0.788856305,0.569892473,0.632453568,0.359726295,0.788856305,0.1485826,0.742913001
1157,left,2,4,bottle+tulips+kettle+bunny,Z,./stimuli/B_cropped_v1117/bottle2_tulip toy_kettle_bunny/IMG_3751.jpg,bottle,annotator1,12,SiteB,bunny,0.646231964,0.373579296,0.761392669,0.527691476,0.788856305,0.788856305,0.569892473,0.632453568,0.359726295,0.788856305,0.1485826,0.744868035
1158,left,2,4,bottle+tulips+kettle+bunny,Z,./stimuli/B_cropped_v1117/bottle2_tulip toy_kettle_bunny/IMG_3752.jpg,tulips,annotator1,8,SiteB,bunny,0.658949958,0.361849091,0.783865291,0.51596127,0.810361681,0.788856305,0.569892473,0.632453568,0.359726295,0.788856305,0.1485826,0.742913001
1159,left,2,4,bottle+tulips+kettle+bunny,Z,./stimuli/B_cropped_v1117/bottle2_tulip toy_kettle_bunny/IMG_3753.jpg,kettle,annotator1,16,SiteB,bunny,0.658949958,0.361849091,0.783865291,0.51596127,0.810361681,0.788856305,0.569892473,0.632453568,0.359726295,0.788856305,0.1485826,0.742913001
1160,left,3,4,bottle+tulips+kettle+bunny,Z,./stimuli/B_cropped_v1117/bottle2_tulip toy_kettle_bunny/IMG_3754.jpg,bottle,annotator1,18,SiteB,-1,0.706848296,0.34501149,0.831763629,0.519113633,0.853372434,0.788856305,0.569892473,0.632453568,0.359726295,0.769305963,0.11827957,0.632453568
1161,left,3,4,bottle+tulips+kettle+bunny,Z,./stimuli/B_cropped_v1117/bottle2_tulip toy_kettle_bunny/IMG_3755.jpg,tulips,annotator1,10,SiteB,-1,0.699197827,0.320573562,0.84918927,0.494675705,0.853372434,0.788856305,0.560117302,0.632453568,0.335288368,0.769305963,0.11827957,0.671554252
1162,left,3,4,bottle+tulips+kettle+bunny,Z,./stimuli/B_cropped_v1117/bottle2_tulip toy_kettle_bunny/IMG_3756.jpg,kettle,annotator1,2,SiteB,-1,0.682410369,0.340343715,0.807325702,0.494455894,0.866080156,0.788856305,0.569892473,0.632453568,0.335288368,0.769305963,0.1485826,0.703812317
1163,left,3,4,bottle+tulips+kettle+bunny,Z,./stimuli/B_cropped_v1117/bottle2_tulip toy_kettle_bunny/IMG_3757.jpg,bunny,annotator1,4,SiteB,-1,0.680636983,0.340939195,0.797368882,0.503635586,0.866080156,0.788856305,0.569892473,0.632453568,0.359726295,0.769305963,0.11827957,0.686217009
1164,left,3,4,bottle+tulips+kettle+bunny,Z,./stimuli/B_cropped_v1117/bottle2_tulip toy_kettle_bunny/IMG_3758.jpg,bottle,annotator1,4,SiteB,bottle,0.719556019,0.321483976,0.844471352,0.501585428,0.866080156,0.788856305,0.569892473,0.632453568,0.335288368,0.769305963,0.109481916,0.703812317
1165,left,3,4,bottle+tulips+kettle+bunny,Z,./stimuli/B_cropped_v1117/bottle2_tulip toy_kettle_bunny/IMG_3759.jpg,tulips,annotator1,18,SiteB,bottle,0.71856823,0.330348733,0.833728935,0.504450876,0.866080156,0.788856305,0.569892473,0.632453568,0.335288368,0.769305963,0.109481916,0.686217009
1166,left,3,4,bottle+tulips+kettle+bunny,Z,./stimuli/B_cropped_v1117/bottle2_tulip toy_kettle_bunny/IMG_3760.jpg,kettle,annotator1,12,SiteB,bottle,0.713860584,0.332303767,0.863852026,0.50640591,0.866080156,0.788856305,0.579667644,0.632453568,0.359726295,0.769305963,0.11827957,0.671554252
1167,left,3,4,bottle+tulips+kettle+bunny,Z,./stimuli/B_cropped_v1117/bottle2_tulip toy_kettle_bunny/IMG_3761.jpg,bunny,annotator1,5,SiteB,bottle,0.719556019,0.32424606,0.844471352,0.510553549,0.866080156,0.788856305,0.569892473,0.632453568,0.335288368,0.769305963,0.11827957,0.686217009
1168,left,3,4,bottle+tulips+kettle+bunny,Z,./stimuli/B_cropped_v1117/bottle2_tulip toy_kettle_bunny/IMG_3762.jpg,tulips,annotator1,18,SiteB,tulips,0.703369338,0.332676353,0.835242588,0.502123256,0.866080156,0.788856305,0.579667644,0.632453568,0.359726295,0.769305963,0.109481916,0.721407625
1169,left,3,4,bottle+tulips+kettle+bunny,Z,./stimuli/B_cropped_v1117/bottle2_tulip toy_kettle_bunny/IMG_3763.jpg,bottle,annotator1,7,SiteB,tulips,0.7,0.332676353,0.825509192,0.502123256,0.866080156,0.788856305,0.569892473,0.632453568,0.359726295,0.769305963,0.11827957,0.686217009
1170,left,3,4,bottle+tulips+kettle+bunny,Z,./stimuli/B_cropped_v1117/bottle2_tulip toy_kettle_bunny/IMG_3764.jpg,kettle,annotator1,1,SiteB,tulips,0.702938228,0.320573562,0.827853561,0.494675705,0.866080156,0.788856305,0.569892473,0.632453568,0.335288368,0.769305963,0.11827957,0.686217009
1171,left,3,4,bottle+tulips+kettle+bunny,Z,./stimuli/B_cropped_v1117/bottle2_tulip toy_kettle_bunny/IMG_3765.jpg,bunny,annotator1,2,SiteB,tulips,0.7,0.336336167,0.825509192,0.502373511,0.866080156,0.788856305,0.569892473,0.632453568,0.335288368,0.769305963,0.109481916,0.721407625
1172,left,3,4,bottle+tulips+kettle+bunny,Z,./stimuli/B_cropped_v1117/bottle2_tulip toy_kettle_bunny/IMG_3766.jpg,kettle,annotator1,9,SiteB,kettle,0.676545266,0.346804297,0.801460599,0.509500688,0.866080156,0.788856305,0.569892473,0.632453568,0.335288368,0.769305963,0.11827957,0.721407625
1173,left,3,4,bottle+tulips+kettle+bunny,Z,./stimuli/B_cropped_v1117/bottle2_tulip toy_kettle_bunny/IMG_3767.jpg,bottle,annotator1,1,SiteB,kettle,0.682410369,0.305395842,0.807325702,0.49812322,0.866080156,0.788856305,0.579667644,0.632453568,0.335288368,0.769305963,0.1485826,0.703812317
1174,left,3,4,bottle+tulips+kettle+bunny,Z,./stimuli/B_cropped_v1117/bottle2_tulip toy_kettle_bunny/IMG_3768.jpg,tulips,annotator1,17,SiteB,kettle,0.682410369,0.338006643,0.807325702,0.500703034,0.866080156,0.788856305,0.569892473,0.632453568,0.335288368,0.769305963,0.146627566,0.703812317
1175,left,3,4,bottle+tulips+kettle+bunny,Z,./stimuli/B_cropped_v1117/bottle2_tulip toy_kettle_bunny/IMG_3769.jpg,bunny,annotator1,16,SiteB,kettle,0.676545266,0.340939195,0.801460599,0.503635586,0.866080156,0.788856305,0.569892473,0.632453568,0.335288368,0.769305963,0.109481916,0.721407625
1176,left,3,4,bottle+tulips+kettle+bunny,Z,./stimuli/B_cropped_v1117/bottle2_tulip toy_kettle_bunny/IMG_3770.jpg,bunny,annotator1,7,SiteB,bunny,0.653228517,0.353051437,0.752441082,0.507163617,0.866080156,0.788856305,0.569892473,0.632453568,0.335288368,0.769305963,0.109481916,0.721407625
1177,left,3,4,bottle+tulips+kettle+bunny,Z,./stimuli/B_cropped_v1117/bottle2_tulip toy_kettle_bunny/IMG_3771.jpg,bottle,annotator1,19,SiteB,bunny,0.654062372,0.366873925,0.778977706,0.514846505,0.853372434,0.788856305,0.569892473,0.632453568,0.335288368,0.769305963,0.11827957,0.721407625
1178,left,3,4,bottle+tulips+kettle+bunny,Z,./stimuli/B_cropped_v1117/bottle2_tulip toy_kettle_bunny/IMG_3772.jpg,tulips,annotator1,2,SiteB,bunny,0.658939687,0.3452313,0.774100392,0.49934348,0.866080156,0.788856305,0.569892473,0.632453568,0.335288368,0.769305963,0.109481916,0.703812317
1179,left,3,4,bottle+tulips+kettle+bunny,Z,./stimuli/B_cropped_v1117/bottle2_tulip toy_kettle_bunny/IMG_3773.jpg,kettle,annotator1,7,SiteB,bunny,0.663827272,0.357939023,0.778987977,0.512051202,0.853372434,0.788856305,0.569892473,0.632453568,0.335288368,0.769305963,0.11827957,0.721407625
1180,right,1,4,bottle+tulips+kettle+wooden hand,Z,./stimuli/B_cropped_v1117/bottle2_tulip toy_kettle_hand/IMG_4385.jpg,bottle,annotator1,14,SiteH,-1,0.226079547,0.155819692,0.37607099,0.344669067,0.866080156,0.542521994,0.764418377,0.458455523,0.69599218,0.671554252,0.548387097,0.602150538
1181,right,1,4,bottle+tulips+kettle+wooden hand,Z,./stimuli/B_cropped_v1117/bottle2_tulip toy_kettle_hand/IMG_4386.jpg,tulips,annotator1,18,SiteH,-1,0.220276396,0.155819692,0.381874142,0.344669067,0.866080156,0.542521994,0.764418377,0.458455523,0.69599218,0.671554252,0.548387097,0.602150538
1182,right,1,4,bottle+tulips+kettle+wooden hand,Z,./stimuli/B_cropped_v1117/bottle2_tulip toy_kettle_hand/IMG_4387.jpg,kettle,annotator1,16,SiteH,-1,0.209461757,0.160707277,0.359453199,0.349556653,0.866080156,0.542521994,0.749755621,0.458455523,0.69599218,0.671554252,0.548387097,0.602150538
1183,right,1,4,bottle+tulips+kettle+wooden hand,Z,./stimuli/B_cropped_v1117/bottle2_tulip toy_kettle_hand/IMG_4388.jpg,wooden hand,annotator1,6,SiteH,-1,0.200664103,0.151233277,0.350655546,0.349255481,0.866080156,0.542521994,0.749755621,0.458455523,0.69599218,0.671554252,0.548387097,0.602150538
1184,right,1,4,bottle+tulips+kettle+wooden hand,Z,./stimuli/B_cropped_v1117/bottle2_tulip toy_kettle_hand/IMG_4389.jpg,bottle,annotator1,10,SiteH,bottle,0.226079547,0.155819692,0.37607099,0.344669067,0.866080156,0.542521994,0.749755621,0.458455523,0.69599218,0.671554252,0.548387097,0.602150538
1185,right,1,4,bottle+tulips+kettle+wooden hand,Z,./stimuli/B_cropped_v1117/bottle2_tulip toy_kettle_hand/IMG_4390.jpg,tulips,annotator1,11,SiteH,bottle,0.227057064,0.165081239,0.377048507,0.345182691,0.866080156,0.542521994,0.765395894,0.458455523,0.69599218,0.671554252,0.548387097,0.602150538
1186,right,1,4,bottle+tulips+kettle+wooden hand,Z,./stimuli/B_cropped_v1117/bottle2_tulip toy_kettle_hand/IMG_4391.jpg,kettle,annotator1,7,SiteH,bottle,0.227057064,0.165081239,0.377048507,0.345182691,0.866080156,0.542521994,0.764418377,0.458455523,0.69599218,0.671554252,0.548387097,0.602150538
1187,right,1,4,bottle+tulips+kettle+wooden hand,Z,./stimuli/B_cropped_v1117/bottle2_tulip toy_kettle_hand/IMG_4392.jpg,wooden hand,annotator1,19,SiteH,bottle,0.229989616,0.165081239,0.379981059,0.345182691,0.866080156,0.542521994,0.764418377,0.458455523,0.69599218,0.671554252,0.548387097,0.602150538
1188,right,1,4,bottle+tulips+kettle+wooden hand,Z,./stimuli/B_cropped_v1117/bottle2_tulip toy_kettle_hand/IMG_4393.jpg,tulips,annotator1,5,SiteH,tulips,0.220214445,0.15388069,0.370205888,0.346608068,0.866080156,0.542521994,0.749755621,0.458455523,0.69599218,0.671554252,0.548387097,0.602150538
1189,right,1,4,bottle+tulips+kettle+wooden hand,Z,./stimuli/B_cropped_v1117/bottle2_tulip toy_kettle_hand/IMG_4394.jpg,bottle,annotator1,15,SiteH,tulips,0.220214445,0.15388069,0.370205888,0.346608068,0.866080156,0.542521994,0.764418377,0.458455523,0.69599218,0.671554252,0.548387097,0.602150538
1190,right,1,4,bottle+tulips+kettle+wooden hand,Z,./stimuli/B_cropped_v1117/bottle2_tulip toy_kettle_hand/IMG_4395.jpg,kettle,annotator1,6,SiteH,tulips,0.220214445,0.15388069,0.370205888,0.346608068,0.866080156,0.542521994,0.764418377,0.458455523,0.69599218,0.671554252,0.548387097,0.602150538
1191,right,1,4,bottle+tulips+kettle+wooden hand,Z,./stimuli/B_cropped_v1117/bottle2_tulip toy_kettle_hand/IMG_4396.jpg,wooden hand,annotator1,14,SiteH,tulips,0.220214445,0.151233277,0.370205888,0.349255481,0.866080156,0.542521994,0.764418377,0.458455523,0.69599218,0.671554252,0.548387097,0.602150538
1192,right,1,4,bottle+tulips+kettle+wooden hand,Z,./stimuli/B_cropped_v1117/bottle2_tulip toy_kettle_hand/IMG_4397.jpg,kettle,annotator1,10,SiteH,kettle,0.209461757,0.16197822,0.359453199,0.34828571,0.866080156,0.542521994,0.749755621,0.458455523,0.69599218,0.671554252,0.548387097,0.602150538
1193,right,1,4,bottle+tulips+kettle+wooden hand,Z,./stimuli/B_cropped_v1117/bottle2_tulip toy_kettle_hand/IMG_4398.jpg,bottle,annotator1,19,SiteH,kettle,0.209461757,0.16197822,0.359453199,0.34828571,0.866080156,0.542521994,0.764418377,0.458455523,0.69599218,0.671554252,0.548387097,0.602150538
1194,right,1,4,bottle+tulips+kettle+wooden hand,Z,./stimuli/B_cropped_v1117/bottle2_tulip toy_kettle_hand/IMG_4399.jpg,tulips,annotator1,11,SiteH,kettle,0.209461757,0.16197822,0.359453199,0.34828571,0.866080156,0.542521994,0.749755621,0.458455523,0.69599218,0.671554252,0.548387097,0.602150538
1195,right,1,4,bottle+tulips+kettle+wooden hand,Z,./stimuli/B_cropped_v1117/bottle2_tulip toy_kettle_hand/IMG_4400.jpg,wooden hand,annotator1,19,SiteH,kettle,0.209461757,0.16197822,0.359453199,0.34828571,0.866080156,0.542521994,0.749755621,0.458455523,0.69599218,0.671554252,0.548387097,0.602150538
1196,right,1,4,bottle+tulips+kettle+wooden hand,Z,./stimuli/B_cropped_v1117/bottle2_tulip toy_kettle_hand/IMG_4401.jpg,wooden hand,annotator1,17,SiteH,wooden hand,0.200664103,0.16197822,0.350655546,0.34828571,0.866080156,0.542521994,0.749755621,0.458455523,0.69599218,0.671554252,0.548387097,0.602150538
1197,right,1,4,bottle+tulips+kettle+wooden hand,Z,./stimuli/B_cropped_v1117/bottle2_tulip toy_kettle_hand/IMG_4402.jpg,bottle,annotator1,18,SiteH,wooden hand,0.20164162,0.160707277,0.351633063,0.349556653,0.866080156,0.542521994,0.749755621,0.458455523,0.69599218,0.671554252,0.548387097,0.602150538
1198,right,1,4,bottle+tulips+kettle+wooden hand,Z,./stimuli/B_cropped_v1117/bottle2_tulip toy_kettle_hand/IMG_4403.jpg,tulips,annotator1,7,SiteH,wooden hand,0.203596654,0.160707277,0.353588097,0.349556653,0.866080156,0.542521994,0.749755621,0.458455523,0.69599218,0.671554252,0.548387097,0.602150538
1199,right,1,4,bottle+tulips+kettle+wooden hand,Z,./stimuli/B_cropped_v1117/bottle2_tulip toy_kettle_hand/IMG_4404.jpg,kettle,annotator1,17,SiteH,wooden hand,0.203596654,0.160707277,0.353588097,0.349556653,0.866080156,0.542521994,0.764418377,0.458455523,0.69599218,0.671554252,0.548387097,0.602150538
1200,right,2,4,bottle+tulips+kettle+wooden hand,Z,./stimuli/B_cropped_v1117/bottle2_tulip toy_kettle_hand/IMG_4406.jpg,bottle,annotator1,5,SiteH,-1,0.230036483,0.155819692,0.372114055,0.344669067,0.900293255,0.542521994,0.788856305,0.458455523,0.671554252,0.671554252,0.440860215,0.632453568
1201,right,2,4,bottle+tulips+kettle+wooden hand,Z,./stimuli/B_cropped_v1117/bottle2_tulip toy_kettle_hand/IMG_4407.jpg,tulips,annotator1,7,SiteH,-1,0.209461757,0.14000136,0.359453199,0.344847125,0.900293255,0.542521994,0.788856305,0.458455523,0.671554252,0.671554252,0.440860215,0.632453568
1202,right,2,4,bottle+tulips+kettle+wooden hand,Z,./stimuli/B_cropped_v1117/bottle2_tulip toy_kettle_hand/IMG_4408.jpg,kettle,annotator1,17,SiteH,-1,0.197793502,0.15388069,0.359391249,0.346608068,0.900293255,0.542521994,0.788856305,0.450635386,0.671554252,0.671554252,0.440860215,0.632453568
1203,right,2,4,bottle+tulips+kettle+wooden hand,Z,./stimuli/B_cropped_v1117/bottle2_tulip toy_kettle_hand/IMG_4409.jpg,wooden hand,annotator1,8,SiteH,-1,0.200664103,0.155819692,0.350655546,0.344669067,0.900293255,0.542521994,0.788856305,0.458455523,0.671554252,0.671554252,0.440860215,0.632453568
1204,right,2,4,bottle+tulips+kettle+wooden hand,Z,./stimuli/B_cropped_v1117/bottle2_tulip toy_kettle_hand/IMG_4410.jpg,bottle,annotator1,6,SiteH,bottle,0.252302842,0.155819692,0.377218175,0.344669067,0.900293255,0.542521994,0.788856305,0.458455523,0.671554252,0.671554252,0.440860215,0.632453568
1205,right,2,4,bottle+tulips+kettle+wooden hand,Z,./stimuli/B_cropped_v1117/bottle2_tulip toy_kettle_hand/IMG_4411.jpg,tulips,annotator1,19,SiteH,bottle,0.255235393,0.155819692,0.380150726,0.344669067,0.900293255,0.542521994,0.788856305,0.458455523,0.671554252,0.671554252,0.440860215,0.632453568
1206,right,2,4,bottle+tulips+kettle+wooden hand,Z,./stimuli/B_cropped_v1117/bottle2_tulip toy_kettle_hand/IMG_4412.jpg,kettle,annotator1,9,SiteH,bottle,0.255235393,0.155819692,0.380150726,0.344669067,0.900293255,0.542521994,0.788856305,0.458455523,0.671554252,0.671554252,0.440860215,0.632453568
1207,right,2,4,bottle+tulips+kettle+wooden hand,Z,./stimuli/B_cropped_v1117/bottle2_tulip toy_kettle_hand/IMG_4413.jpg,wooden hand,annotator1,12,SiteH,bottle,0.260112707,0.155819692,0.375273412,0.344669067,0.900293255,0.542521994,0.788856305,0.458455523,0.671554252,0.671554252,0.440860215,0.632453568
1208,right,2,4,bottle+tulips+kettle+wooden hand,Z,./stimuli/B_cropped_v1117/bottle2_tulip toy_kettle_hand/IMG_4414.jpg,tulips,annotator1,9,SiteH,tulips,0.222169479,0.15388069,0.372160922,0.346608068,0.900293255,0.542521994,0.788856305,0.450635386,0.671554252,0.671554252,0.440860215,0.632453568
1209,right,2,4,bottle+tulips+kettle+wooden hand,Z,./stimuli/B_cropped_v1117/bottle2_tulip toy_kettle_hand/IMG_4415.jpg,bottle,annotator1,11,SiteH,tulips,0.220214445,0.15388069,0.370205888,0.346608068,0.900293255,0.542521994,0.788856305,0.458455523,0.671554252,0.671554252,0.440860215,0.632453568
1210,right,2,4,bottle+tulips+kettle+wooden hand,Z,./stimuli/B_cropped_v1117/bottle2_tulip toy_kettle_hand/IMG_4416.jpg,kettle,annotator1,0,SiteH,tulips,0.220214445,0.15388069,0.370205888,0.346608068,0.900293255,0.542521994,0.788856305,0.458455523,0.671554252,0.671554252,0.440860215,0.632453568
1211,right,2,4,bottle+tulips+kettle+wooden hand,Z,./stimuli/B_cropped_v1117/bottle2_tulip toy_kettle_hand/IMG_4417.jpg,wooden hand,annotator1,15,SiteH,tulips,0.220214445,0.15388069,0.370205888,0.346608068,0.900293255,0.542521994,0.788856305,0.458455523,0.671554252,0.671554252,0.440860215,0.632453568
1212,right,2,4,bottle+tulips+kettle+wooden hand,Z,./stimuli/B_cropped_v1117/bottle2_tulip toy_kettle_hand/IMG_4418.jpg,kettle,annotator1,19,SiteH,kettle,0.209461757,0.160707277,0.359453199,0.349556653,0.900293255,0.542521994,0.788856305,0.458455523,0.671554252,0.671554252,0.440860215,0.632453568
1213,right,2,4,bottle+tulips+kettle+wooden hand,Z,./stimuli/B_cropped_v1117/bottle2_tulip toy_kettle_hand/IMG_4419.jpg,bottle,annotator1,1,SiteH,kettle,0.209461757,0.16197822,0.359453199,0.34828571,0.900293255,0.542521994,0.788856305,0.458455523,0.671554252,0.671554252,0.440860215,0.632453568
1214,right,2,4,bottle+tulips+kettle+wooden hand,Z,./stimuli/B_cropped_v1117/bottle2_tulip toy_kettle_hand/IMG_4420.jpg,tulips,annotator1,3,SiteH,kettle,0.209461757,0.16197822,0.359453199,0.34828571,0.900293255,0.542521994,0.788856305,0.458455523,0.671554252,0.671554252,0.440860215,0.632453568
1215,right,2,4,bottle+tulips+kettle+wooden hand,Z,./stimuli/B_cropped_v1117/bottle2_tulip toy_kettle_hand/IMG_4421.jpg,wooden hand,annotator1,12,SiteH,kettle,0.203658605,0.151233277,0.365256351,0.349255481,0.900293255,0.542521994,0.788856305,0.458455523,0.671554252,0.671554252,0.440860215,0.632453568
1216,right,2,4,bottle+tulips+kettle+wooden hand,Z,./stimuli/B_cropped_v1117/bottle2_tulip toy_kettle_hand/IMG_4422.jpg,wooden hand,annotator1,2,SiteH,wooden hand,0.188933897,0.160707277,0.33892534,0.349556653,0.900293255,0.542521994,0.788856305,0.450635386,0.671554252,0.671554252,0.440860215,0.632453568
1217,right,2,4,bottle+tulips+kettle+wooden hand,Z,./stimuli/B_cropped_v1117/bottle2_tulip toy_kettle_hand/IMG_4423.jpg,bottle,annotator1,5,SiteH,wooden hand,0.188933897,0.147821497,0.33892534,0.352667262,0.900293255,0.542521994,0.788856305,0.458455523,0.671554252,0.671554252,0.440860215,0.632453568
1218,right,2,4,bottle+tulips+kettle+wooden hand,Z,./stimuli/B_cropped_v1117/bottle2_tulip toy_kettle_hand/IMG_4424.jpg,tulips,annotator1,18,SiteH,wooden hand,0.190888932,0.147821497,0.340880374,0.352667262,0.900293255,0.542521994,0.788856305,0.458455523,0.671554252,0.671554252,0.440860215,0.632453568
1219,right,2,4,bottle+tulips+kettle+wooden hand,Z,./stimuli/B_cropped_v1117/bottle2_tulip toy_kettle_hand/IMG_4425.jpg,kettle,annotator1,11,SiteH,wooden hand,0.190888932,0.163639828,0.340880374,0.352489204,0.900293255,0.542521994,0.788856305,0.458455523,0.671554252,0.671554252,0.440860215,0.632453568
1220,right,3,4,bottle+tulips+kettle+wooden hand,Z,./stimuli/B_cropped_v1117/bottle2_tulip toy_kettle_hand/IMG_4426.jpg,bottle,annotator1,1,SiteH,-1,0.231014,0.155819692,0.373091572,0.344669067,0.942326491,0.542521994,0.811339198,0.450635386,0.632453568,0.721407625,0.284457478,0.671554252
1221,right,3,4,bottle+tulips+kettle+wooden hand,Z,./stimuli/B_cropped_v1117/bottle2_tulip toy_kettle_hand/IMG_4427.jpg,tulips,annotator1,6,SiteH,-1,0.210501225,0.155819692,0.372098971,0.344669067,0.942326491,0.542521994,0.811339198,0.450635386,0.632453568,0.721407625,0.284457478,0.671554252
1222,right,3,4,bottle+tulips+kettle+wooden hand,Z,./stimuli/B_cropped_v1117/bottle2_tulip toy_kettle_hand/IMG_4428.jpg,kettle,annotator1,9,SiteH,-1,0.203596654,0.160707277,0.353588097,0.349556653,0.942326491,0.542521994,0.811339198,0.450635386,0.632453568,0.721407625,0.284457478,0.671554252
1223,right,3,4,bottle+tulips+kettle+wooden hand,Z,./stimuli/B_cropped_v1117/bottle2_tulip toy_kettle_hand/IMG_4429.jpg,wooden hand,annotator1,8,SiteH,-1,0.192890833,0.15388069,0.334968405,0.346608068,0.942326491,0.500488759,0.811339198,0.450635386,0.632453568,0.721407625,0.284457478,0.671554252
1224,right,3,4,bottle+tulips+kettle+wooden hand,Z,./stimuli/B_cropped_v1117/bottle2_tulip toy_kettle_hand/IMG_4430.jpg,bottle,annotator1,7,SiteH,bottle,0.246654274,0.15388069,0.388731845,0.346608068,0.942326491,0.542521994,0.810361681,0.450635386,0.632453568,0.721407625,0.284457478,0.671554252
1225,right,3,4,bottle+tulips+kettle+wooden hand,Z,./stimuli/B_cropped_v1117/bottle2_tulip toy_kettle_hand/IMG_4431.jpg,tulips,annotator1,3,SiteH,bottle,0.246654274,0.164910771,0.388731845,0.351218261,0.942326491,0.542521994,0.811339198,0.450635386,0.632453568,0.721407625,0.284457478,0.671554252
1226,right,3,4,bottle+tulips+kettle+wooden hand,Z,./stimuli/B_cropped_v1117/bottle2_tulip toy_kettle_hand/IMG_4432.jpg,kettle,annotator1,13,SiteH,bottle,0.246654274,0.165594863,0.388731845,0.354444238,0.942326491,0.542521994,0.811339198,0.450635386,0.632453568,0.721407625,0.284457478,0.671554252
1227,right,3,4,bottle+tulips+kettle+wooden hand,Z,./stimuli/B_cropped_v1117/bottle2_tulip toy_kettle_hand/IMG_4433.jpg,wooden hand,annotator1,14,SiteH,bottle,0.246654274,0.164910771,0.388731845,0.351218261,0.942326491,0.542521994,0.811339198,0.450635386,0.632453568,0.721407625,0.284457478,0.671554252
1228,right,3,4,bottle+tulips+kettle+wooden hand,Z,./stimuli/B_cropped_v1117/bottle2_tulip toy_kettle_hand/IMG_4434.jpg,tulips,annotator1,1,SiteH,tulips,0.227057064,0.16197822,0.377048507,0.34828571,0.942326491,0.542521994,0.811339198,0.442815249,0.632453568,0.721407625,0.284457478,0.671554252
1229,right,3,4,bottle+tulips+kettle+wooden hand,Z,./stimuli/B_cropped_v1117/bottle2_tulip toy_kettle_hand/IMG_4435.jpg,bottle,annotator1,12,SiteH,tulips,0.227057064,0.16197822,0.377048507,0.34828571,0.942326491,0.542521994,0.811339198,0.450635386,0.632453568,0.721407625,0.284457478,0.671554252
1230,right,3,4,bottle+tulips+kettle+wooden hand,Z,./stimuli/B_cropped_v1117/bottle2_tulip toy_kettle_hand/IMG_4436.jpg,kettle,annotator1,14,SiteH,tulips,0.227057064,0.16197822,0.377048507,0.34828571,0.942326491,0.542521994,0.811339198,0.450635386,0.632453568,0.721407625,0.284457478,0.671554252
1231,right,3,4,bottle+tulips+kettle+wooden hand,Z,./stimuli/B_cropped_v1117/bottle2_tulip toy_kettle_hand/IMG_4437.jpg,wooden hand,annotator1,13,SiteH,tulips,0.227057064,0.15388069,0.377048507,0.346608068,0.942326491,0.542521994,0.811339198,0.450635386,0.632453568,0.721407625,0.284457478,0.671554252
1232,right,3,4,bottle+tulips+kettle+wooden hand,Z,./stimuli/B_cropped_v1117/bottle2_tulip toy_kettle_hand/IMG_4438.jpg,kettle,annotator1,3,SiteH,kettle,0.209461757,0.163639828,0.359453199,0.352489204,0.942326491,0.542521994,0.810361681,0.450635386,0.632453568,0.721407625,0.284457478,0.671554252
1233,right,3,4,bottle+tulips+kettle+wooden hand,Z,./stimuli/B_cropped_v1117/bottle2_tulip toy_kettle_hand/IMG_4439.jpg,bottle,annotator1,1,SiteH,kettle,0.209461757,0.163639828,0.359453199,0.352489204,0.942326491,0.542521994,0.810361681,0.450635386,0.632453568,0.721407625,0.284457478,0.671554252
1234,right,3,4,bottle+tulips+kettle+wooden hand,Z,./stimuli/B_cropped_v1117/bottle2_tulip toy_kettle_hand/IMG_4440.jpg,tulips,annotator1,16,SiteH,kettle,0.209461757,0.163639828,0.359453199,0.352489204,0.942326491,0.542521994,0.811339198,0.450635386,0.632453568,0.721407625,0.284457478,0.671554252
1235,right,3,4,bottle+tulips+kettle+wooden hand,Z,./stimuli/B_cropped_v1117/bottle2_tulip toy_kettle_hand/IMG_4441.jpg,wooden hand,annotator1,15,SiteH,kettle,0.209461757,0.163639828,0.359453199,0.352489204,0.942326491,0.542521994,0.810361681,0.450635386,0.632453568,0.721407625,0.284457478,0.671554252
1236,right,3,4,bottle+tulips+kettle+wooden hand,Z,./stimuli/B_cropped_v1117/bottle2_tulip toy_kettle_hand/IMG_4442.jpg,wooden hand,annotator1,8,SiteH,wooden hand,0.186978863,0.147821497,0.336970306,0.352667262,0.942326491,0.500488759,0.811339198,0.450635386,0.632453568,0.721407625,0.284457478,0.671554252
1237,right,3,4,bottle+tulips+kettle+wooden hand,Z,./stimuli/B_cropped_v1117/bottle2_tulip toy_kettle_hand/IMG_4443.jpg,bottle,annotator1,6,SiteH,wooden hand,0.186978863,0.147821497,0.336970306,0.352667262,0.942326491,0.542521994,0.810361681,0.450635386,0.632453568,0.721407625,0.284457478,0.671554252
1238,right,3,4,bottle+tulips+kettle+wooden hand,Z,./stimuli/B_cropped_v1117/bottle2_tulip toy_kettle_hand/IMG_4444.jpg,tulips,annotator1,16,SiteH,wooden hand,0.191921615,0.163639828,0.335937622,0.352489204,0.942326491,0.542521994,0.810361681,0.450635386,0.632453568,0.721407625,0.284457478,0.671554252
1239,right,3,4,bottle+tulips+kettle+wooden hand,Z,./stimuli/B_cropped_v1117/bottle2_tulip toy_kettle_hand/IMG_4445.jpg,kettle,annotator1,1,SiteH,wooden hand,0.188933897,0.165594863,0.33892534,0.354444238,0.942326491,0.542521994,0.810361681,0.450635386,0.632453568,0.721407625,0.284457478,0.671554252
1240,front,1,4,bottle+tulips+kettle+wooden hand,Z,./stimuli/B_cropped_v1117/bottle2_tulip toy_kettle_hand/IMG_4596.jpg,bottle,annotator1,12,SiteH,-1,0.400519801,0.079769386,0.576997306,0.330787799,0.884652981,0.744868035,0.632453568,0.542521994,0.359726295,0.744868035,0.109481916,0.594330401
1241,front,1,4,bottle+tulips+kettle+wooden hand,Z,./stimuli/B_cropped_v1117/bottle2_tulip toy_kettle_hand/IMG_4597.jpg,tulips,annotator1,18,SiteH,-1,0.375084694,0.08033981,0.573106899,0.326307307,0.884652981,0.671554252,0.632453568,0.542521994,0.359726295,0.744868035,0.109481916,0.594330401
1242,front,1,4,bottle+tulips+kettle+wooden hand,Z,./stimuli/B_cropped_v1117/bottle2_tulip toy_kettle_hand/IMG_4598.jpg,kettle,annotator1,3,SiteH,-1,0.37021677,0.076321253,0.546694276,0.334235932,0.884652981,0.744868035,0.632453568,0.542521994,0.359726295,0.744868035,0.109481916,0.602150538
1243,front,1,4,bottle+tulips+kettle+wooden hand,Z,./stimuli/B_cropped_v1117/bottle2_tulip toy_kettle_hand/IMG_4599.jpg,wooden hand,annotator1,11,SiteH,-1,0.359464082,0.08033981,0.535941587,0.326307307,0.884652981,0.744868035,0.632453568,0.542521994,0.359726295,0.744868035,0.109481916,0.594330401
1244,front,1,4,bottle+tulips+kettle+wooden hand,Z,./stimuli/B_cropped_v1117/bottle2_tulip toy_kettle_hand/IMG_4600.jpg,bottle,annotator1,9,SiteH,bottle,0.402879177,0.089815291,0.57463793,0.332472099,0.884652981,0.744868035,0.632453568,0.542521994,0.359726295,0.769305963,0.109481916,0.594330401
1245,front,1,4,bottle+tulips+kettle+wooden hand,Z,./stimuli/B_cropped_v1117/bottle2_tulip toy_kettle_hand/IMG_4601.jpg,tulips,annotator1,19,SiteH,bottle,0.402879177,0.089815291,0.57463793,0.332472099,0.884652981,0.671554252,0.632453568,0.542521994,0.359726295,0.744868035,0.109481916,0.602150538
1246,front,1,4,bottle+tulips+kettle+wooden hand,Z,./stimuli/B_cropped_v1117/bottle2_tulip toy_kettle_hand/IMG_4602.jpg,kettle,annotator1,8,SiteH,bottle,0.405422111,0.088159947,0.595555406,0.334127443,0.884652981,0.744868035,0.632453568,0.542521994,0.359726295,0.744868035,0.109481916,0.602150538
1247,front,1,4,bottle+tulips+kettle+wooden hand,Z,./stimuli/B_cropped_v1117/bottle2_tulip toy_kettle_hand/IMG_4603.jpg,wooden hand,annotator1,3,SiteH,bottle,0.406384903,0.088159947,0.582862409,0.334127443,0.884652981,0.744868035,0.632453568,0.542521994,0.359726295,0.744868035,0.109481916,0.602150538
1248,front,1,4,bottle+tulips+kettle+wooden hand,Z,./stimuli/B_cropped_v1117/bottle2_tulip toy_kettle_hand/IMG_4604.jpg,tulips,annotator1,4,SiteH,tulips,0.382904831,0.079769386,0.580927036,0.330787799,0.884652981,0.744868035,0.632453568,0.542521994,0.359726295,0.744868035,0.109481916,0.602150538
1249,front,1,4,bottle+tulips+kettle+wooden hand,Z,./stimuli/B_cropped_v1117/bottle2_tulip toy_kettle_hand/IMG_4605.jpg,bottle,annotator1,3,SiteH,tulips,0.382904831,0.079769386,0.580927036,0.330787799,0.884652981,0.671554252,0.632453568,0.542521994,0.359726295,0.744868035,0.109481916,0.594330401
1250,front,1,4,bottle+tulips+kettle+wooden hand,Z,./stimuli/B_cropped_v1117/bottle2_tulip toy_kettle_hand/IMG_4606.jpg,kettle,annotator1,10,SiteH,tulips,0.386849286,0.089815291,0.576982581,0.332472099,0.884652981,0.744868035,0.632453568,0.542521994,0.359726295,0.744868035,0.109481916,0.602150538
1251,front,1,4,bottle+tulips+kettle+wooden hand,Z,./stimuli/B_cropped_v1117/bottle2_tulip toy_kettle_hand/IMG_4607.jpg,wooden hand,annotator1,16,SiteH,tulips,0.386454304,0.079769386,0.58,0.330787799,0.884652981,0.744868035,0.632453568,0.542521994,0.359726295,0.744868035,0.109481916,0.602150538
1252,front,1,4,bottle+tulips+kettle+wooden hand,Z,./stimuli/B_cropped_v1117/bottle2_tulip toy_kettle_hand/IMG_4608.jpg,kettle,annotator1,9,SiteH,kettle,0.374126839,0.085634488,0.550604344,0.336652902,0.884652981,0.744868035,0.632453568,0.542521994,0.359726295,0.744868035,0.109481916,0.602150538
1253,front,1,4,bottle+tulips+kettle+wooden hand,Z,./stimuli/B_cropped_v1117/bottle2_tulip toy_kettle_hand/IMG_4609.jpg,bottle,annotator1,10,SiteH,kettle,0.374126839,0.085634488,0.550604344,0.336652902,0.884652981,0.744868035,0.632453568,0.542521994,0.359726295,0.744868035,0.109481916,0.594330401
1254,front,1,4,bottle+tulips+kettle+wooden hand,Z,./stimuli/B_cropped_v1117/bottle2_tulip toy_kettle_hand/IMG_4610.jpg,tulips,annotator1,17,SiteH,kettle,0.376081873,0.085634488,0.552559378,0.336652902,0.884652981,0.744868035,0.632453568,0.542521994,0.359726295,0.744868035,0.109481916,0.594330401
1255,front,1,4,bottle+tulips+kettle+wooden hand,Z,./stimuli/B_cropped_v1117/bottle2_tulip toy_kettle_hand/IMG_4611.jpg,wooden hand,annotator1,15,SiteH,kettle,0.376081873,0.085634488,0.552559378,0.336652902,0.884652981,0.744868035,0.632453568,0.542521994,0.359726295,0.744868035,0.109481916,0.602150538
1256,front,1,4,bottle+tulips+kettle+wooden hand,Z,./stimuli/B_cropped_v1117/bottle2_tulip toy_kettle_hand/IMG_4612.jpg,wooden hand,annotator1,13,SiteH,wooden hand,0.356531531,0.091770325,0.533009036,0.334427134,0.884652981,0.671554252,0.632453568,0.542521994,0.359726295,0.744868035,0.109481916,0.602150538
1257,front,1,4,bottle+tulips+kettle+wooden hand,Z,./stimuli/B_cropped_v1117/bottle2_tulip toy_kettle_hand/IMG_4613.jpg,bottle,annotator1,19,SiteH,wooden hand,0.357509048,0.090114981,0.533986553,0.336082478,0.884652981,0.744868035,0.632453568,0.542521994,0.359726295,0.744868035,0.109481916,0.602150538
1258,front,1,4,bottle+tulips+kettle+wooden hand,Z,./stimuli/B_cropped_v1117/bottle2_tulip toy_kettle_hand/IMG_4614.jpg,tulips,annotator1,3,SiteH,wooden hand,0.359464082,0.087589522,0.535941587,0.338607936,0.884652981,0.744868035,0.632453568,0.542521994,0.359726295,0.744868035,0.109481916,0.594330401
1259,front,1,4,bottle+tulips+kettle+wooden hand,Z,./stimuli/B_cropped_v1117/bottle2_tulip toy_kettle_hand/IMG_4615.jpg,kettle,annotator1,18,SiteH,wooden hand,0.359464082,0.090114981,0.535941587,0.336082478,0.884652981,0.744868035,0.632453568,0.542521994,0.359726295,0.744868035,0.109481916,0.594330401
1260,front,2,4,bottle+tulips+kettle+wooden hand,Z,./stimuli/B_cropped_v1117/bottle2_tulip toy_kettle_hand/IMG_4616.jpg,bottle,annotator1,14,SiteH,-1,0.430600289,0.272675224,0.57,0.446777367,0.900293255,0.744868035,0.632453568,0.594330401,0.359726295,0.769305963,0.101661779,0.632453568
1261,front,2,4,bottle+tulips+kettle+wooden hand,Z,./stimuli/B_cropped_v1117/bottle2_tulip toy_kettle_hand/IMG_4617.jpg,tulips,annotator1,7,SiteH,-1,0.422390818,0.272675224,0.547306151,0.446777367,0.89540567,0.744868035,0.632453568,0.542521994,0.359726295,0.744868035,0.101661779,0.632453568
1262,front,2,4,bottle+tulips+kettle+wooden hand,Z,./stimuli/B_cropped_v1117/bottle2_tulip toy_kettle_hand/IMG_4618.jpg,kettle,annotator1,7,SiteH,-1,0.407728062,0.272675224,0.532643395,0.446777367,0.890518084,0.744868035,0.632453568,0.542521994,0.359726295,0.769305963,0.101661779,0.632453568
1263,front,2,4,bottle+tulips+kettle+wooden hand,Z,./stimuli/B_cropped_v1117/bottle2_tulip toy_kettle_hand/IMG_4619.jpg,wooden hand,annotator1,14,SiteH,-1,0.399907925,0.272675224,0.524823258,0.446777367,0.900293255,0.744868035,0.632453568,0.542521994,0.359726295,0.769305963,0.101661779,0.632453568
1264,front,2,4,bottle+tulips+kettle+wooden hand,Z,./stimuli/B_cropped_v1117/bottle2_tulip toy_kettle_hand/IMG_4620.jpg,bottle,annotator1,18,SiteH,bottle,0.438031092,0.272675224,0.562946425,0.446777367,0.89540567,0.744868035,0.632453568,0.548387097,0.359726295,0.769305963,0.101661779,0.632453568
1265,front,2,4,bottle+tulips+kettle+wooden hand,Z,./stimuli/B_cropped_v1117/bottle2_tulip toy_kettle_hand/IMG_4621.jpg,tulips,annotator1,9,SiteH,bottle,0.434552134,0.272675224,0.566425383,0.446777367,0.900293255,0.744868035,0.632453568,0.548387097,0.359726295,0.769305963,0.101661779,0.632453568
1266,front,2,4,bottle+tulips+kettle+wooden hand,Z,./stimuli/B_cropped_v1117/bottle2_tulip toy_kettle_hand/IMG_4622.jpg,kettle,annotator1,2,SiteH,bottle,0.438031092,0.272675224,0.562946425,0.446777367,0.89540567,0.744868035,0.632453568,0.542521994,0.359726295,0.769305963,0.101661779,0.632453568
1267,front,2,4,bottle+tulips+kettle+wooden hand,Z,./stimuli/B_cropped_v1117/bottle2_tulip toy_kettle_hand/IMG_4623.jpg,wooden hand,annotator1,7,SiteH,bottle,0.438031092,0.272675224,0.562946425,0.446777367,0.89540567,0.744868035,0.632453568,0.542521994,0.359726295,0.744868035,0.101661779,0.632453568
1268,front,2,4,bottle+tulips+kettle+wooden hand,Z,./stimuli/B_cropped_v1117/bottle2_tulip toy_kettle_hand/IMG_4624.jpg,tulips,annotator1,10,SiteH,tulips,0.422821928,0.272675224,0.554695178,0.446777367,0.900293255,0.744868035,0.632453568,0.542521994,0.359726295,0.769305963,0.101661779,0.632453568
1269,front,2,4,bottle+tulips+kettle+wooden hand,Z,./stimuli/B_cropped_v1117/bottle2_tulip toy_kettle_hand/IMG_4625.jpg,bottle,annotator1,2,SiteH,tulips,0.422821928,0.272675224,0.554695178,0.446777367,0.900293255,0.744868035,0.632453568,0.542521994,0.359726295,0.744868035,0.101661779,0.632453568
1270,front,2,4,bottle+tulips+kettle+wooden hand,Z,./stimuli/B_cropped_v1117/bottle2_tulip toy_kettle_hand/IMG_4626.jpg,kettle,annotator1,9,SiteH,tulips,0.422821928,0.272675224,0.554695178,0.446777367,0.89540567,0.744868035,0.632453568,0.542521994,0.359726295,0.769305963,0.099706745,0.632453568
1271,front,2,4,bottle+tulips+kettle+wooden hand,Z,./stimuli/B_cropped_v1117/bottle2_tulip toy_kettle_hand/IMG_4627.jpg,wooden hand,annotator1,1,SiteH,tulips,0.422821928,0.272675224,0.554695178,0.446777367,0.900293255,0.744868035,0.632453568,0.542521994,0.359726295,0.769305963,0.101661779,0.632453568
1272,front,2,4,bottle+tulips+kettle+wooden hand,Z,./stimuli/B_cropped_v1117/bottle2_tulip toy_kettle_hand/IMG_4628.jpg,kettle,annotator1,7,SiteH,kettle,0.405773027,0.277562809,0.530688361,0.451664952,0.890518084,0.744868035,0.632453568,0.548387097,0.359726295,0.769305963,0.101661779,0.632453568
1273,front,2,4,bottle+tulips+kettle+wooden hand,Z,./stimuli/B_cropped_v1117/bottle2_tulip toy_kettle_hand/IMG_4629.jpg,bottle,annotator1,15,SiteH,kettle,0.40479551,0.277562809,0.529710844,0.451664952,0.890518084,0.744868035,0.632453568,0.548387097,0.359726295,0.769305963,0.105571848,0.632453568
1274,front,2,4,bottle+tulips+kettle+wooden hand,Z,./stimuli/B_cropped_v1117/bottle2_tulip toy_kettle_hand/IMG_4630.jpg,tulips,annotator1,4,SiteH,kettle,0.40479551,0.279890429,0.529710844,0.449337333,0.890518084,0.744868035,0.632453568,0.548387097,0.359726295,0.769305963,0.101661779,0.632453568
1275,front,2,4,bottle+tulips+kettle+wooden hand,Z,./stimuli/B_cropped_v1117/bottle2_tulip toy_kettle_hand/IMG_4631.jpg,wooden hand,annotator1,1,SiteH,kettle,0.405773027,0.281030795,0.530688361,0.448196967,0.900293255,0.744868035,0.632453568,0.542521994,0.359726295,0.769305963,0.101661779,0.632453568
1276,front,2,4,bottle+tulips+kettle+wooden hand,Z,./stimuli/B_cropped_v1117/bottle2_tulip toy_kettle_hand/IMG_4632.jpg,wooden hand,annotator1,13,SiteH,wooden hand,0.395997856,0.272675224,0.52091319,0.446777367,0.900293255,0.744868035,0.632453568,0.548387097,0.359726295,0.769305963,0.101661779,0.632453568
1277,front,2,4,bottle+tulips+kettle+wooden hand,Z,./stimuli/B_cropped_v1117/bottle2_tulip toy_kettle_hand/IMG_4633.jpg,bottle,annotator1,19,SiteH,wooden hand,0.395997856,0.272675224,0.52091319,0.446777367,0.900293255,0.744868035,0.632453568,0.548387097,0.359726295,0.769305963,0.101661779,0.632453568
1278,front,2,4,bottle+tulips+kettle+wooden hand,Z,./stimuli/B_cropped_v1117/bottle2_tulip toy_kettle_hand/IMG_4634.jpg,tulips,annotator1,12,SiteH,wooden hand,0.395997856,0.272675224,0.52091319,0.446777367,0.900293255,0.744868035,0.632453568,0.542521994,0.359726295,0.769305963,0.101661779,0.632453568
1279,front,2,4,bottle+tulips+kettle+wooden hand,Z,./stimuli/B_cropped_v1117/bottle2_tulip toy_kettle_hand/IMG_4635.jpg,kettle,annotator1,8,SiteH,wooden hand,0.395997856,0.277562809,0.52091319,0.451664952,0.900293255,0.744868035,0.632453568,0.542521994,0.359726295,0.769305963,0.101661779,0.632453568
1280,front,3,4,bottle+tulips+kettle+wooden hand,Z,./stimuli/B_cropped_v1117/bottle2_tulip toy_kettle_hand/IMG_4636.jpg,bottle,annotator1,15,SiteH,-1,0.460657647,0.437606465,0.559870212,0.563371052,0.942326491,0.788856305,0.671554252,0.693059629,0.359726295,0.788856305,0.042033236,0.721407625
1281,front,3,4,bottle+tulips+kettle+wooden hand,Z,./stimuli/B_cropped_v1117/bottle2_tulip toy_kettle_hand/IMG_4637.jpg,tulips,annotator1,4,SiteH,-1,0.450882476,0.434552134,0.550095041,0.566425383,0.942326491,0.788856305,0.671554252,0.693059629,0.359726295,0.788856305,0.042033236,0.721407625
1282,front,3,4,bottle+tulips+kettle+wooden hand,Z,./stimuli/B_cropped_v1117/bottle2_tulip toy_kettle_hand/IMG_4638.jpg,kettle,annotator1,2,SiteH,-1,0.43915227,0.440040752,0.538364836,0.574622005,0.942326491,0.788856305,0.671554252,0.693059629,0.359726295,0.788856305,0.042033236,0.721407625
1283,front,3,4,bottle+tulips+kettle+wooden hand,Z,./stimuli/B_cropped_v1117/bottle2_tulip toy_kettle_hand/IMG_4639.jpg,wooden hand,annotator1,4,SiteH,-1,0.428645255,0.43674853,0.531276543,0.564228987,0.942326491,0.788856305,0.671554252,0.693059629,0.359726295,0.788856305,0.042033236,0.721407625
1284,front,3,4,bottle+tulips+kettle+wooden hand,Z,./stimuli/B_cropped_v1117/bottle2_tulip toy_kettle_hand/IMG_4640.jpg,bottle,annotator1,16,SiteH,bottle,0.465545232,0.44359115,0.564757798,0.571071607,0.942326491,0.788856305,0.671554252,0.693059629,0.359726295,0.788856305,0.042033236,0.721407625
1285,front,3,4,bottle+tulips+kettle+wooden hand,Z,./stimuli/B_cropped_v1117/bottle2_tulip toy_kettle_hand/IMG_4641.jpg,tulips,annotator1,1,SiteH,bottle,0.465545232,0.444449085,0.564757798,0.570213672,0.942326491,0.788856305,0.671554252,0.693059629,0.359726295,0.788856305,0.042033236,0.721407625
1286,front,3,4,bottle+tulips+kettle+wooden hand,Z,./stimuli/B_cropped_v1117/bottle2_tulip toy_kettle_hand/IMG_4642.jpg,kettle,annotator1,14,SiteH,bottle,0.465545232,0.441394753,0.564757798,0.573268003,0.942326491,0.788856305,0.671554252,0.693059629,0.359726295,0.788856305,0.042033236,0.721407625
1287,front,3,4,bottle+tulips+kettle+wooden hand,Z,./stimuli/B_cropped_v1117/bottle2_tulip toy_kettle_hand/IMG_4643.jpg,wooden hand,annotator1,1,SiteH,bottle,0.465545232,0.441394753,0.564757798,0.573268003,0.942326491,0.788856305,0.671554252,0.693059629,0.359726295,0.788856305,0.042033236,0.721407625
1288,front,3,4,bottle+tulips+kettle+wooden hand,Z,./stimuli/B_cropped_v1117/bottle2_tulip toy_kettle_hand/IMG_4644.jpg,tulips,annotator1,13,SiteH,tulips,0.450882476,0.444327305,0.550095041,0.576200554,0.942326491,0.788856305,0.671554252,0.693059629,0.359726295,0.788856305,0.042033236,0.721407625
1289,front,3,4,bottle+tulips+kettle+wooden hand,Z,./stimuli/B_cropped_v1117/bottle2_tulip toy_kettle_hand/IMG_4645.jpg,bottle,annotator1,19,SiteH,tulips,0.450882476,0.447381636,0.550095041,0.573146223,0.942326491,0.788856305,0.671554252,0.693059629,0.359726295,0.788856305,0.042033236,0.721407625
1290,front,3,4,bottle+tulips+kettle+wooden hand,Z,./stimuli/B_cropped_v1117/bottle2_tulip toy_kettle_hand/IMG_4646.jpg,kettle,annotator1,15,SiteH,tulips,0.450882476,0.441394753,0.550095041,0.573268003,0.942326491,0.788856305,0.671554252,0.693059629,0.359726295,0.788856305,0.042033236,0.721407625
1291,front,3,4,bottle+tulips+kettle+wooden hand,Z,./stimuli/B_cropped_v1117/bottle2_tulip toy_kettle_hand/IMG_4647.jpg,wooden hand,annotator1,18,SiteH,tulips,0.449173115,0.447381636,0.551804403,0.573146223,0.942326491,0.788856305,0.671554252,0.693059629,0.359726295,0.788856305,0.042033236,0.721407625
1292,front,3,4,bottle+tulips+kettle+wooden hand,Z,./stimuli/B_cropped_v1117/bottle2_tulip toy_kettle_hand/IMG_4648.jpg,kettle,annotator1,11,SiteH,kettle,0.435242202,0.444327305,0.534454768,0.576200554,0.942326491,0.788856305,0.671554252,0.693059629,0.359726295,0.788856305,0.042033236,0.721407625
1293,front,3,4,bottle+tulips+kettle+wooden hand,Z,./stimuli/B_cropped_v1117/bottle2_tulip toy_kettle_hand/IMG_4649.jpg,bottle,annotator1,14,SiteH,kettle,0.43915227,0.444327305,0.538364836,0.576200554,0.942326491,0.788856305,0.671554252,0.693059629,0.359726295,0.788856305,0.042033236,0.721407625
1294,front,3,4,bottle+tulips+kettle+wooden hand,Z,./stimuli/B_cropped_v1117/bottle2_tulip toy_kettle_hand/IMG_4650.jpg,tulips,annotator1,2,SiteH,kettle,0.435242202,0.444327305,0.534454768,0.576200554,0.942326491,0.788856305,0.671554252,0.693059629,0.359726295,0.788856305,0.042033236,0.721407625
1295,front,3,4,bottle+tulips+kettle+wooden hand,Z,./stimuli/B_cropped_v1117/bottle2_tulip toy_kettle_hand/IMG_4651.jpg,wooden hand,annotator1,7,SiteH,kettle,0.435242202,0.444327305,0.534454768,0.576200554,0.942326491,0.788856305,0.671554252,0.693059629,0.359726295,0.788856305,0.042033236,0.721407625
1296,front,3,4,bottle+tulips+kettle+wooden hand,Z,./stimuli/B_cropped_v1117/bottle2_tulip toy_kettle_hand/IMG_4652.jpg,wooden hand,annotator1,8,SiteH,wooden hand,0.424735187,0.448646934,0.527366475,0.571880925,0.942326491,0.788856305,0.671554252,0.693059629,0.359726295,0.788856305,0.042033236,0.721407625
1297,front,3,4,bottle+tulips+kettle+wooden hand,Z,./stimuli/B_cropped_v1117/bottle2_tulip toy_kettle_hand/IMG_4653.jpg,bottle,annotator1,7,SiteH,wooden hand,0.424735187,0.448646934,0.527366475,0.571880925,0.942326491,0.788856305,0.671554252,0.693059629,0.359726295,0.788856305,0.042033236,0.721407625
1298,front,3,4,bottle+tulips+kettle+wooden hand,Z,./stimuli/B_cropped_v1117/bottle2_tulip toy_kettle_hand/IMG_4654.jpg,tulips,annotator1,2,SiteH,wooden hand,0.428645255,0.448646934,0.531276543,0.571880925,0.942326491,0.788856305,0.671554252,0.693059629,0.359726295,0.788856305,0.042033236,0.721407625
1299,front,3,4,bottle+tulips+kettle+wooden hand,Z,./stimuli/B_cropped_v1117/bottle2_tulip toy_kettle_hand/IMG_4655.jpg,kettle,annotator1,6,SiteH,wooden hand,0.430354616,0.447381636,0.529567182,0.573146223,0.942326491,0.788856305,0.671554252,0.693059629,0.359726295,0.788856305,0.042033236,0.721407625
1300,left,1,4,bottle+tulips+kettle+wooden hand,Z,./stimuli/B_cropped_v1117/bottle2_tulip toy_kettle_hand/IMG_4860.jpg,bottle,annotator1,1,SiteH,-1,0.638638634,0.198846477,0.780716205,0.391573855,0.542521994,0.769305963,0.39198436,0.542521994,0.219941349,0.721407625,0.064516129,0.560117302
1301,left,1,4,bottle+tulips+kettle+wooden hand,Z,./stimuli/B_cropped_v1117/bottle2_tulip toy_kettle_hand/IMG_4861.jpg,tulips,annotator1,3,SiteH,-1,0.641524318,0.196199064,0.791515761,0.394221268,0.542521994,0.769305963,0.39198436,0.548387097,0.230694037,0.721407625,0.078201369,0.579667644
1302,left,1,4,bottle+tulips+kettle+wooden hand,Z,./stimuli/B_cropped_v1117/bottle2_tulip toy_kettle_hand/IMG_4862.jpg,kettle,annotator1,9,SiteH,-1,0.638638634,0.20471158,0.780716205,0.397438958,0.542521994,0.769305963,0.399804497,0.548387097,0.219941349,0.721407625,0.078201369,0.579667644
1303,left,1,4,bottle+tulips+kettle+wooden hand,Z,./stimuli/B_cropped_v1117/bottle2_tulip toy_kettle_hand/IMG_4863.jpg,wooden hand,annotator1,13,SiteH,-1,0.632671059,0.211831593,0.769088472,0.398139082,0.548387097,0.769305963,0.399804497,0.548387097,0.230694037,0.721407625,0.099706745,0.594330401
1304,left,1,4,bottle+tulips+kettle+wooden hand,Z,./stimuli/B_cropped_v1117/bottle2_tulip toy_kettle_hand/IMG_4864.jpg,bottle,annotator1,11,SiteH,bottle,0.663076561,0.20471158,0.805154133,0.397438958,0.542521994,0.769305963,0.405669599,0.560117302,0.230694037,0.721407625,0.099706745,0.602150538
1305,left,1,4,bottle+tulips+kettle+wooden hand,Z,./stimuli/B_cropped_v1117/bottle2_tulip toy_kettle_hand/IMG_4865.jpg,tulips,annotator1,3,SiteH,bottle,0.659119626,0.198154098,0.809111068,0.396176303,0.548387097,0.769305963,0.405669599,0.548387097,0.230694037,0.671554252,0.099706745,0.590420332
1306,left,1,4,bottle+tulips+kettle+wooden hand,Z,./stimuli/B_cropped_v1117/bottle2_tulip toy_kettle_hand/IMG_4866.jpg,kettle,annotator1,7,SiteH,bottle,0.657164591,0.200801512,0.807156034,0.393528889,0.542521994,0.769305963,0.399804497,0.548387097,0.230694037,0.721407625,0.099706745,0.590420332
1307,left,1,4,bottle+tulips+kettle+wooden hand,Z,./stimuli/B_cropped_v1117/bottle2_tulip toy_kettle_hand/IMG_4867.jpg,wooden hand,annotator1,1,SiteH,bottle,0.659119626,0.198846477,0.809111068,0.391573855,0.548387097,0.769305963,0.405669599,0.548387097,0.250244379,0.671554252,0.099706745,0.590420332
1308,left,1,4,bottle+tulips+kettle+wooden hand,Z,./stimuli/B_cropped_v1117/bottle2_tulip toy_kettle_hand/IMG_4868.jpg,tulips,annotator1,9,SiteH,tulips,0.652277006,0.200785478,0.802268449,0.389634854,0.542521994,0.769305963,0.407624633,0.542521994,0.250244379,0.671554252,0.10459433,0.579667644
1309,left,1,4,bottle+tulips+kettle+wooden hand,Z,./stimuli/B_cropped_v1117/bottle2_tulip toy_kettle_hand/IMG_4869.jpg,bottle,annotator1,13,SiteH,tulips,0.652277006,0.200785478,0.802268449,0.389634854,0.542521994,0.769305963,0.407624633,0.542521994,0.250244379,0.671554252,0.099706745,0.579667644
1310,left,1,4,bottle+tulips+kettle+wooden hand,Z,./stimuli/B_cropped_v1117/bottle2_tulip toy_kettle_hand/IMG_4870.jpg,kettle,annotator1,11,SiteH,tulips,0.651299489,0.206650581,0.801290932,0.395499957,0.542521994,0.769305963,0.407624633,0.548387097,0.219941349,0.721407625,0.101661779,0.560117302
1311,left,1,4,bottle+tulips+kettle+wooden hand,Z,./stimuli/B_cropped_v1117/bottle2_tulip toy_kettle_hand/IMG_4871.jpg,wooden hand,annotator1,16,SiteH,tulips,0.646411903,0.207628098,0.796403346,0.396477474,0.542521994,0.769305963,0.407624633,0.548387097,0.250244379,0.716520039,0.099706745,0.560117302
1312,left,1,4,bottle+tulips+kettle+wooden hand,Z,./stimuli/B_cropped_v1117/bottle2_tulip toy_kettle_hand/IMG_4872.jpg,kettle,annotator1,11,SiteH,kettle,0.638638634,0.213786627,0.780716205,0.400094116,0.542521994,0.769305963,0.407624633,0.548387097,0.250244379,0.716520039,0.101661779,0.560117302
1313,left,1,4,bottle+tulips+kettle+wooden hand,Z,./stimuli/B_cropped_v1117/bottle2_tulip toy_kettle_hand/IMG_4873.jpg,bottle,annotator1,11,SiteH,kettle,0.638638634,0.213786627,0.780716205,0.400094116,0.548387097,0.769305963,0.407624633,0.548387097,0.250244379,0.716520039,0.099706745,0.560117302
1314,left,1,4,bottle+tulips+kettle+wooden hand,Z,./stimuli/B_cropped_v1117/bottle2_tulip toy_kettle_hand/IMG_4874.jpg,tulips,annotator1,17,SiteH,kettle,0.637614249,0.221777231,0.787605692,0.401878683,0.548387097,0.769305963,0.407624633,0.548387097,0.250244379,0.704789834,0.105571848,0.560117302
1315,left,1,4,bottle+tulips+kettle+wooden hand,Z,./stimuli/B_cropped_v1117/bottle2_tulip toy_kettle_hand/IMG_4875.jpg,wooden hand,annotator1,6,SiteH,kettle,0.641524318,0.213786627,0.791515761,0.400094116,0.542521994,0.769305963,0.407624633,0.548387097,0.250244379,0.716520039,0.105571848,0.579667644
1316,left,1,4,bottle+tulips+kettle+wooden hand,Z,./stimuli/B_cropped_v1117/bottle2_tulip toy_kettle_hand/IMG_4876.jpg,wooden hand,annotator1,15,SiteH,wooden hand,0.635603611,0.216889645,0.772021023,0.396991098,0.548387097,0.769305963,0.411534702,0.548387097,0.250244379,0.704789834,0.105571848,0.579667644
1317,left,1,4,bottle+tulips+kettle+wooden hand,Z,./stimuli/B_cropped_v1117/bottle2_tulip toy_kettle_hand/IMG_4877.jpg,bottle,annotator1,4,SiteH,wooden hand,0.632671059,0.224776886,0.769088472,0.398879028,0.542521994,0.769305963,0.407624633,0.548387097,0.250244379,0.704789834,0.105571848,0.579667644
1318,left,1,4,bottle+tulips+kettle+wooden hand,Z,./stimuli/B_cropped_v1117/bottle2_tulip toy_kettle_hand/IMG_4878.jpg,tulips,annotator1,15,SiteH,wooden hand,0.632671059,0.224776886,0.769088472,0.398879028,0.542521994,0.769305963,0.407624633,0.548387097,0.250244379,0.721407625,0.105571848,0.579667644
1319,left,1,4,bottle+tulips+kettle+wooden hand,Z,./stimuli/B_cropped_v1117/bottle2_tulip toy_kettle_hand/IMG_4879.jpg,kettle,annotator1,19,SiteH,wooden hand,0.634943141,0.224776886,0.76681639,0.398879028,0.542521994,0.769305963,0.407624633,0.548387097,0.250244379,0.716520039,0.10459433,0.579667644
1320,left,2,4,bottle+tulips+kettle+wooden hand,Z,./stimuli/B_cropped_v1117/bottle2_tulip toy_kettle_hand/IMG_4880.jpg,bottle,annotator1,10,SiteH,-1,0.68453507,0.185446376,0.834526513,0.38346858,0.703812317,0.769305963,0.474095797,0.542521994,0.250244379,0.671554252,0.078201369,0.542521994
1321,left,2,4,bottle+tulips+kettle+wooden hand,Z,./stimuli/B_cropped_v1117/bottle2_tulip toy_kettle_hand/IMG_4881.jpg,tulips,annotator1,19,SiteH,-1,0.67525867,0.195897893,0.8144774,0.384747268,0.703812317,0.769305963,0.470185728,0.542521994,0.230694037,0.671554252,0.078201369,0.542521994
1322,left,2,4,bottle+tulips+kettle+wooden hand,Z,./stimuli/B_cropped_v1117/bottle2_tulip toy_kettle_hand/IMG_4882.jpg,kettle,annotator1,0,SiteH,-1,0.667964147,0.211024543,0.810041718,0.391125995,0.703812317,0.769305963,0.470185728,0.548387097,0.230694037,0.671554252,0.078201369,0.548387097
1323,left,2,4,bottle+tulips+kettle+wooden hand,Z,./stimuli/B_cropped_v1117/bottle2_tulip toy_kettle_hand/IMG_4883.jpg,wooden hand,annotator1,6,SiteH,-1,0.663837544,0.214024197,0.788752877,0.38812634,0.703812317,0.769305963,0.470185728,0.548387097,0.250244379,0.671554252,0.078201369,0.548387097
1324,left,2,4,bottle+tulips+kettle+wooden hand,Z,./stimuli/B_cropped_v1117/bottle2_tulip toy_kettle_hand/IMG_4884.jpg,bottle,annotator1,0,SiteH,bottle,0.68453507,0.200785478,0.834526513,0.389634854,0.674486804,0.769305963,0.470185728,0.548387097,0.230694037,0.671554252,0.078201369,0.542521994
1325,left,2,4,bottle+tulips+kettle+wooden hand,Z,./stimuli/B_cropped_v1117/bottle2_tulip toy_kettle_hand/IMG_4885.jpg,tulips,annotator1,19,SiteH,bottle,0.676659329,0.200785478,0.813076741,0.389634854,0.671554252,0.769305963,0.458455523,0.548387097,0.230694037,0.671554252,0.064516129,0.548387097
1326,left,2,4,bottle+tulips+kettle+wooden hand,Z,./stimuli/B_cropped_v1117/bottle2_tulip toy_kettle_hand/IMG_4886.jpg,kettle,annotator1,1,SiteH,bottle,0.678716835,0.202740513,0.820794407,0.391589888,0.674486804,0.769305963,0.467253177,0.548387097,0.230694037,0.671554252,0.064516129,0.548387097
1327,left,2,4,bottle+tulips+kettle+wooden hand,Z,./stimuli/B_cropped_v1117/bottle2_tulip toy_kettle_hand/IMG_4887.jpg,wooden hand,annotator1,13,SiteH,bottle,0.678716835,0.202740513,0.820794407,0.391589888,0.674486804,0.769305963,0.458455523,0.548387097,0.230694037,0.671554252,0.064516129,0.548387097
1328,left,2,4,bottle+tulips+kettle+wooden hand,Z,./stimuli/B_cropped_v1117/bottle2_tulip toy_kettle_hand/IMG_4888.jpg,tulips,annotator1,5,SiteH,tulips,0.667964147,0.202740513,0.810041718,0.391589888,0.671554252,0.769305963,0.458455523,0.548387097,0.230694037,0.671554252,0.064516129,0.548387097
1329,left,2,4,bottle+tulips+kettle+wooden hand,Z,./stimuli/B_cropped_v1117/bottle2_tulip toy_kettle_hand/IMG_4889.jpg,bottle,annotator1,8,SiteH,tulips,0.667964147,0.202740513,0.810041718,0.391589888,0.671554252,0.769305963,0.458455523,0.548387097,0.230694037,0.671554252,0.064516129,0.548387097
1330,left,2,4,bottle+tulips+kettle+wooden hand,Z,./stimuli/B_cropped_v1117/bottle2_tulip toy_kettle_hand/IMG_4890.jpg,kettle,annotator1,15,SiteH,tulips,0.671874215,0.202740513,0.813951787,0.391589888,0.674486804,0.769305963,0.458455523,0.548387097,0.230694037,0.671554252,0.078201369,0.548387097
1331,left,2,4,bottle+tulips+kettle+wooden hand,Z,./stimuli/B_cropped_v1117/bottle2_tulip toy_kettle_hand/IMG_4891.jpg,wooden hand,annotator1,11,SiteH,tulips,0.671874215,0.206650581,0.813951787,0.395499957,0.674486804,0.769305963,0.467253177,0.548387097,0.230694037,0.671554252,0.078201369,0.548387097
1332,left,2,4,bottle+tulips+kettle+wooden hand,Z,./stimuli/B_cropped_v1117/bottle2_tulip toy_kettle_hand/IMG_4892.jpg,kettle,annotator1,11,SiteH,kettle,0.655256424,0.214024197,0.797333996,0.38812634,0.674486804,0.769305963,0.474095797,0.542521994,0.230694037,0.671554252,0.078201369,0.542521994
1333,left,2,4,bottle+tulips+kettle+wooden hand,Z,./stimuli/B_cropped_v1117/bottle2_tulip toy_kettle_hand/IMG_4893.jpg,bottle,annotator1,15,SiteH,kettle,0.646411903,0.211024543,0.796403346,0.391125995,0.674486804,0.769305963,0.470185728,0.548387097,0.230694037,0.671554252,0.078201369,0.542521994
1334,left,2,4,bottle+tulips+kettle+wooden hand,Z,./stimuli/B_cropped_v1117/bottle2_tulip toy_kettle_hand/IMG_4894.jpg,tulips,annotator1,13,SiteH,kettle,0.650368839,0.215001714,0.79244641,0.389103857,0.674486804,0.769305963,0.467253177,0.548387097,0.230694037,0.671554252,0.078201369,0.542521994
1335,left,2,4,bottle+tulips+kettle+wooden hand,Z,./stimuli/B_cropped_v1117/bottle2_tulip toy_kettle_hand/IMG_4895.jpg,wooden hand,annotator1,9,SiteH,kettle,0.646411903,0.211024543,0.796403346,0.391125995,0.674486804,0.769305963,0.467253177,0.548387097,0.230694037,0.671554252,0.078201369,0.542521994
1336,left,2,4,bottle+tulips+kettle+wooden hand,Z,./stimuli/B_cropped_v1117/bottle2_tulip toy_kettle_hand/IMG_4896.jpg,wooden hand,annotator1,3,SiteH,wooden hand,0.636581128,0.217934266,0.77299854,0.392036409,0.674486804,0.769305963,0.467253177,0.548387097,0.230694037,0.671554252,0.078201369,0.542521994
1337,left,2,4,bottle+tulips+kettle+wooden hand,Z,./stimuli/B_cropped_v1117/bottle2_tulip toy_kettle_hand/IMG_4897.jpg,bottle,annotator1,6,SiteH,wooden hand,0.633751048,0.2198893,0.77582862,0.393991443,0.674486804,0.769305963,0.458455523,0.548387097,0.230694037,0.671554252,0.078201369,0.548387097
1338,left,2,4,bottle+tulips+kettle+wooden hand,Z,./stimuli/B_cropped_v1117/bottle2_tulip toy_kettle_hand/IMG_4898.jpg,tulips,annotator1,14,SiteH,wooden hand,0.640491196,0.2198893,0.776908608,0.393991443,0.674486804,0.769305963,0.467253177,0.548387097,0.230694037,0.671554252,0.078201369,0.548387097
1339,left,2,4,bottle+tulips+kettle+wooden hand,Z,./stimuli/B_cropped_v1117/bottle2_tulip toy_kettle_hand/IMG_4899.jpg,kettle,annotator1,17,SiteH,wooden hand,0.629794112,0.2198893,0.779785555,0.393991443,0.674486804,0.769305963,0.458455523,0.548387097,0.219941349,0.671554252,0.064516129,0.548387097
1340,left,3,4,bottle+tulips+kettle+wooden hand,Z,./stimuli/B_cropped_v1117/bottle2_tulip toy_kettle_hand/IMG_4900.jpg,bottle,annotator1,12,SiteH,-1,0.660358585,0.248237296,0.792231835,0.422339439,0.853372434,0.788856305,0.500488759,0.579667644,0.230694037,0.671554252,0.053763441,0.569892473
1341,left,3,4,bottle+tulips+kettle+wooden hand,Z,./stimuli/B_cropped_v1117/bottle2_tulip toy_kettle_hand/IMG_4901.jpg,tulips,annotator1,14,SiteH,-1,0.641524318,0.237484608,0.791515761,0.411586751,0.853372434,0.788856305,0.500488759,0.560117302,0.219941349,0.671554252,0.064516129,0.542521994
1342,left,3,4,bottle+tulips+kettle+wooden hand,Z,./stimuli/B_cropped_v1117/bottle2_tulip toy_kettle_hand/IMG_4902.jpg,kettle,annotator1,19,SiteH,-1,0.64135465,0.246120035,0.766269983,0.408816426,0.810361681,0.788856305,0.500488759,0.560117302,0.219941349,0.671554252,0.064516129,0.542521994
1343,left,3,4,bottle+tulips+kettle+wooden hand,Z,./stimuli/B_cropped_v1117/bottle2_tulip toy_kettle_hand/IMG_4903.jpg,wooden hand,annotator1,15,SiteH,-1,0.635479276,0.253940172,0.750639981,0.416636563,0.832844575,0.788856305,0.500488759,0.560117302,0.219941349,0.671554252,0.064516129,0.542521994
1344,left,3,4,bottle+tulips+kettle+wooden hand,Z,./stimuli/B_cropped_v1117/bottle2_tulip toy_kettle_hand/IMG_4904.jpg,bottle,annotator1,6,SiteH,bottle,0.687287683,0.248237296,0.802448388,0.422339439,0.853372434,0.788856305,0.500488759,0.560117302,0.219941349,0.671554252,0.064516129,0.542521994
1345,left,3,4,bottle+tulips+kettle+wooden hand,Z,./stimuli/B_cropped_v1117/bottle2_tulip toy_kettle_hand/IMG_4905.jpg,tulips,annotator1,2,SiteH,bottle,0.687287683,0.248237296,0.802448388,0.422339439,0.853372434,0.788856305,0.500488759,0.569892473,0.219941349,0.671554252,0.064516129,0.548387097
1346,left,3,4,bottle+tulips+kettle+wooden hand,Z,./stimuli/B_cropped_v1117/bottle2_tulip toy_kettle_hand/IMG_4906.jpg,kettle,annotator1,16,SiteH,bottle,0.685145753,0.241394676,0.814365489,0.415496819,0.853372434,0.788856305,0.500488759,0.560117302,0.230694037,0.671554252,0.064516129,0.542521994
1347,left,3,4,bottle+tulips+kettle+wooden hand,Z,./stimuli/B_cropped_v1117/bottle2_tulip toy_kettle_hand/IMG_4907.jpg,wooden hand,annotator1,7,SiteH,bottle,0.677522783,0.240417159,0.802438116,0.414519302,0.853372434,0.788856305,0.500488759,0.560117302,0.219941349,0.671554252,0.064516129,0.542521994
1348,left,3,4,bottle+tulips+kettle+wooden hand,Z,./stimuli/B_cropped_v1117/bottle2_tulip toy_kettle_hand/IMG_4908.jpg,tulips,annotator1,16,SiteH,tulips,0.67165768,0.237484608,0.796573014,0.411586751,0.853372434,0.788856305,0.500488759,0.560117302,0.219941349,0.671554252,0.064516129,0.542521994
1349,left,3,4,bottle+tulips+kettle+wooden hand,Z,./stimuli/B_cropped_v1117/bottle2_tulip toy_kettle_hand/IMG_4909.jpg,bottle,annotator1,3,SiteH,tulips,0.668178722,0.240417159,0.800051972,0.414519302,0.853372434,0.788856305,0.500488759,0.560117302,0.230694037,0.671554252,0.064516129,0.542521994
1350,left,3,4,bottle+tulips+kettle+wooden hand,Z,./stimuli/B_cropped_v1117/bottle2_tulip toy_kettle_hand/IMG_4910.jpg,kettle,annotator1,19,SiteH,tulips,0.67165768,0.240417159,0.796573014,0.414519302,0.853372434,0.788856305,0.500488759,0.560117302,0.219941349,0.671554252,0.064516129,0.542521994
1351,left,3,4,bottle+tulips+kettle+wooden hand,Z,./stimuli/B_cropped_v1117/bottle2_tulip toy_kettle_hand/IMG_4911.jpg,wooden hand,annotator1,10,SiteH,tulips,0.665,0.240417159,0.802448388,0.414519302,0.853372434,0.788856305,0.500488759,0.560117302,0.230694037,0.671554252,0.064516129,0.542521994
1352,left,3,4,bottle+tulips+kettle+wooden hand,Z,./stimuli/B_cropped_v1117/bottle2_tulip toy_kettle_hand/IMG_4912.jpg,kettle,annotator1,8,SiteH,kettle,0.64135465,0.247097552,0.766269983,0.409793943,0.853372434,0.788856305,0.500488759,0.560117302,0.219941349,0.671554252,0.064516129,0.542521994
1353,left,3,4,bottle+tulips+kettle+wooden hand,Z,./stimuli/B_cropped_v1117/bottle2_tulip toy_kettle_hand/IMG_4913.jpg,bottle,annotator1,5,SiteH,kettle,0.646242236,0.251007621,0.771157569,0.413704012,0.853372434,0.788856305,0.500488759,0.560117302,0.219941349,0.671554252,0.064516129,0.542521994
1354,left,3,4,bottle+tulips+kettle+wooden hand,Z,./stimuli/B_cropped_v1117/bottle2_tulip toy_kettle_hand/IMG_4914.jpg,tulips,annotator1,4,SiteH,kettle,0.646242236,0.251007621,0.771157569,0.413704012,0.832844575,0.788856305,0.500488759,0.560117302,0.219941349,0.671554252,0.064516129,0.542521994
1355,left,3,4,bottle+tulips+kettle+wooden hand,Z,./stimuli/B_cropped_v1117/bottle2_tulip toy_kettle_hand/IMG_4915.jpg,wooden hand,annotator1,10,SiteH,kettle,0.647219753,0.249052586,0.772135086,0.411748978,0.853372434,0.788856305,0.500488759,0.560117302,0.219941349,0.671554252,0.064516129,0.542521994
1356,left,3,4,bottle+tulips+kettle+wooden hand,Z,./stimuli/B_cropped_v1117/bottle2_tulip toy_kettle_hand/IMG_4917.jpg,wooden hand,annotator1,7,SiteH,wooden hand,0.628636656,0.251389658,0.743797361,0.405501837,0.853372434,0.788856305,0.500488759,0.548387097,0.219941349,0.671554252,0.064516129,0.542521994
1357,left,3,4,bottle+tulips+kettle+wooden hand,Z,./stimuli/B_cropped_v1117/bottle2_tulip toy_kettle_hand/IMG_4918.jpg,bottle,annotator1,18,SiteH,wooden hand,0.628636656,0.251389658,0.743797361,0.405501837,0.853372434,0.788856305,0.500488759,0.548387097,0.219941349,0.671554252,0.064516129,0.500488759
1358,left,3,4,bottle+tulips+kettle+wooden hand,Z,./stimuli/B_cropped_v1117/bottle2_tulip toy_kettle_hand/IMG_4919.jpg,tulips,annotator1,14,SiteH,wooden hand,0.628636656,0.251389658,0.743797361,0.405501837,0.853372434,0.788856305,0.500488759,0.548387097,0.219941349,0.671554252,0.064516129,0.542521994
1359,left,3,4,bottle+tulips+kettle+wooden hand,Z,./stimuli/B_cropped_v1117/bottle2_tulip toy_kettle_hand/IMG_4920.jpg,kettle,annotator1,6,SiteH,wooden hand,0.628636656,0.251389658,0.743797361,0.405501837,0.810361681,0.788856305,0.500488759,0.548387097,0.219941349,0.671554252,0.053763441,0.500488759
1360,right,1,3,bottle+umbrella+keys,Z,./stimuli/B_cropped_v1117/bottle2_umbrella_keys/IMG_3409.jpg,bottle,annotator2,11,SiteB,-1,0.278912338,0.248505759,0.42098991,0.453351524,0.884652981,0.632453568,0.671554252,0.788856305,0.407624633,0.853372434,-1.0,-1.0
1361,right,1,3,bottle+umbrella+keys,Z,./stimuli/B_cropped_v1117/bottle2_umbrella_keys/IMG_3410.jpg,umbrella,annotator2,6,SiteB,-1,0.265679003,0.248505759,0.412,0.453351524,0.884652981,0.632453568,0.671554252,0.788856305,0.407624633,0.853372434,-1.0,-1.0
1362,right,1,3,bottle+umbrella+keys,Z,./stimuli/B_cropped_v1117/bottle2_umbrella_keys/IMG_3411.jpg,keys,annotator2,1,SiteB,-1,0.27593292,0.253393344,0.425924363,0.458239109,0.921798631,0.632453568,0.721407625,0.788856305,0.42228739,0.827956989,-1.0,-1.0
1363,right,1,3,bottle+umbrella+keys,Z,./stimuli/B_cropped_v1117/bottle2_umbrella_keys/IMG_3412.jpg,bottle,annotator2,15,SiteB,bottle,0.298874,0.257303413,0.442,0.462149178,0.900293255,0.632453568,0.721407625,0.788856305,0.42228739,0.827956989,-1.0,-1.0
1364,right,1,3,bottle+umbrella+keys,Z,./stimuli/B_cropped_v1117/bottle2_umbrella_keys/IMG_3413.jpg,umbrella,annotator2,1,SiteB,bottle,0.311123536,0.265301607,0.461114979,0.454150983,0.935483871,0.632453568,0.744868035,0.788856305,0.42228739,0.853372434,-1.0,-1.0
1365,right,1,3,bottle+umbrella+keys,Z,./stimuli/B_cropped_v1117/bottle2_umbrella_keys/IMG_3414.jpg,keys,annotator2,18,SiteB,bottle,0.311123536,0.265301607,0.461114979,0.454150983,0.935483871,0.632453568,0.744868035,0.788856305,0.407624633,0.880742913,-1.0,-1.0
1366,right,1,3,bottle+umbrella+keys,Z,./stimuli/B_cropped_v1117/bottle2_umbrella_keys/IMG_3415.jpg,umbrella,annotator2,3,SiteB,umbrella,0.31899054,0.239708105,0.461068111,0.44455387,0.935483871,0.632453568,0.721407625,0.769305963,0.42228739,0.811339198,-1.0,-1.0
1367,right,1,3,bottle+umbrella+keys,Z,./stimuli/B_cropped_v1117/bottle2_umbrella_keys/IMG_3416.jpg,bottle,annotator2,4,SiteB,umbrella,0.315080471,0.235798036,0.457158043,0.440643801,0.935483871,0.632453568,0.744868035,0.769305963,0.42228739,0.811339198,-1.0,-1.0
1368,right,1,3,bottle+umbrella+keys,Z,./stimuli/B_cropped_v1117/bottle2_umbrella_keys/IMG_3417.jpg,keys,annotator2,8,SiteB,umbrella,0.31899054,0.239708105,0.461068111,0.44455387,0.935483871,0.632453568,0.721407625,0.788856305,0.42228739,0.866080156,-1.0,-1.0
1369,right,1,3,bottle+umbrella+keys,Z,./stimuli/B_cropped_v1117/bottle2_umbrella_keys/IMG_3418.jpg,keys,annotator2,15,SiteB,keys,0.284730574,0.229236598,0.434722017,0.435475035,0.921798631,0.632453568,0.721407625,0.788856305,0.407624633,0.827956989,-1.0,-1.0
1370,right,1,3,bottle+umbrella+keys,Z,./stimuli/B_cropped_v1117/bottle2_umbrella_keys/IMG_3419.jpg,bottle,annotator2,11,SiteB,keys,0.27593292,0.223919622,0.425924363,0.432971873,0.900293255,0.632453568,0.716520039,0.788856305,0.373411535,0.884652981,-1.0,-1.0
1371,right,1,3,bottle+umbrella+keys,Z,./stimuli/B_cropped_v1117/bottle2_umbrella_keys/IMG_3420.jpg,umbrella,annotator2,12,SiteB,keys,0.270416124,0.225326529,0.425576056,0.431564966,0.89540567,0.632453568,0.716520039,0.788856305,0.359726295,0.884652981,-1.0,-1.0
1372,right,2,3,bottle+umbrella+keys,Z,./stimuli/B_cropped_v1117/bottle2_umbrella_keys/IMG_3421.jpg,bottle,annotator2,12,SiteB,-1,0.332442075,0.265301607,0.465211884,0.454150983,0.921798631,0.671554252,0.594330401,0.788856305,0.154447703,0.890518084,-1.0,-1.0
1373,right,2,3,bottle+umbrella+keys,Z,./stimuli/B_cropped_v1117/bottle2_umbrella_keys/IMG_3422.jpg,umbrella,annotator2,2,SiteB,-1,0.319401859,0.245767298,0.456746724,0.438494676,0.923753666,0.632453568,0.594330401,0.769305963,0.1485826,0.866080156,-1.0,-1.0
1374,right,2,3,bottle+umbrella+keys,Z,./stimuli/B_cropped_v1117/bottle2_umbrella_keys/IMG_3423.jpg,keys,annotator2,16,SiteB,-1,0.305202829,0.255526436,0.441620241,0.444375812,0.923753666,0.632453568,0.594330401,0.788856305,0.109481916,0.866080156,-1.0,-1.0
1375,right,2,3,bottle+umbrella+keys,Z,./stimuli/B_cropped_v1117/bottle2_umbrella_keys/IMG_3424.jpg,bottle,annotator2,12,SiteB,bottle,0.343325996,0.24869985,0.479743408,0.441427227,0.935483871,0.632453568,0.594330401,0.788856305,0.1485826,0.884652981,-1.0,-1.0
1376,right,2,3,bottle+umbrella+keys,Z,./stimuli/B_cropped_v1117/bottle2_umbrella_keys/IMG_3425.jpg,umbrella,annotator2,12,SiteB,bottle,0.349191098,0.250638851,0.485608511,0.439488226,0.935483871,0.632453568,0.594330401,0.788856305,0.151515152,0.884652981,-1.0,-1.0
1377,right,2,3,bottle+umbrella+keys,Z,./stimuli/B_cropped_v1117/bottle2_umbrella_keys/IMG_3426.jpg,keys,annotator2,14,SiteB,bottle,0.349191098,0.254548919,0.485608511,0.443398295,0.935483871,0.632453568,0.602150538,0.788856305,0.1485826,0.884652981,-1.0,-1.0
1378,right,2,3,bottle+umbrella+keys,Z,./stimuli/B_cropped_v1117/bottle2_umbrella_keys/IMG_3427.jpg,umbrella,annotator2,0,SiteB,umbrella,0.31899054,0.254564952,0.461068111,0.44729233,0.921798631,0.632453568,0.632453568,0.788856305,0.146627566,0.884652981,-1.0,-1.0
1379,right,2,3,bottle+umbrella+keys,Z,./stimuli/B_cropped_v1117/bottle2_umbrella_keys/IMG_3428.jpg,bottle,annotator2,0,SiteB,umbrella,0.317035506,0.254564952,0.459113077,0.44729233,0.921798631,0.632453568,0.594330401,0.788856305,0.146627566,0.890518084,-1.0,-1.0
1380,right,2,3,bottle+umbrella+keys,Z,./stimuli/B_cropped_v1117/bottle2_umbrella_keys/IMG_3429.jpg,keys,annotator2,15,SiteB,umbrella,0.321820619,0.251917539,0.458238032,0.449939743,0.923753666,0.671554252,0.594330401,0.788856305,0.146627566,0.884652981,-1.0,-1.0
1381,right,2,3,bottle+umbrella+keys,Z,./stimuli/B_cropped_v1117/bottle2_umbrella_keys/IMG_3430.jpg,keys,annotator2,10,SiteB,keys,0.297937067,0.233344714,0.437155797,0.431366918,0.923753666,0.632453568,0.602150538,0.769305963,0.1485826,0.866080156,-1.0,-1.0
1382,right,2,3,bottle+umbrella+keys,Z,./stimuli/B_cropped_v1117/bottle2_umbrella_keys/IMG_3431.jpg,bottle,annotator2,16,SiteB,keys,0.30380217,0.24086368,0.443020899,0.429713055,0.935483871,0.632453568,0.602150538,0.769305963,0.1485826,0.866080156,-1.0,-1.0
1383,right,2,3,bottle+umbrella+keys,Z,./stimuli/B_cropped_v1117/bottle2_umbrella_keys/IMG_3432.jpg,umbrella,annotator2,0,SiteB,keys,0.300869619,0.233344714,0.440088348,0.431366918,0.923753666,0.632453568,0.594330401,0.769305963,0.1485826,0.866080156,-1.0,-1.0
1384,right,3,3,bottle+umbrella+keys,Z,./stimuli/B_cropped_v1117/bottle2_umbrella_keys/IMG_3433.jpg,bottle,annotator2,0,SiteB,-1,0.417503233,0.245237641,0.542418566,0.425339094,0.942326491,0.632453568,0.594330401,0.744868035,0.129032258,0.788856305,-1.0,-1.0
1385,right,3,3,bottle+umbrella+keys,Z,./stimuli/B_cropped_v1117/bottle2_umbrella_keys/IMG_3434.jpg,umbrella,annotator2,15,SiteB,-1,0.40557586,0.250638851,0.534795596,0.439488226,0.942326491,0.671554252,0.594330401,0.744868035,0.129032258,0.827956989,-1.0,-1.0
1386,right,3,3,bottle+umbrella+keys,Z,./stimuli/B_cropped_v1117/bottle2_umbrella_keys/IMG_3435.jpg,keys,annotator2,6,SiteB,-1,0.378402548,0.248977243,0.503317882,0.435284732,0.942326491,0.632453568,0.594330401,0.744868035,0.134897361,0.811339198,-1.0,-1.0
1387,right,3,3,bottle+umbrella+keys,Z,./stimuli/B_cropped_v1117/bottle2_umbrella_keys/IMG_3436.jpg,bottle,annotator2,17,SiteB,bottle,0.428687031,0.245067174,0.560560281,0.431374664,0.935483871,0.632453568,0.579667644,0.744868035,0.129032258,0.811339198,-1.0,-1.0
1388,right,3,3,bottle+umbrella+keys,Z,./stimuli/B_cropped_v1117/bottle2_umbrella_keys/IMG_3437.jpg,umbrella,annotator2,3,SiteB,bottle,0.434552134,0.255012812,0.566425383,0.435114265,0.935483871,0.671554252,0.594330401,0.744868035,0.129032258,0.782013685,-1.0,-1.0
1389,right,3,3,bottle+umbrella+keys,Z,./stimuli/B_cropped_v1117/bottle2_umbrella_keys/IMG_3438.jpg,keys,annotator2,10,SiteB,bottle,0.434552134,0.257774897,0.566425383,0.444082386,0.942326491,0.671554252,0.594330401,0.749755621,0.134897361,0.811339198,-1.0,-1.0
1390,right,3,3,bottle+umbrella+keys,Z,./stimuli/B_cropped_v1117/bottle2_umbrella_keys/IMG_3439.jpg,umbrella,annotator2,18,SiteB,umbrella,0.424335581,0.342078938,0.545,0.516181081,0.921798631,0.721407625,0.57,0.81,0.1485826,0.827956989,-1.0,-1.0
1391,right,3,3,bottle+umbrella+keys,Z,./stimuli/B_cropped_v1117/bottle2_umbrella_keys/IMG_3440.jpg,bottle,annotator2,17,SiteB,umbrella,0.422390818,0.351854109,0.547306151,0.525956252,0.923753666,0.721407625,0.594330401,0.788856305,0.1485826,0.832844575,-1.0,-1.0
1392,right,3,3,bottle+umbrella+keys,Z,./stimuli/B_cropped_v1117/bottle2_umbrella_keys/IMG_3441.jpg,keys,annotator2,2,SiteB,umbrella,0.424335581,0.332303767,0.545,0.50640591,0.921798631,0.721407625,0.59,0.81,0.154447703,0.827956989,-1.0,-1.0
1393,right,3,3,bottle+umbrella+keys,Z,./stimuli/B_cropped_v1117/bottle2_umbrella_keys/IMG_3442.jpg,keys,annotator2,9,SiteB,keys,0.341370961,0.258922881,0.477788374,0.439024333,0.935483871,0.671554252,0.594330401,0.769305963,0.134897361,0.853372434,-1.0,-1.0
1394,right,3,3,bottle+umbrella+keys,Z,./stimuli/B_cropped_v1117/bottle2_umbrella_keys/IMG_3443.jpg,bottle,annotator2,10,SiteB,keys,0.327685722,0.257774897,0.464103134,0.444082386,0.923753666,0.671554252,0.579667644,0.744868035,0.109481916,0.811339198,-1.0,-1.0
1395,right,3,3,bottle+umbrella+keys,Z,./stimuli/B_cropped_v1117/bottle2_umbrella_keys/IMG_3444.jpg,umbrella,annotator2,14,SiteB,keys,0.323775654,0.256503954,0.460193066,0.445353329,0.921798631,0.671554252,0.579667644,0.744868035,0.109481916,0.832844575,-1.0,-1.0
1396,front,1,3,bottle+umbrella+keys,Z,./stimuli/B_cropped_v1117/bottle2_umbrella_keys/IMG_3445.jpg,bottle,annotator2,1,SiteB,-1,0.446942809,0.236277265,0.583360221,0.43429947,0.721407625,0.632453568,0.500488759,0.72629521,0.165200391,0.788856305,-1.0,-1.0
1397,front,1,3,bottle+umbrella+keys,Z,./stimuli/B_cropped_v1117/bottle2_umbrella_keys/IMG_3446.jpg,umbrella,annotator2,19,SiteB,-1,0.439122672,0.236277265,0.575540084,0.43429947,0.721407625,0.500488759,0.500488759,0.721407625,0.1485826,0.788856305,-1.0,-1.0
1398,front,1,3,bottle+umbrella+keys,Z,./stimuli/B_cropped_v1117/bottle2_umbrella_keys/IMG_3447.jpg,keys,annotator2,1,SiteB,-1,0.41523912,0.245767298,0.55445785,0.438494676,0.716520039,0.500488759,0.500488759,0.721407625,0.146627566,0.788856305,-1.0,-1.0
1399,front,1,3,bottle+umbrella+keys,Z,./stimuli/B_cropped_v1117/bottle2_umbrella_keys/IMG_3448.jpg,bottle,annotator2,9,SiteB,bottle,0.432280052,0.248505759,0.575,0.453351524,0.703812317,0.632453568,0.500488759,0.742913001,0.109481916,0.788856305,-1.0,-1.0
1400,front,1,3,bottle+umbrella+keys,Z,./stimuli/B_cropped_v1117/bottle2_umbrella_keys/IMG_3449.jpg,umbrella,annotator2,2,SiteB,bottle,0.44554215,0.265602779,0.58476088,0.463624983,0.716520039,0.632453568,0.481915934,0.744868035,0.109481916,0.795698925,-1.0,-1.0
1401,front,1,3,bottle+umbrella+keys,Z,./stimuli/B_cropped_v1117/bottle2_umbrella_keys/IMG_3450.jpg,keys,annotator2,19,SiteB,bottle,0.440654565,0.26853533,0.579873294,0.466557534,0.703812317,0.632453568,0.500488759,0.744868035,0.109481916,0.801564027,-1.0,-1.0
1402,front,1,3,bottle+umbrella+keys,Z,./stimuli/B_cropped_v1117/bottle2_umbrella_keys/IMG_3451.jpg,umbrella,annotator2,12,SiteB,umbrella,0.413762832,0.289561477,0.563754275,0.494407242,0.703812317,0.632453568,0.500488759,0.769305963,0.109481916,0.832844575,-1.0,-1.0
1403,front,1,3,bottle+umbrella+keys,Z,./stimuli/B_cropped_v1117/bottle2_umbrella_keys/IMG_3452.jpg,bottle,annotator2,0,SiteB,umbrella,0.420652319,0.301485774,0.56272989,0.494213151,0.703812317,0.632453568,0.500488759,0.769305963,0.109481916,0.832844575,-1.0,-1.0
1404,front,1,3,bottle+umbrella+keys,Z,./stimuli/B_cropped_v1117/bottle2_umbrella_keys/IMG_3453.jpg,keys,annotator2,5,SiteB,umbrella,0.416639779,0.295905809,0.553057191,0.493928013,0.686217009,0.632453568,0.500488759,0.769305963,0.146627566,0.827956989,-1.0,-1.0
1405,front,1,3,bottle+umbrella+keys,Z,./stimuli/B_cropped_v1117/bottle2_umbrella_keys/IMG_3454.jpg,keys,annotator2,14,SiteB,keys,0.405012045,0.306650752,0.547089617,0.492958241,0.703812317,0.632453568,0.500488759,0.769305963,0.105571848,0.832844575,-1.0,-1.0
1406,front,1,3,bottle+umbrella+keys,Z,./stimuli/B_cropped_v1117/bottle2_umbrella_keys/IMG_3455.jpg,bottle,annotator2,13,SiteB,keys,0.399146942,0.305379809,0.541224514,0.494229184,0.703812317,0.632453568,0.500488759,0.769305963,0.109481916,0.832844575,-1.0,-1.0
1407,front,1,3,bottle+umbrella+keys,Z,./stimuli/B_cropped_v1117/bottle2_umbrella_keys/IMG_3456.jpg,umbrella,annotator2,2,SiteB,keys,0.399146942,0.303440808,0.541224514,0.496168185,0.703812317,0.632453568,0.500488759,0.769305963,0.109481916,0.832844575,-1.0,-1.0
1408,front,2,3,bottle+umbrella+keys,Z,./stimuli/B_cropped_v1117/bottle2_umbrella_keys/IMG_3457.jpg,bottle,annotator2,4,SiteB,-1,0.478223356,0.239209817,0.614640769,0.437232021,0.900293255,0.632453568,0.500488759,0.788856305,0.109481916,0.827956989,-1.0,-1.0
1409,front,2,3,bottle+umbrella+keys,Z,./stimuli/B_cropped_v1117/bottle2_umbrella_keys/IMG_3458.jpg,umbrella,annotator2,19,SiteB,-1,0.44,0.222112797,0.59,0.426958562,0.884652981,0.602150538,0.500488759,0.721407625,0.109481916,0.788856305,-1.0,-1.0
1410,front,2,3,bottle+umbrella+keys,Z,./stimuli/B_cropped_v1117/bottle2_umbrella_keys/IMG_3459.jpg,keys,annotator2,7,SiteB,-1,0.444112729,0.24086368,0.586190301,0.429713055,0.921798631,0.632453568,0.500488759,0.788856305,0.109481916,0.80742913,-1.0,-1.0
1411,front,2,3,bottle+umbrella+keys,Z,./stimuli/B_cropped_v1117/bottle2_umbrella_keys/IMG_3460.jpg,bottle,annotator2,16,SiteB,bottle,0.467526273,0.2351017,0.617517716,0.441340137,0.900293255,0.632453568,0.500488759,0.744868035,0.109481916,0.811339198,-1.0,-1.0
1412,front,2,3,bottle+umbrella+keys,Z,./stimuli/B_cropped_v1117/bottle2_umbrella_keys/IMG_3461.jpg,umbrella,annotator2,3,SiteB,bottle,0.483665318,0.222112797,0.622884047,0.426958562,0.921798631,0.632453568,0.500488759,0.721407625,0.109481916,0.788856305,-1.0,-1.0
1413,front,2,3,bottle+umbrella+keys,Z,./stimuli/B_cropped_v1117/bottle2_umbrella_keys/IMG_3462.jpg,keys,annotator2,4,SiteB,bottle,0.467526273,0.225326529,0.617517716,0.431564966,0.89540567,0.632453568,0.500488759,0.721407625,0.099706745,0.788856305,-1.0,-1.0
1414,front,2,3,bottle+umbrella+keys,Z,./stimuli/B_cropped_v1117/bottle2_umbrella_keys/IMG_3463.jpg,umbrella,annotator2,1,SiteB,umbrella,0.457695497,0.233344714,0.594112909,0.431366918,0.89540567,0.632453568,0.5,0.81,0.109481916,0.811339198,-1.0,-1.0
1415,front,2,3,bottle+umbrella+keys,Z,./stimuli/B_cropped_v1117/bottle2_umbrella_keys/IMG_3464.jpg,bottle,annotator2,15,SiteB,umbrella,0.451830395,0.234926407,0.588247807,0.435650328,0.890518084,0.632453568,0.500488759,0.788856305,0.101661779,0.811339198,-1.0,-1.0
1416,front,2,3,bottle+umbrella+keys,Z,./stimuli/B_cropped_v1117/bottle2_umbrella_keys/IMG_3465.jpg,keys,annotator2,17,SiteB,umbrella,0.451830395,0.234926407,0.588247807,0.435650328,0.89540567,0.602150538,0.500488759,0.788856305,0.101661779,0.811339198,-1.0,-1.0
1417,front,2,3,bottle+umbrella+keys,Z,./stimuli/B_cropped_v1117/bottle2_umbrella_keys/IMG_3466.jpg,keys,annotator2,10,SiteB,keys,0.419627934,0.250638851,0.569619377,0.439488226,0.89540567,0.632453568,0.500488759,0.788856305,0.109481916,0.811339198,-1.0,-1.0
1418,front,2,3,bottle+umbrella+keys,Z,./stimuli/B_cropped_v1117/bottle2_umbrella_keys/IMG_3467.jpg,bottle,annotator2,0,SiteB,keys,0.425493037,0.250638851,0.57548448,0.439488226,0.89540567,0.632453568,0.500488759,0.788856305,0.109481916,0.811339198,-1.0,-1.0
1419,front,2,3,bottle+umbrella+keys,Z,./stimuli/B_cropped_v1117/bottle2_umbrella_keys/IMG_3468.jpg,umbrella,annotator2,14,SiteB,keys,0.417719767,0.248977243,0.559797339,0.435284732,0.884652981,0.590420332,0.500488759,0.744868035,0.109481916,0.80742913,-1.0,-1.0
1420,front,3,3,bottle+umbrella+keys,Z,./stimuli/B_cropped_v1117/bottle2_umbrella_keys/IMG_3469.jpg,bottle,annotator2,15,SiteB,-1,0.487874193,0.419140563,0.603034898,0.581836954,0.866080156,0.744868035,0.500488759,0.853372434,0.042033236,0.884652981,-1.0,-1.0
1421,front,3,3,bottle+umbrella+keys,Z,./stimuli/B_cropped_v1117/bottle2_umbrella_keys/IMG_3470.jpg,umbrella,annotator2,0,SiteB,-1,0.470652006,0.428915734,0.588976537,0.591612125,0.866080156,0.769305963,0.500488759,0.853372434,0.053763441,0.884652981,-1.0,-1.0
1422,front,3,3,bottle+umbrella+keys,Z,./stimuli/B_cropped_v1117/bottle2_umbrella_keys/IMG_3471.jpg,keys,annotator2,6,SiteB,-1,0.452693849,0.438095426,0.577609182,0.592207605,0.884652981,0.769305963,0.500488759,0.853372434,0.029325513,0.890518084,-1.0,-1.0
1423,front,3,3,bottle+umbrella+keys,Z,./stimuli/B_cropped_v1117/bottle2_umbrella_keys/IMG_3477.jpg,bottle,annotator2,15,SiteB,bottle,0.522087292,0.423432669,0.637247997,0.577544848,0.884652981,0.721407625,0.500488759,0.832844575,0.078201369,0.884652981,-1.0,-1.0
1424,front,3,3,bottle+umbrella+keys,Z,./stimuli/B_cropped_v1117/bottle2_umbrella_keys/IMG_3478.jpg,umbrella,annotator2,5,SiteB,bottle,0.520904885,0.403459097,0.638430403,0.574058009,0.884652981,0.721407625,0.500488759,0.832844575,0.078201369,0.884652981,-1.0,-1.0
1425,front,3,3,bottle+umbrella+keys,Z,./stimuli/B_cropped_v1117/bottle2_umbrella_keys/IMG_3479.jpg,keys,annotator2,12,SiteB,bottle,0.507434806,0.399549029,0.63235014,0.570147941,0.884652981,0.721407625,0.500488759,0.832844575,0.078201369,0.875855327,-1.0,-1.0
1426,front,3,3,bottle+umbrella+keys,Z,./stimuli/B_cropped_v1117/bottle2_umbrella_keys/IMG_3480.jpg,umbrella,annotator2,9,SiteB,umbrella,0.432280052,0.452758182,0.568697465,0.606870361,0.853372434,0.788856305,0.500488759,0.853372434,0.078201369,0.907135875,-1.0,-1.0
1427,front,3,3,bottle+umbrella+keys,Z,./stimuli/B_cropped_v1117/bottle2_umbrella_keys/IMG_3481.jpg,bottle,annotator2,18,SiteB,umbrella,0.441726,0.448848114,0.559251518,0.602960293,0.853372434,0.769305963,0.5,0.87,0.078201369,0.900293255,-1.0,-1.0
1428,front,3,3,bottle+umbrella+keys,Z,./stimuli/B_cropped_v1117/bottle2_umbrella_keys/IMG_3482.jpg,keys,annotator2,9,SiteB,umbrella,0.438031092,0.446893079,0.562946425,0.601005259,0.853372434,0.769305963,0.500488759,0.853372434,0.078201369,0.900293255,-1.0,-1.0
1429,front,3,3,bottle+umbrella+keys,Z,./stimuli/B_cropped_v1117/bottle2_umbrella_keys/IMG_3483.jpg,keys,annotator2,0,SiteB,keys,0.419458267,0.374556814,0.5443736,0.528668993,0.884652981,0.671554252,0.500488759,0.832844575,0.099706745,0.832844575,-1.0,-1.0
1430,front,3,3,bottle+umbrella+keys,Z,./stimuli/B_cropped_v1117/bottle2_umbrella_keys/IMG_3485.jpg,bottle,annotator2,14,SiteB,keys,0.434552134,0.377107327,0.566425383,0.539803718,0.884652981,0.721407625,0.500488759,0.810361681,0.109481916,0.849462366,-1.0,-1.0
1431,front,3,3,bottle+umbrella+keys,Z,./stimuli/B_cropped_v1117/bottle2_umbrella_keys/IMG_3486.jpg,umbrella,annotator2,17,SiteB,keys,0.430406145,0.36575916,0.570571372,0.519871339,0.884652981,0.671554252,0.500488759,0.788856305,0.109481916,0.832844575,-1.0,-1.0
1432,left,1,3,bottle+umbrella+keys,Z,./stimuli/B_cropped_v1117/bottle2_umbrella_keys/IMG_3487.jpg,bottle,annotator2,9,SiteB,-1,0.608550179,0.250125227,0.740423428,0.430226679,0.602150538,0.671554252,0.359726295,0.788856305,0.1485826,0.801564027,-1.0,-1.0
1433,left,1,3,bottle+umbrella+keys,Z,./stimuli/B_cropped_v1117/bottle2_umbrella_keys/IMG_3488.jpg,umbrella,annotator2,12,SiteB,-1,0.59779749,0.240350056,0.72967074,0.420451508,0.594330401,0.632453568,0.359726295,0.769305963,0.140762463,0.796676442,-1.0,-1.0
1434,left,1,3,bottle+umbrella+keys,Z,./stimuli/B_cropped_v1117/bottle2_umbrella_keys/IMG_3489.jpg,keys,annotator2,8,SiteB,-1,0.565162941,0.234484953,0.699744194,0.414586406,0.579667644,0.632453568,0.359726295,0.769305963,0.11827957,0.788856305,-1.0,-1.0
1435,left,1,3,bottle+umbrella+keys,Z,./stimuli/B_cropped_v1117/bottle2_umbrella_keys/IMG_3490.jpg,bottle,annotator2,9,SiteB,bottle,0.575975067,0.217403269,0.712392479,0.406252645,0.548387097,0.632453568,0.359726295,0.769305963,0.109481916,0.788856305,-1.0,-1.0
1436,left,1,3,bottle+umbrella+keys,Z,./stimuli/B_cropped_v1117/bottle2_umbrella_keys/IMG_3491.jpg,umbrella,annotator2,4,SiteB,bottle,0.581323248,0.207628098,0.71681947,0.396477474,0.569892473,0.632453568,0.359726295,0.744868035,0.109481916,0.769305963,-1.0,-1.0
1437,left,1,3,bottle+umbrella+keys,Z,./stimuli/B_cropped_v1117/bottle2_umbrella_keys/IMG_3492.jpg,keys,annotator2,6,SiteB,bottle,0.559297839,0.235292003,0.693879092,0.421599493,0.542521994,0.632453568,0.335288368,0.769305963,0.109481916,0.811339198,-1.0,-1.0
1438,left,1,3,bottle+umbrella+keys,Z,./stimuli/B_cropped_v1117/bottle2_umbrella_keys/IMG_3494.jpg,umbrella,annotator2,17,SiteB,umbrella,0.524483707,0.260782792,0.656356957,0.423479183,0.407624633,0.671554252,0.250244379,0.769305963,0.029325513,0.816226784,-1.0,-1.0
1439,left,1,3,bottle+umbrella+keys,Z,./stimuli/B_cropped_v1117/bottle2_umbrella_keys/IMG_3495.jpg,bottle,annotator2,13,SiteB,umbrella,0.517641088,0.253940172,0.649514337,0.416636563,0.407624633,0.671554252,0.250244379,0.769305963,0.064516129,0.801564027,-1.0,-1.0
1440,left,1,3,bottle+umbrella+keys,Z,./stimuli/B_cropped_v1117/bottle2_umbrella_keys/IMG_3496.jpg,keys,annotator2,9,SiteB,umbrella,0.517641088,0.256872723,0.649514337,0.419569114,0.407624633,0.671554252,0.250244379,0.769305963,0.064516129,0.801564027,-1.0,-1.0
1441,left,1,3,bottle+umbrella+keys,Z,./stimuli/B_cropped_v1117/bottle2_umbrella_keys/IMG_3497.jpg,keys,annotator2,15,SiteB,keys,0.503955848,0.287557791,0.635829098,0.44166997,0.407624633,0.721407625,0.250244379,0.788856305,0.078201369,0.811339198,-1.0,-1.0
1442,left,1,3,bottle+umbrella+keys,Z,./stimuli/B_cropped_v1117/bottle2_umbrella_keys/IMG_3498.jpg,bottle,annotator2,11,SiteB,keys,0.503955848,0.290490342,0.635829098,0.444602522,0.407624633,0.721407625,0.250244379,0.788856305,0.078201369,0.827956989,-1.0,-1.0
1443,left,1,3,bottle+umbrella+keys,Z,./stimuli/B_cropped_v1117/bottle2_umbrella_keys/IMG_3499.jpg,umbrella,annotator2,6,SiteB,keys,0.501683767,0.287557791,0.638101179,0.44166997,0.407624633,0.721407625,0.250244379,0.788856305,0.078201369,0.820136852,-1.0,-1.0
1444,left,2,3,bottle+umbrella+keys,Z,./stimuli/B_cropped_v1117/bottle2_umbrella_keys/IMG_3500.jpg,bottle,annotator2,13,SiteB,-1,0.650368839,0.251909794,0.79244641,0.438217283,0.703812317,0.632453568,0.359726295,0.788856305,0.109481916,0.782013685,-1.0,-1.0
1445,left,2,3,bottle+umbrella+keys,Z,./stimuli/B_cropped_v1117/bottle2_umbrella_keys/IMG_3501.jpg,umbrella,annotator2,0,SiteB,-1,0.615178223,0.272675224,0.757255795,0.446777367,0.671554252,0.632453568,0.359726295,0.769305963,0.059628543,0.788856305,-1.0,-1.0
1446,left,2,3,bottle+umbrella+keys,Z,./stimuli/B_cropped_v1117/bottle2_umbrella_keys/IMG_3502.jpg,keys,annotator2,19,SiteB,-1,0.618063907,0.272675224,0.76805535,0.446777367,0.716520039,0.632453568,0.407624633,0.769305963,0.109481916,0.782013685,-1.0,-1.0
1447,left,2,3,bottle+umbrella+keys,Z,./stimuli/B_cropped_v1117/bottle2_umbrella_keys/IMG_3503.jpg,bottle,annotator2,14,SiteB,bottle,0.645378782,0.251909794,0.781796194,0.438217283,0.703812317,0.632453568,0.359726295,0.769305963,0.109481916,0.782013685,-1.0,-1.0
1448,left,2,3,bottle+umbrella+keys,Z,./stimuli/B_cropped_v1117/bottle2_umbrella_keys/IMG_3504.jpg,umbrella,annotator2,7,SiteB,bottle,0.651910171,0.255079916,0.781129907,0.429182059,0.703812317,0.632453568,0.359726295,0.769305963,0.109481916,0.782013685,-1.0,-1.0
1449,left,2,3,bottle+umbrella+keys,Z,./stimuli/B_cropped_v1117/bottle2_umbrella_keys/IMG_3505.jpg,keys,annotator2,7,SiteB,bottle,0.646411903,0.251909794,0.796403346,0.438217283,0.703812317,0.632453568,0.359726295,0.769305963,0.109481916,0.769305963,-1.0,-1.0
1450,left,2,3,bottle+umbrella+keys,Z,./stimuli/B_cropped_v1117/bottle2_umbrella_keys/IMG_3506.jpg,umbrella,annotator2,7,SiteB,umbrella,0.620996458,0.269675569,0.770987901,0.449777021,0.703812317,0.632453568,0.359726295,0.769305963,0.109481916,0.782013685,-1.0,-1.0
1451,left,2,3,bottle+umbrella+keys,Z,./stimuli/B_cropped_v1117/bottle2_umbrella_keys/IMG_3507.jpg,bottle,annotator2,0,SiteB,umbrella,0.627839078,0.269675569,0.777830521,0.449777021,0.703812317,0.632453568,0.407624633,0.769305963,0.109481916,0.782013685,-1.0,-1.0
1452,left,2,3,bottle+umbrella+keys,Z,./stimuli/B_cropped_v1117/bottle2_umbrella_keys/IMG_3508.jpg,keys,annotator2,8,SiteB,umbrella,0.632773531,0.269675569,0.774851102,0.449777021,0.703812317,0.632453568,0.403714565,0.769305963,0.109481916,0.782013685,-1.0,-1.0
1453,left,2,3,bottle+umbrella+keys,Z,./stimuli/B_cropped_v1117/bottle2_umbrella_keys/IMG_3509.jpg,keys,annotator2,2,SiteB,keys,0.603448018,0.288688083,0.745525589,0.458134987,0.703812317,0.632453568,0.359726295,0.788856305,0.109481916,0.782013685,-1.0,-1.0
1454,left,2,3,bottle+umbrella+keys,Z,./stimuli/B_cropped_v1117/bottle2_umbrella_keys/IMG_3510.jpg,bottle,annotator2,3,SiteB,keys,0.603448018,0.286360463,0.745525589,0.460462606,0.703812317,0.632453568,0.359726295,0.788856305,0.109481916,0.782013685,-1.0,-1.0
1455,left,2,3,bottle+umbrella+keys,Z,./stimuli/B_cropped_v1117/bottle2_umbrella_keys/IMG_3511.jpg,umbrella,annotator2,6,SiteB,keys,0.603448018,0.288315497,0.745525589,0.46241764,0.703812317,0.632453568,0.359726295,0.788856305,0.078201369,0.782013685,-1.0,-1.0
1456,left,3,3,bottle+umbrella+keys,Z,./stimuli/B_cropped_v1117/bottle2_umbrella_keys/IMG_3512.jpg,bottle,annotator2,19,SiteB,-1,0.690400173,0.230404418,0.840391616,0.416711907,0.866080156,0.632453568,0.500488759,0.742913001,0.109481916,0.72629521,-1.0,-1.0
1457,left,3,3,bottle+umbrella+keys,Z,./stimuli/B_cropped_v1117/bottle2_umbrella_keys/IMG_3513.jpg,umbrella,annotator2,17,SiteB,-1,0.668178722,0.260877915,0.800051972,0.440979367,0.866080156,0.671554252,0.440860215,0.769305963,0.109481916,0.749755621,-1.0,-1.0
1458,left,3,3,bottle+umbrella+keys,Z,./stimuli/B_cropped_v1117/bottle2_umbrella_keys/IMG_3514.jpg,keys,annotator2,18,SiteB,-1,0.634626093,0.275002843,0.771043506,0.444449747,0.866080156,0.671554252,0.440860215,0.769305963,0.099706745,0.749755621,-1.0,-1.0
1459,left,3,3,bottle+umbrella+keys,Z,./stimuli/B_cropped_v1117/bottle2_umbrella_keys/IMG_3515.jpg,bottle,annotator2,3,SiteB,bottle,0.694809013,0.266572551,0.834027742,0.45288004,0.866080156,0.671554252,0.500488759,0.769305963,0.11827957,0.769305963,-1.0,-1.0
1460,left,3,3,bottle+umbrella+keys,Z,./stimuli/B_cropped_v1117/bottle2_umbrella_keys/IMG_3516.jpg,umbrella,annotator2,10,SiteB,bottle,0.679694352,0.265301607,0.821771924,0.454150983,0.866080156,0.671554252,0.500488759,0.769305963,0.101661779,0.769305963,-1.0,-1.0
1461,left,3,3,bottle+umbrella+keys,Z,./stimuli/B_cropped_v1117/bottle2_umbrella_keys/IMG_3517.jpg,keys,annotator2,17,SiteB,bottle,0.678716835,0.265301607,0.820794407,0.454150983,0.866080156,0.671554252,0.500488759,0.769305963,0.101661779,0.769305963,-1.0,-1.0
1462,left,3,3,bottle+umbrella+keys,Z,./stimuli/B_cropped_v1117/bottle2_umbrella_keys/IMG_3518.jpg,umbrella,annotator2,15,SiteB,umbrella,0.650368839,0.283427912,0.79244641,0.457530055,0.866080156,0.671554252,0.500488759,0.769305963,0.101661779,0.782013685,-1.0,-1.0
1463,left,3,3,bottle+umbrella+keys,Z,./stimuli/B_cropped_v1117/bottle2_umbrella_keys/IMG_3519.jpg,bottle,annotator2,10,SiteB,umbrella,0.647436288,0.281405774,0.789513859,0.461507227,0.866080156,0.671554252,0.440860215,0.788856305,0.078201369,0.782013685,-1.0,-1.0
1464,left,3,3,bottle+umbrella+keys,Z,./stimuli/B_cropped_v1117/bottle2_umbrella_keys/IMG_3520.jpg,keys,annotator2,14,SiteB,umbrella,0.646411903,0.277495706,0.796403346,0.457597158,0.866080156,0.671554252,0.500488759,0.769305963,0.053763441,0.788856305,-1.0,-1.0
1465,left,3,3,bottle+umbrella+keys,Z,./stimuli/B_cropped_v1117/bottle2_umbrella_keys/IMG_3521.jpg,keys,annotator2,9,SiteB,keys,0.645067551,0.28564518,0.774287287,0.449447685,0.866080156,0.671554252,0.500488759,0.769305963,0.099706745,0.782013685,-1.0,-1.0
1466,left,3,3,bottle+umbrella+keys,Z,./stimuli/B_cropped_v1117/bottle2_umbrella_keys/IMG_3522.jpg,bottle,annotator2,4,SiteB,keys,0.645481253,0.287305163,0.787558825,0.455607838,0.853372434,0.671554252,0.500488759,0.769305963,0.099706745,0.782013685,-1.0,-1.0
1467,left,3,3,bottle+umbrella+keys,Z,./stimuli/B_cropped_v1117/bottle2_umbrella_keys/IMG_3523.jpg,umbrella,annotator2,5,SiteB,keys,0.645481253,0.285755531,0.787558825,0.455202435,0.866080156,0.671554252,0.500488759,0.769305963,0.099706745,0.782013685,-1.0,-1.0
1468,right,1,2,bunny+wooden hand,Z,./stimuli/B_cropped_v1117/bunny_hand/IMG_4234.jpg,bunny,annotator1,2,SiteH,-1,0.213418692,0.243796231,0.355496264,0.432645607,0.788856305,0.671554252,0.608993157,0.671554252,-1.0,-1.0,-1.0,-1.0
1469,right,1,2,bunny+wooden hand,Z,./stimuli/B_cropped_v1117/bunny_hand/IMG_4235.jpg,wooden hand,annotator1,15,SiteH,-1,0.203596654,0.243796231,0.353588097,0.432645607,0.788856305,0.671554252,0.608993157,0.671554252,-1.0,-1.0,-1.0,-1.0
1470,right,1,2,bunny+wooden hand,Z,./stimuli/B_cropped_v1117/bunny_hand/IMG_4236.jpg,bunny,annotator1,10,SiteH,bunny,0.229273541,0.2477063,0.361146791,0.436555675,0.788856305,0.671554252,0.608993157,0.671554252,-1.0,-1.0,-1.0,-1.0
1471,right,1,2,bunny+wooden hand,Z,./stimuli/B_cropped_v1117/bunny_hand/IMG_4237.jpg,wooden hand,annotator1,17,SiteH,bunny,0.229273541,0.2477063,0.361146791,0.436555675,0.788856305,0.671554252,0.608993157,0.671554252,-1.0,-1.0,-1.0,-1.0
1472,right,1,2,bunny+wooden hand,Z,./stimuli/B_cropped_v1117/bunny_hand/IMG_4238.jpg,wooden hand,annotator1,9,SiteH,wooden hand,0.209461757,0.2477063,0.359453199,0.436555675,0.788856305,0.671554252,0.608993157,0.671554252,-1.0,-1.0,-1.0,-1.0
1473,right,1,2,bunny+wooden hand,Z,./stimuli/B_cropped_v1117/bunny_hand/IMG_4239.jpg,bunny,annotator1,19,SiteH,wooden hand,0.203596654,0.2477063,0.353588097,0.436555675,0.788856305,0.671554252,0.608993157,0.671554252,-1.0,-1.0,-1.0,-1.0
1474,right,2,2,bunny+wooden hand,Z,./stimuli/B_cropped_v1117/bunny_hand/IMG_4240.jpg,bunny,annotator1,19,SiteH,-1,0.213418692,0.243796231,0.355496264,0.432645607,0.811339198,0.671554252,0.548387097,0.686217009,-1.0,-1.0,-1.0,-1.0
1475,right,2,2,bunny+wooden hand,Z,./stimuli/B_cropped_v1117/bunny_hand/IMG_4241.jpg,wooden hand,annotator1,0,SiteH,-1,0.20755359,0.2477063,0.349631161,0.436555675,0.810361681,0.671554252,0.548387097,0.686217009,-1.0,-1.0,-1.0,-1.0
1476,right,2,2,bunny+wooden hand,Z,./stimuli/B_cropped_v1117/bunny_hand/IMG_4242.jpg,bunny,annotator1,1,SiteH,bunny,0.231228576,0.248977243,0.363101825,0.435284732,0.811339198,0.671554252,0.548387097,0.686217009,-1.0,-1.0,-1.0,-1.0
1477,right,2,2,bunny+wooden hand,Z,./stimuli/B_cropped_v1117/bunny_hand/IMG_4243.jpg,wooden hand,annotator1,2,SiteH,bunny,0.231228576,0.248977243,0.363101825,0.435284732,0.811339198,0.671554252,0.548387097,0.686217009,-1.0,-1.0,-1.0,-1.0
1478,right,2,2,bunny+wooden hand,Z,./stimuli/B_cropped_v1117/bunny_hand/IMG_4244.jpg,wooden hand,annotator1,6,SiteH,wooden hand,0.203596654,0.245767298,0.353588097,0.438494676,0.810361681,0.671554252,0.548387097,0.686217009,-1.0,-1.0,-1.0,-1.0
1479,right,2,2,bunny+wooden hand,Z,./stimuli/B_cropped_v1117/bunny_hand/IMG_4245.jpg,bunny,annotator1,15,SiteH,wooden hand,0.204621038,0.2477063,0.34669861,0.436555675,0.810361681,0.671554252,0.548387097,0.686217009,-1.0,-1.0,-1.0,-1.0
1480,right,3,2,bunny+wooden hand,Z,./stimuli/B_cropped_v1117/bunny_hand/IMG_4246.jpg,bunny,annotator1,2,SiteH,-1,0.209461757,0.243796231,0.359453199,0.432645607,0.884652981,0.671554252,0.467253177,0.721407625,-1.0,-1.0,-1.0,-1.0
1481,right,3,2,bunny+wooden hand,Z,./stimuli/B_cropped_v1117/bunny_hand/IMG_4247.jpg,wooden hand,annotator1,9,SiteH,-1,0.197731551,0.243796231,0.347722994,0.432645607,0.884652981,0.671554252,0.467253177,0.721407625,-1.0,-1.0,-1.0,-1.0
1482,right,3,2,bunny+wooden hand,Z,./stimuli/B_cropped_v1117/bunny_hand/IMG_4248.jpg,bunny,annotator1,3,SiteH,bunny,0.227057064,0.255012812,0.377048507,0.435114265,0.884652981,0.671554252,0.467253177,0.721407625,-1.0,-1.0,-1.0,-1.0
1483,right,3,2,bunny+wooden hand,Z,./stimuli/B_cropped_v1117/bunny_hand/IMG_4249.jpg,wooden hand,annotator1,9,SiteH,bunny,0.229989616,0.255012812,0.379981059,0.435114265,0.884652981,0.671554252,0.470185728,0.721407625,-1.0,-1.0,-1.0,-1.0
1484,right,3,2,bunny+wooden hand,Z,./stimuli/B_cropped_v1117/bunny_hand/IMG_4250.jpg,wooden hand,annotator1,8,SiteH,wooden hand,0.200664103,0.246052436,0.350655546,0.444074641,0.884652981,0.671554252,0.467253177,0.721407625,-1.0,-1.0,-1.0,-1.0
1485,right,3,2,bunny+wooden hand,Z,./stimuli/B_cropped_v1117/bunny_hand/IMG_4251.jpg,bunny,annotator1,12,SiteH,wooden hand,0.200664103,0.256503954,0.350655546,0.445353329,0.884652981,0.671554252,0.470185728,0.721407625,-1.0,-1.0,-1.0,-1.0
1486,front,1,2,bunny+wooden hand,Z,./stimuli/B_cropped_v1117/bunny_hand/IMG_4447.jpg,bunny,annotator1,4,SiteH,-1,0.336600931,0.09665791,0.51,0.339314719,0.629521017,0.632453568,0.219941349,0.602150538,-1.0,-1.0,-1.0,-1.0
1487,front,1,2,bunny+wooden hand,Z,./stimuli/B_cropped_v1117/bunny_hand/IMG_4448.jpg,wooden hand,annotator1,0,SiteH,-1,0.319981733,0.102654481,0.495267534,0.337228217,0.629521017,0.632453568,0.219941349,0.602150538,-1.0,-1.0,-1.0,-1.0
1488,front,1,2,bunny+wooden hand,Z,./stimuli/B_cropped_v1117/bunny_hand/IMG_4449.jpg,bunny,annotator1,12,SiteH,bunny,0.336600931,0.09665791,0.51,0.339314719,0.629521017,0.632453568,0.219941349,0.602150538,-1.0,-1.0,-1.0,-1.0
1489,front,1,2,bunny+wooden hand,Z,./stimuli/B_cropped_v1117/bunny_hand/IMG_4450.jpg,wooden hand,annotator1,9,SiteH,bunny,0.338555966,0.09665791,0.51,0.339314719,0.629521017,0.632453568,0.219941349,0.602150538,-1.0,-1.0,-1.0,-1.0
1490,front,1,2,bunny+wooden hand,Z,./stimuli/B_cropped_v1117/bunny_hand/IMG_4451.jpg,wooden hand,annotator1,3,SiteH,wooden hand,0.319981733,0.108519584,0.495267534,0.343093319,0.632453568,0.632453568,0.219941349,0.602150538,-1.0,-1.0,-1.0,-1.0
1491,front,1,2,bunny+wooden hand,Z,./stimuli/B_cropped_v1117/bunny_hand/IMG_4452.jpg,bunny,annotator1,19,SiteH,wooden hand,0.319981733,0.108519584,0.495267534,0.343093319,0.629521017,0.671554252,0.219941349,0.602150538,-1.0,-1.0,-1.0,-1.0
1492,front,2,2,bunny+wooden hand,Z,./stimuli/B_cropped_v1117/bunny_hand/IMG_4453.jpg,bunny,annotator1,15,SiteH,-1,0.33991374,0.098612945,0.516391245,0.341269753,0.788856305,0.671554252,0.109481916,0.602150538,-1.0,-1.0,-1.0,-1.0
1493,front,2,2,bunny+wooden hand,Z,./stimuli/B_cropped_v1117/bunny_hand/IMG_4454.jpg,wooden hand,annotator1,11,SiteH,-1,0.329161052,0.098612945,0.505638557,0.341269753,0.788856305,0.671554252,0.109481916,0.602150538,-1.0,-1.0,-1.0,-1.0
1494,front,2,2,bunny+wooden hand,Z,./stimuli/B_cropped_v1117/bunny_hand/IMG_4455.jpg,bunny,annotator1,5,SiteH,bunny,0.354980839,0.104478047,0.526739591,0.347134856,0.788856305,0.671554252,0.109481916,0.602150538,-1.0,-1.0,-1.0,-1.0
1495,front,2,2,bunny+wooden hand,Z,./stimuli/B_cropped_v1117/bunny_hand/IMG_4456.jpg,wooden hand,annotator1,16,SiteH,bunny,0.352601801,0.102822703,0.550624005,0.3487902,0.810361681,0.632453568,0.105571848,0.602150538,-1.0,-1.0,-1.0,-1.0
1496,front,2,2,bunny+wooden hand,Z,./stimuli/B_cropped_v1117/bunny_hand/IMG_4457.jpg,wooden hand,annotator1,15,SiteH,wooden hand,0.329161052,0.11340717,0.505638557,0.347980905,0.810361681,0.632453568,0.109481916,0.602150538,-1.0,-1.0,-1.0,-1.0
1497,front,2,2,bunny+wooden hand,Z,./stimuli/B_cropped_v1117/bunny_hand/IMG_4458.jpg,bunny,annotator1,17,SiteH,wooden hand,0.329161052,0.104478047,0.505638557,0.347134856,0.811339198,0.632453568,0.109481916,0.602150538,-1.0,-1.0,-1.0,-1.0
1498,front,3,2,bunny+wooden hand,Z,./stimuli/B_cropped_v1117/bunny_hand/IMG_4459.jpg,bunny,annotator1,1,SiteH,-1,0.396111919,0.265301607,0.532529332,0.454150983,0.866080156,0.671554252,0.101661779,0.671554252,-1.0,-1.0,-1.0,-1.0
1499,front,3,2,bunny+wooden hand,Z,./stimuli/B_cropped_v1117/bunny_hand/IMG_4460.jpg,wooden hand,annotator1,9,SiteH,-1,0.366786406,0.269675569,0.503203819,0.449777021,0.866080156,0.671554252,0.101661779,0.660801564,-1.0,-1.0,-1.0,-1.0
1500,front,3,2,bunny+wooden hand,Z,./stimuli/B_cropped_v1117/bunny_hand/IMG_4461.jpg,bunny,annotator1,3,SiteH,bunny,0.408159172,0.265301607,0.540032422,0.454150983,0.866080156,0.671554252,0.099706745,0.644183773,-1.0,-1.0,-1.0,-1.0
1501,front,3,2,bunny+wooden hand,Z,./stimuli/B_cropped_v1117/bunny_hand/IMG_4462.jpg,wooden hand,annotator1,19,SiteH,bunny,0.405887091,0.265301607,0.542304503,0.454150983,0.866080156,0.671554252,0.099706745,0.644183773,-1.0,-1.0,-1.0,-1.0
1502,front,3,2,bunny+wooden hand,Z,./stimuli/B_cropped_v1117/bunny_hand/IMG_4463.jpg,wooden hand,annotator1,10,SiteH,wooden hand,0.369058488,0.266572551,0.500931737,0.45288004,0.866080156,0.671554252,0.101661779,0.632453568,-1.0,-1.0,-1.0,-1.0
1503,front,3,2,bunny+wooden hand,Z,./stimuli/B_cropped_v1117/bunny_hand/IMG_4464.jpg,bunny,annotator1,7,SiteH,wooden hand,0.369058488,0.266572551,0.500931737,0.45288004,0.866080156,0.671554252,0.101661779,0.660801564,-1.0,-1.0,-1.0,-1.0
1504,left,1,2,bunny+wooden hand,Z,./stimuli/B_cropped_v1117/bunny_hand/IMG_4685.jpg,bunny,annotator1,8,SiteH,-1,0.605418136,0.114707892,0.767015882,0.336905012,0.272727273,0.671554252,0.099706745,0.594330401,-1.0,-1.0,-1.0,-1.0
1505,left,1,2,bunny+wooden hand,Z,./stimuli/B_cropped_v1117/bunny_hand/IMG_4686.jpg,wooden hand,annotator1,2,SiteH,-1,0.590755379,0.13007798,0.752353125,0.339130231,0.250244379,0.671554252,0.064516129,0.579667644,-1.0,-1.0,-1.0,-1.0
1506,left,1,2,bunny+wooden hand,Z,./stimuli/B_cropped_v1117/bunny_hand/IMG_4687.jpg,bunny,annotator1,11,SiteH,bunny,0.615193307,0.12647616,0.776791053,0.342732051,0.272727273,0.721407625,0.099706745,0.579667644,-1.0,-1.0,-1.0,-1.0
1507,left,1,2,bunny+wooden hand,Z,./stimuli/B_cropped_v1117/bunny_hand/IMG_4688.jpg,wooden hand,annotator1,19,SiteH,bunny,0.620080892,0.12647616,0.781678639,0.342732051,0.284457478,0.721407625,0.099706745,0.579667644,-1.0,-1.0,-1.0,-1.0
1508,left,1,2,bunny+wooden hand,Z,./stimuli/B_cropped_v1117/bunny_hand/IMG_4689.jpg,wooden hand,annotator1,19,SiteH,wooden hand,0.605418136,0.14000136,0.767015882,0.344847125,0.284457478,0.721407625,0.099706745,0.579667644,-1.0,-1.0,-1.0,-1.0
1509,left,1,2,bunny+wooden hand,Z,./stimuli/B_cropped_v1117/bunny_hand/IMG_4690.jpg,bunny,annotator1,0,SiteH,wooden hand,0.605418136,0.134417438,0.767015882,0.340655875,0.284457478,0.721407625,0.099706745,0.579667644,-1.0,-1.0,-1.0,-1.0
1510,left,2,2,bunny+wooden hand,Z,./stimuli/B_cropped_v1117/bunny_hand/IMG_4691.jpg,bunny,annotator1,14,SiteH,-1,0.645496337,0.111813403,0.807094083,0.328069295,0.405669599,0.721407625,0.099706745,0.542521994,-1.0,-1.0,-1.0,-1.0
1511,left,2,2,bunny+wooden hand,Z,./stimuli/B_cropped_v1117/bunny_hand/IMG_4692.jpg,wooden hand,annotator1,8,SiteH,-1,0.623990961,0.104970784,0.785588707,0.321226675,0.405669599,0.671554252,0.101661779,0.542521994,-1.0,-1.0,-1.0,-1.0
1512,left,2,2,bunny+wooden hand,Z,./stimuli/B_cropped_v1117/bunny_hand/IMG_4693.jpg,bunny,annotator1,19,SiteH,bunny,0.653316474,0.103015749,0.81491422,0.319271641,0.405669599,0.671554252,0.105571848,0.542521994,-1.0,-1.0,-1.0,-1.0
1513,left,2,2,bunny+wooden hand,Z,./stimuli/B_cropped_v1117/bunny_hand/IMG_4694.jpg,wooden hand,annotator1,5,SiteH,bunny,0.658204059,0.100045135,0.819801806,0.322242255,0.42228739,0.671554252,0.105571848,0.542521994,-1.0,-1.0,-1.0,-1.0
1514,left,2,2,bunny+wooden hand,Z,./stimuli/B_cropped_v1117/bunny_hand/IMG_4695.jpg,wooden hand,annotator1,12,SiteH,wooden hand,0.628878546,0.117518467,0.790476293,0.322364231,0.405669599,0.671554252,0.105571848,0.542521994,-1.0,-1.0,-1.0,-1.0
1515,left,2,2,bunny+wooden hand,Z,./stimuli/B_cropped_v1117/bunny_hand/IMG_4696.jpg,bunny,annotator1,16,SiteH,wooden hand,0.635721166,0.104970784,0.797318912,0.321226675,0.434995112,0.671554252,0.109481916,0.500488759,-1.0,-1.0,-1.0,-1.0
1516,left,3,2,bunny+wooden hand,Z,./stimuli/B_cropped_v1117/bunny_hand/IMG_4698.jpg,bunny,annotator1,12,SiteH,-1,0.664007211,0.151233277,0.813998654,0.349255481,0.671554252,0.721407625,0.105571848,0.500488759,-1.0,-1.0,-1.0,-1.0
1517,left,3,2,bunny+wooden hand,Z,./stimuli/B_cropped_v1117/bunny_hand/IMG_4699.jpg,wooden hand,annotator1,19,SiteH,-1,0.641004987,0.166865806,0.778349852,0.353173295,0.671554252,0.721407625,0.105571848,0.500488759,-1.0,-1.0,-1.0,-1.0
1518,left,3,2,bunny+wooden hand,Z,./stimuli/B_cropped_v1117/bunny_hand/IMG_4700.jpg,bunny,annotator1,10,SiteH,bunny,0.677739318,0.162963482,0.819816889,0.360985687,0.671554252,0.721407625,0.105571848,0.542521994,-1.0,-1.0,-1.0,-1.0
1519,left,3,2,bunny+wooden hand,Z,./stimuli/B_cropped_v1117/bunny_hand/IMG_4701.jpg,wooden hand,annotator1,4,SiteH,bunny,0.649767001,0.166873551,0.847789206,0.364895755,0.671554252,0.721407625,0.109481916,0.500488759,-1.0,-1.0,-1.0,-1.0
1520,left,3,2,bunny+wooden hand,Z,./stimuli/B_cropped_v1117/bunny_hand/IMG_4702.jpg,wooden hand,annotator1,12,SiteH,wooden hand,0.641524318,0.172730908,0.791515761,0.359038398,0.671554252,0.671554252,0.109481916,0.500488759,-1.0,-1.0,-1.0,-1.0
1521,left,3,2,bunny+wooden hand,Z,./stimuli/B_cropped_v1117/bunny_hand/IMG_4703.jpg,bunny,annotator1,1,SiteH,wooden hand,0.635721166,0.172730908,0.797318912,0.359038398,0.671554252,0.671554252,0.109481916,0.500488759,-1.0,-1.0,-1.0,-1.0
1522,right,1,3,wooden hand+bunny+bottle,Z,./stimuli/B_cropped_v1117/hand_bunny_bottle2/IMG_4288.jpg,wooden hand,annotator1,0,SiteH,-1,0.236832236,0.280941881,0.386823678,0.469791257,0.89540567,0.632453568,0.769305963,0.671554252,0.542521994,0.810361681,-1.0,-1.0
1523,right,1,3,wooden hand+bunny+bottle,Z,./stimuli/B_cropped_v1117/hand_bunny_bottle2/IMG_4289.jpg,bunny,annotator1,13,SiteH,-1,0.236832236,0.292158462,0.386823678,0.472259915,0.89540567,0.632453568,0.769305963,0.671554252,0.542521994,0.810361681,-1.0,-1.0
1524,right,1,3,wooden hand+bunny+bottle,Z,./stimuli/B_cropped_v1117/hand_bunny_bottle2/IMG_4290.jpg,bottle,annotator1,18,SiteH,-1,0.235901586,0.295604638,0.377979157,0.484454013,0.89540567,0.632453568,0.769305963,0.632453568,0.542521994,0.810361681,-1.0,-1.0
1525,right,1,3,wooden hand+bunny+bottle,Z,./stimuli/B_cropped_v1117/hand_bunny_bottle2/IMG_4291.jpg,wooden hand,annotator1,5,SiteH,wooden hand,0.258599054,0.295158117,0.390472304,0.46926026,0.89540567,0.632453568,0.769305963,0.632453568,0.542521994,0.810361681,-1.0,-1.0
1526,right,1,3,wooden hand+bunny+bottle,Z,./stimuli/B_cropped_v1117/hand_bunny_bottle2/IMG_4292.jpg,bunny,annotator1,11,SiteH,wooden hand,0.265010564,0.289055444,0.389925897,0.475362933,0.900293255,0.632453568,0.769305963,0.632453568,0.542521994,0.810361681,-1.0,-1.0
1527,right,1,3,wooden hand+bunny+bottle,Z,./stimuli/B_cropped_v1117/hand_bunny_bottle2/IMG_4293.jpg,bottle,annotator1,1,SiteH,wooden hand,0.265010564,0.289055444,0.389925897,0.475362933,0.89540567,0.632453568,0.769305963,0.671554252,0.542521994,0.810361681,-1.0,-1.0
1528,right,1,3,wooden hand+bunny+bottle,Z,./stimuli/B_cropped_v1117/hand_bunny_bottle2/IMG_4294.jpg,bunny,annotator1,8,SiteH,bunny,0.239764787,0.287784501,0.38975623,0.476633876,0.89540567,0.632453568,0.769305963,0.671554252,0.542521994,0.810361681,-1.0,-1.0
1529,right,1,3,wooden hand+bunny+bottle,Z,./stimuli/B_cropped_v1117/hand_bunny_bottle2/IMG_4295.jpg,wooden hand,annotator1,4,SiteH,bunny,0.239764787,0.287784501,0.38975623,0.476633876,0.89540567,0.632453568,0.769305963,0.671554252,0.542521994,0.810361681,-1.0,-1.0
1530,right,1,3,wooden hand+bunny+bottle,Z,./stimuli/B_cropped_v1117/hand_bunny_bottle2/IMG_4296.jpg,bottle,annotator1,17,SiteH,bunny,0.239764787,0.287784501,0.38975623,0.476633876,0.89540567,0.632453568,0.769305963,0.671554252,0.542521994,0.810361681,-1.0,-1.0
1531,right,1,3,wooden hand+bunny+bottle,Z,./stimuli/B_cropped_v1117/hand_bunny_bottle2/IMG_4297.jpg,bottle,annotator1,17,SiteH,bottle,0.230852091,0.305379809,0.365433344,0.494229184,0.89540567,0.632453568,0.769305963,0.671554252,0.542521994,0.810361681,-1.0,-1.0
1532,right,1,3,wooden hand+bunny+bottle,Z,./stimuli/B_cropped_v1117/hand_bunny_bottle2/IMG_4298.jpg,wooden hand,annotator1,16,SiteH,bottle,0.229874574,0.305379809,0.364455827,0.494229184,0.89540567,0.632453568,0.769305963,0.632453568,0.542521994,0.810361681,-1.0,-1.0
1533,right,1,3,wooden hand+bunny+bottle,Z,./stimuli/B_cropped_v1117/hand_bunny_bottle2/IMG_4299.jpg,bunny,annotator1,11,SiteH,bottle,0.230852091,0.305379809,0.365433344,0.494229184,0.89540567,0.632453568,0.769305963,0.671554252,0.542521994,0.810361681,-1.0,-1.0
1534,right,2,3,wooden hand+bunny+bottle,Z,./stimuli/B_cropped_v1117/hand_bunny_bottle2/IMG_4300.jpg,wooden hand,annotator1,19,SiteH,-1,0.287483186,0.288315497,0.402643891,0.46241764,0.884652981,0.602150538,0.721407625,0.721407625,0.382209189,0.788856305,-1.0,-1.0
1535,right,2,3,wooden hand+bunny+bottle,Z,./stimuli/B_cropped_v1117/hand_bunny_bottle2/IMG_4301.jpg,bunny,annotator1,5,SiteH,-1,0.257621537,0.295158117,0.389494787,0.46926026,0.884652981,0.602150538,0.721407625,0.721407625,0.382209189,0.788856305,-1.0,-1.0
1536,right,2,3,wooden hand+bunny+bottle,Z,./stimuli/B_cropped_v1117/hand_bunny_bottle2/IMG_4302.jpg,bottle,annotator1,1,SiteH,-1,0.236776631,0.297559672,0.373194043,0.486409047,0.884652981,0.602150538,0.721407625,0.721407625,0.382209189,0.788856305,-1.0,-1.0
1537,right,2,3,wooden hand+bunny+bottle,Z,./stimuli/B_cropped_v1117/hand_bunny_bottle2/IMG_4303.jpg,wooden hand,annotator1,12,SiteH,wooden hand,0.293348289,0.295158117,0.408508994,0.46926026,0.884652981,0.602150538,0.721407625,0.721407625,0.382209189,0.788856305,-1.0,-1.0
1538,right,2,3,wooden hand+bunny+bottle,Z,./stimuli/B_cropped_v1117/hand_bunny_bottle2/IMG_4304.jpg,bunny,annotator1,19,SiteH,wooden hand,0.293348289,0.295158117,0.408508994,0.46926026,0.884652981,0.602150538,0.721407625,0.721407625,0.382209189,0.788856305,-1.0,-1.0
1539,right,2,3,wooden hand+bunny+bottle,Z,./stimuli/B_cropped_v1117/hand_bunny_bottle2/IMG_4305.jpg,bottle,annotator1,5,SiteH,wooden hand,0.284730574,0.295158117,0.434722017,0.46926026,0.884652981,0.602150538,0.721407625,0.721407625,0.382209189,0.788856305,-1.0,-1.0
1540,right,2,3,wooden hand+bunny+bottle,Z,./stimuli/B_cropped_v1117/hand_bunny_bottle2/IMG_4306.jpg,bunny,annotator1,15,SiteH,bunny,0.262509123,0.299068186,0.394382373,0.473170329,0.884652981,0.602150538,0.721407625,0.721407625,0.382209189,0.788856305,-1.0,-1.0
1541,right,2,3,wooden hand+bunny+bottle,Z,./stimuli/B_cropped_v1117/hand_bunny_bottle2/IMG_4307.jpg,wooden hand,annotator1,16,SiteH,bunny,0.262509123,0.302978254,0.394382373,0.477080397,0.884652981,0.602150538,0.721407625,0.721407625,0.382209189,0.788856305,-1.0,-1.0
1542,right,2,3,wooden hand+bunny+bottle,Z,./stimuli/B_cropped_v1117/hand_bunny_bottle2/IMG_4308.jpg,bottle,annotator1,15,SiteH,bunny,0.262509123,0.302978254,0.394382373,0.477080397,0.884652981,0.602150538,0.721407625,0.721407625,0.382209189,0.788856305,-1.0,-1.0
1543,right,2,3,wooden hand+bunny+bottle,Z,./stimuli/B_cropped_v1117/hand_bunny_bottle2/IMG_4309.jpg,bottle,annotator1,5,SiteH,bottle,0.230852091,0.312753425,0.365433344,0.486855568,0.884652981,0.602150538,0.744868035,0.721407625,0.382209189,0.788856305,-1.0,-1.0
1544,right,2,3,wooden hand+bunny+bottle,Z,./stimuli/B_cropped_v1117/hand_bunny_bottle2/IMG_4310.jpg,wooden hand,annotator1,1,SiteH,bottle,0.233784642,0.312753425,0.368365895,0.486855568,0.884652981,0.602150538,0.721407625,0.721407625,0.382209189,0.788856305,-1.0,-1.0
1545,right,2,3,wooden hand+bunny+bottle,Z,./stimuli/B_cropped_v1117/hand_bunny_bottle2/IMG_4311.jpg,bunny,annotator1,9,SiteH,bottle,0.232866563,0.312753425,0.369283975,0.486855568,0.884652981,0.602150538,0.721407625,0.721407625,0.382209189,0.788856305,-1.0,-1.0
1546,right,3,3,wooden hand+bunny+bottle,Z,./stimuli/B_cropped_v1117/hand_bunny_bottle2/IMG_4312.jpg,wooden hand,annotator1,4,SiteH,-1,0.298559236,0.295158117,0.403298047,0.46926026,0.853372434,0.579667644,0.671554252,0.721407625,0.250244379,0.788856305,-1.0,-1.0
1547,right,3,3,wooden hand+bunny+bottle,Z,./stimuli/B_cropped_v1117/hand_bunny_bottle2/IMG_4313.jpg,bunny,annotator1,13,SiteH,-1,0.261531606,0.299068186,0.393404856,0.473170329,0.853372434,0.569892473,0.671554252,0.686217009,0.250244379,0.788856305,-1.0,-1.0
1548,right,3,3,wooden hand+bunny+bottle,Z,./stimuli/B_cropped_v1117/hand_bunny_bottle2/IMG_4314.jpg,bottle,annotator1,1,SiteH,-1,0.231228576,0.302978254,0.363101825,0.477080397,0.853372434,0.569892473,0.671554252,0.686217009,0.250244379,0.788856305,-1.0,-1.0
1549,right,3,3,wooden hand+bunny+bottle,Z,./stimuli/B_cropped_v1117/hand_bunny_bottle2/IMG_4315.jpg,wooden hand,annotator1,4,SiteH,wooden hand,0.287483186,0.295158117,0.402643891,0.46926026,0.853372434,0.579667644,0.671554252,0.686217009,0.250244379,0.788856305,-1.0,-1.0
1550,right,3,3,wooden hand+bunny+bottle,Z,./stimuli/B_cropped_v1117/hand_bunny_bottle2/IMG_4316.jpg,bunny,annotator1,4,SiteH,wooden hand,0.282605872,0.304771062,0.407521205,0.467467453,0.853372434,0.579667644,0.671554252,0.686217009,0.250244379,0.788856305,-1.0,-1.0
1551,right,3,3,wooden hand+bunny+bottle,Z,./stimuli/B_cropped_v1117/hand_bunny_bottle2/IMG_4317.jpg,bottle,annotator1,12,SiteH,wooden hand,0.282605872,0.295158117,0.407521205,0.46926026,0.853372434,0.579667644,0.671554252,0.686217009,0.250244379,0.788856305,-1.0,-1.0
1552,right,3,3,wooden hand+bunny+bottle,Z,./stimuli/B_cropped_v1117/hand_bunny_bottle2/IMG_4318.jpg,bunny,annotator1,13,SiteH,bunny,0.262509123,0.305305874,0.394382373,0.474752777,0.853372434,0.579667644,0.671554252,0.686217009,0.250244379,0.788856305,-1.0,-1.0
1553,right,3,3,wooden hand+bunny+bottle,Z,./stimuli/B_cropped_v1117/hand_bunny_bottle2/IMG_4319.jpg,wooden hand,annotator1,7,SiteH,bunny,0.262509123,0.305305874,0.394382373,0.474752777,0.853372434,0.579667644,0.671554252,0.686217009,0.250244379,0.788856305,-1.0,-1.0
1554,right,3,3,wooden hand+bunny+bottle,Z,./stimuli/B_cropped_v1117/hand_bunny_bottle2/IMG_4320.jpg,bottle,annotator1,18,SiteH,bunny,0.258599054,0.305305874,0.390472304,0.474752777,0.853372434,0.569892473,0.671554252,0.686217009,0.250244379,0.788856305,-1.0,-1.0
1555,right,3,3,wooden hand+bunny+bottle,Z,./stimuli/B_cropped_v1117/hand_bunny_bottle2/IMG_4321.jpg,bottle,annotator1,6,SiteH,bottle,0.225363473,0.298830615,0.357236723,0.485138104,0.853372434,0.579667644,0.671554252,0.686217009,0.250244379,0.788856305,-1.0,-1.0
1556,right,3,3,wooden hand+bunny+bottle,Z,./stimuli/B_cropped_v1117/hand_bunny_bottle2/IMG_4322.jpg,wooden hand,annotator1,0,SiteH,bottle,0.225363473,0.315081045,0.357236723,0.484527948,0.853372434,0.579667644,0.671554252,0.686217009,0.250244379,0.788856305,-1.0,-1.0
1557,right,3,3,wooden hand+bunny+bottle,Z,./stimuli/B_cropped_v1117/hand_bunny_bottle2/IMG_4323.jpg,bunny,annotator1,12,SiteH,bottle,0.224009471,0.304933288,0.358590724,0.479035431,0.853372434,0.579667644,0.671554252,0.686217009,0.250244379,0.788856305,-1.0,-1.0
1558,front,1,3,wooden hand+bunny+bottle,Z,./stimuli/B_cropped_v1117/hand_bunny_bottle2/IMG_4501.jpg,wooden hand,annotator1,18,SiteH,-1,0.420084868,0.200321538,0.610218162,0.403784034,0.890518084,0.632453568,0.500488759,0.632453568,0.109481916,0.671554252,-1.0,-1.0
1559,front,1,3,wooden hand+bunny+bottle,Z,./stimuli/B_cropped_v1117/hand_bunny_bottle2/IMG_4502.jpg,bunny,annotator1,18,SiteH,-1,0.425493037,0.209405075,0.57548448,0.414250839,0.89540567,0.632453568,0.500488759,0.632453568,0.109481916,0.671554252,-1.0,-1.0
1560,front,1,3,wooden hand+bunny+bottle,Z,./stimuli/B_cropped_v1117/hand_bunny_bottle2/IMG_4503.jpg,bottle,annotator1,19,SiteH,-1,0.409852763,0.212816855,0.559844206,0.410839059,0.89540567,0.632453568,0.500488759,0.632453568,0.109481916,0.671554252,-1.0,-1.0
1561,front,1,3,wooden hand+bunny+bottle,Z,./stimuli/B_cropped_v1117/hand_bunny_bottle2/IMG_4504.jpg,wooden hand,annotator1,11,SiteH,wooden hand,0.434352642,0.209405075,0.595950388,0.414250839,0.89540567,0.632453568,0.500488759,0.632453568,0.109481916,0.671554252,-1.0,-1.0
1562,front,1,3,wooden hand+bunny+bottle,Z,./stimuli/B_cropped_v1117/hand_bunny_bottle2/IMG_4505.jpg,bunny,annotator1,7,SiteH,wooden hand,0.434352642,0.209405075,0.595950388,0.414250839,0.89540567,0.632453568,0.500488759,0.632453568,0.109481916,0.671554252,-1.0,-1.0
1563,front,1,3,wooden hand+bunny+bottle,Z,./stimuli/B_cropped_v1117/hand_bunny_bottle2/IMG_4506.jpg,bottle,annotator1,18,SiteH,wooden hand,0.434352642,0.209405075,0.595950388,0.414250839,0.89540567,0.632453568,0.500488759,0.671554252,0.109481916,0.671554252,-1.0,-1.0
1564,front,1,3,wooden hand+bunny+bottle,Z,./stimuli/B_cropped_v1117/hand_bunny_bottle2/IMG_4507.jpg,bunny,annotator1,8,SiteH,bunny,0.39666847,0.210096709,0.604309047,0.413559205,0.884652981,0.632453568,0.500488759,0.671554252,0.109481916,0.671554252,-1.0,-1.0
1565,front,1,3,wooden hand+bunny+bottle,Z,./stimuli/B_cropped_v1117/hand_bunny_bottle2/IMG_4508.jpg,wooden hand,annotator1,5,SiteH,bunny,0.390885569,0.212816855,0.610091948,0.410839059,0.890518084,0.632453568,0.500488759,0.632453568,0.109481916,0.671554252,-1.0,-1.0
1566,front,1,3,wooden hand+bunny+bottle,Z,./stimuli/B_cropped_v1117/hand_bunny_bottle2/IMG_4509.jpg,bottle,annotator1,7,SiteH,bunny,0.390885569,0.212816855,0.610091948,0.410839059,0.89540567,0.632453568,0.500488759,0.632453568,0.109481916,0.671554252,-1.0,-1.0
1567,front,1,3,wooden hand+bunny+bottle,Z,./stimuli/B_cropped_v1117/hand_bunny_bottle2/IMG_4510.jpg,bottle,annotator1,19,SiteH,bottle,0.404965178,0.214771889,0.554956621,0.412794093,0.890518084,0.632453568,0.500488759,0.671554252,0.109481916,0.671554252,-1.0,-1.0
1568,front,1,3,wooden hand+bunny+bottle,Z,./stimuli/B_cropped_v1117/hand_bunny_bottle2/IMG_4511.jpg,wooden hand,annotator1,13,SiteH,bottle,0.404965178,0.214771889,0.554956621,0.412794093,0.890518084,0.632453568,0.500488759,0.671554252,0.109481916,0.671554252,-1.0,-1.0
1569,front,1,3,wooden hand+bunny+bottle,Z,./stimuli/B_cropped_v1117/hand_bunny_bottle2/IMG_4512.jpg,bunny,annotator1,5,SiteH,bottle,0.404965178,0.215749406,0.554956621,0.413771611,0.890518084,0.632453568,0.500488759,0.671554252,0.109481916,0.671554252,-1.0,-1.0
1570,front,2,3,wooden hand+bunny+bottle,Z,./stimuli/B_cropped_v1117/hand_bunny_bottle2/IMG_4513.jpg,wooden hand,annotator1,5,SiteH,-1,0.434352642,0.209405075,0.595950388,0.414250839,0.744868035,0.632453568,0.500488759,0.632453568,0.250244379,0.671554252,-1.0,-1.0
1571,front,2,3,wooden hand+bunny+bottle,Z,./stimuli/B_cropped_v1117/hand_bunny_bottle2/IMG_4514.jpg,bunny,annotator1,11,SiteH,-1,0.401477656,0.215270177,0.599499861,0.420115942,0.744868035,0.632453568,0.500488759,0.632453568,0.250244379,0.671554252,-1.0,-1.0
1572,front,2,3,wooden hand+bunny+bottle,Z,./stimuli/B_cropped_v1117/hand_bunny_bottle2/IMG_4515.jpg,bottle,annotator1,4,SiteH,-1,0.422381354,0.225524577,0.578596163,0.423546782,0.744868035,0.632453568,0.500488759,0.632453568,0.250244379,0.671554252,-1.0,-1.0
1573,front,2,3,wooden hand+bunny+bottle,Z,./stimuli/B_cropped_v1117/hand_bunny_bottle2/IMG_4516.jpg,wooden hand,annotator1,4,SiteH,wooden hand,0.434352642,0.215270177,0.595950388,0.420115942,0.744868035,0.632453568,0.500488759,0.632453568,0.250244379,0.671554252,-1.0,-1.0
1574,front,2,3,wooden hand+bunny+bottle,Z,./stimuli/B_cropped_v1117/hand_bunny_bottle2/IMG_4517.jpg,bunny,annotator1,17,SiteH,wooden hand,0.420084868,0.215270177,0.610218162,0.420115942,0.744868035,0.632453568,0.500488759,0.632453568,0.250244379,0.671554252,-1.0,-1.0
1575,front,2,3,wooden hand+bunny+bottle,Z,./stimuli/B_cropped_v1117/hand_bunny_bottle2/IMG_4518.jpg,bottle,annotator1,0,SiteH,wooden hand,0.434352642,0.215270177,0.595950388,0.420115942,0.744868035,0.632453568,0.500488759,0.671554252,0.250244379,0.671554252,-1.0,-1.0
1576,front,2,3,wooden hand+bunny+bottle,Z,./stimuli/B_cropped_v1117/hand_bunny_bottle2/IMG_4519.jpg,bunny,annotator1,1,SiteH,bunny,0.419689885,0.217225211,0.581287632,0.422070976,0.744868035,0.632453568,0.500488759,0.632453568,0.250244379,0.671554252,-1.0,-1.0
1577,front,2,3,wooden hand+bunny+bottle,Z,./stimuli/B_cropped_v1117/hand_bunny_bottle2/IMG_4520.jpg,wooden hand,annotator1,9,SiteH,bunny,0.405422111,0.217225211,0.595555406,0.422070976,0.744868035,0.632453568,0.500488759,0.632453568,0.250244379,0.671554252,-1.0,-1.0
1578,front,2,3,wooden hand+bunny+bottle,Z,./stimuli/B_cropped_v1117/hand_bunny_bottle2/IMG_4521.jpg,bottle,annotator1,18,SiteH,bunny,0.405422111,0.217225211,0.595555406,0.422070976,0.744868035,0.632453568,0.500488759,0.671554252,0.250244379,0.671554252,-1.0,-1.0
1579,front,2,3,wooden hand+bunny+bottle,Z,./stimuli/B_cropped_v1117/hand_bunny_bottle2/IMG_4522.jpg,bottle,annotator1,14,SiteH,bottle,0.416695383,0.22454706,0.566686826,0.422569264,0.744868035,0.632453568,0.500488759,0.632453568,0.250244379,0.671554252,-1.0,-1.0
1580,front,2,3,wooden hand+bunny+bottle,Z,./stimuli/B_cropped_v1117/hand_bunny_bottle2/IMG_4523.jpg,wooden hand,annotator1,0,SiteH,bottle,0.419689885,0.222112797,0.581287632,0.426958562,0.744868035,0.632453568,0.500488759,0.632453568,0.250244379,0.671554252,-1.0,-1.0
1581,front,2,3,wooden hand+bunny+bottle,Z,./stimuli/B_cropped_v1117/hand_bunny_bottle2/IMG_4524.jpg,bunny,annotator1,8,SiteH,bottle,0.422908792,0.222112797,0.578068725,0.426958562,0.744868035,0.632453568,0.500488759,0.632453568,0.250244379,0.671554252,-1.0,-1.0
1582,front,3,3,wooden hand+bunny+bottle,Z,./stimuli/B_cropped_v1117/hand_bunny_bottle2/IMG_4525.jpg,wooden hand,annotator1,15,SiteH,-1,0.490806744,0.363804125,0.605967449,0.517916305,0.921798631,0.686217009,0.500488759,0.721407625,0.078201369,0.721407625,-1.0,-1.0
1583,front,3,3,wooden hand+bunny+bottle,Z,./stimuli/B_cropped_v1117/hand_bunny_bottle2/IMG_4526.jpg,bunny,annotator1,7,SiteH,-1,0.466368817,0.373579296,0.581529522,0.527691476,0.921798631,0.686217009,0.500488759,0.721407625,0.078201369,0.744868035,-1.0,-1.0
1584,front,3,3,wooden hand+bunny+bottle,Z,./stimuli/B_cropped_v1117/hand_bunny_bottle2/IMG_4527.jpg,bottle,annotator1,8,SiteH,-1,0.457571163,0.376649097,0.572731868,0.524621676,0.921798631,0.686217009,0.500488759,0.721407625,0.078201369,0.721407625,-1.0,-1.0
1585,front,3,3,wooden hand+bunny+bottle,Z,./stimuli/B_cropped_v1117/hand_bunny_bottle2/IMG_4528.jpg,wooden hand,annotator1,19,SiteH,wooden hand,0.490806744,0.375129796,0.605967449,0.526140976,0.921798631,0.686217009,0.500488759,0.721407625,0.078201369,0.744868035,-1.0,-1.0
1586,front,3,3,wooden hand+bunny+bottle,Z,./stimuli/B_cropped_v1117/hand_bunny_bottle2/IMG_4529.jpg,bunny,annotator1,1,SiteH,wooden hand,0.490806744,0.373579296,0.605967449,0.527691476,0.921798631,0.686217009,0.500488759,0.721407625,0.078201369,0.721407625,-1.0,-1.0
1587,front,3,3,wooden hand+bunny+bottle,Z,./stimuli/B_cropped_v1117/hand_bunny_bottle2/IMG_4530.jpg,bottle,annotator1,19,SiteH,wooden hand,0.490806744,0.373579296,0.605967449,0.527691476,0.921798631,0.686217009,0.500488759,0.721407625,0.078201369,0.721407625,-1.0,-1.0
1588,front,3,3,wooden hand+bunny+bottle,Z,./stimuli/B_cropped_v1117/hand_bunny_bottle2/IMG_4531.jpg,bunny,annotator1,4,SiteH,bunny,0.466368817,0.377626614,0.581529522,0.525599193,0.921798631,0.686217009,0.500488759,0.721407625,0.078201369,0.721407625,-1.0,-1.0
1589,front,3,3,wooden hand+bunny+bottle,Z,./stimuli/B_cropped_v1117/hand_bunny_bottle2/IMG_4532.jpg,wooden hand,annotator1,13,SiteH,bunny,0.442908406,0.353051437,0.558069111,0.507163617,0.921798631,0.686217009,0.500488759,0.721407625,0.064516129,0.721407625,-1.0,-1.0
1590,front,3,3,wooden hand+bunny+bottle,Z,./stimuli/B_cropped_v1117/hand_bunny_bottle2/IMG_4533.jpg,bottle,annotator1,3,SiteH,bunny,0.442908406,0.35207392,0.558069111,0.506186099,0.921798631,0.686217009,0.500488759,0.721407625,0.064516129,0.721407625,-1.0,-1.0
1591,front,3,3,wooden hand+bunny+bottle,Z,./stimuli/B_cropped_v1117/hand_bunny_bottle2/IMG_4534.jpg,bottle,annotator1,7,SiteH,bottle,0.416515444,0.366873925,0.531676149,0.514846505,0.921798631,0.686217009,0.500488759,0.721407625,0.064516129,0.721407625,-1.0,-1.0
1592,front,3,3,wooden hand+bunny+bottle,Z,./stimuli/B_cropped_v1117/hand_bunny_bottle2/IMG_4535.jpg,wooden hand,annotator1,5,SiteH,bottle,0.418470478,0.361849091,0.533631183,0.51596127,0.921798631,0.686217009,0.500488759,0.721407625,0.064516129,0.721407625,-1.0,-1.0
1593,front,3,3,wooden hand+bunny+bottle,Z,./stimuli/B_cropped_v1117/hand_bunny_bottle2/IMG_4536.jpg,bunny,annotator1,10,SiteH,bottle,0.418470478,0.366873925,0.533631183,0.514846505,0.921798631,0.686217009,0.500488759,0.721407625,0.064516129,0.721407625,-1.0,-1.0
1594,left,1,3,wooden hand+bunny+bottle,Z,./stimuli/B_cropped_v1117/hand_bunny_bottle2/IMG_4741.jpg,wooden hand,annotator1,3,SiteH,-1,0.591670945,0.266572551,0.741662388,0.45288004,0.440860215,0.744868035,0.188660802,0.671554252,0.053763441,0.671554252,-1.0,-1.0
1595,left,1,3,wooden hand+bunny+bottle,Z,./stimuli/B_cropped_v1117/hand_bunny_bottle2/IMG_4742.jpg,bunny,annotator1,3,SiteH,-1,0.574137588,0.163461771,0.735735335,0.368307535,0.442815249,0.686217009,0.250244379,0.721407625,0.064516129,0.671554252,-1.0,-1.0
1596,left,1,3,wooden hand+bunny+bottle,Z,./stimuli/B_cropped_v1117/hand_bunny_bottle2/IMG_4743.jpg,bottle,annotator1,1,SiteH,-1,0.57994074,0.176363584,0.729932183,0.369090962,0.442815249,0.686217009,0.250244379,0.721407625,0.064516129,0.632453568,-1.0,-1.0
1597,left,1,3,wooden hand+bunny+bottle,Z,./stimuli/B_cropped_v1117/hand_bunny_bottle2/IMG_4744.jpg,wooden hand,annotator1,4,SiteH,wooden hand,0.623990961,0.182034596,0.785588707,0.38688036,0.500488759,0.686217009,0.250244379,0.671554252,0.099706745,0.632453568,-1.0,-1.0
1598,left,1,3,wooden hand+bunny+bottle,Z,./stimuli/B_cropped_v1117/hand_bunny_bottle2/IMG_4745.jpg,bunny,annotator1,17,SiteH,wooden hand,0.623990961,0.181338259,0.785588707,0.387576697,0.500488759,0.704789834,0.250244379,0.671554252,0.10459433,0.632453568,-1.0,-1.0
1599,left,1,3,wooden hand+bunny+bottle,Z,./stimuli/B_cropped_v1117/hand_bunny_bottle2/IMG_4746.jpg,bottle,annotator1,18,SiteH,wooden hand,0.627901029,0.185446376,0.789498775,0.38346858,0.500488759,0.686217009,0.250244379,0.671554252,0.099706745,0.632453568,-1.0,-1.0
1600,left,1,3,wooden hand+bunny+bottle,Z,./stimuli/B_cropped_v1117/hand_bunny_bottle2/IMG_4747.jpg,bunny,annotator1,11,SiteH,bunny,0.612260755,0.185446376,0.773858502,0.38346858,0.500488759,0.686217009,0.250244379,0.671554252,0.10459433,0.632453568,-1.0,-1.0
1601,left,1,3,wooden hand+bunny+bottle,Z,./stimuli/B_cropped_v1117/hand_bunny_bottle2/IMG_4748.jpg,wooden hand,annotator1,15,SiteH,bunny,0.615193307,0.185446376,0.776791053,0.38346858,0.500488759,0.686217009,0.250244379,0.671554252,0.10459433,0.632453568,-1.0,-1.0
1602,left,1,3,wooden hand+bunny+bottle,Z,./stimuli/B_cropped_v1117/hand_bunny_bottle2/IMG_4749.jpg,bottle,annotator1,10,SiteH,bunny,0.620080892,0.176169493,0.781678639,0.381015258,0.500488759,0.686217009,0.250244379,0.632453568,0.10459433,0.632453568,-1.0,-1.0
1603,left,1,3,wooden hand+bunny+bottle,Z,./stimuli/B_cropped_v1117/hand_bunny_bottle2/IMG_4750.jpg,bottle,annotator1,15,SiteH,bottle,0.614952224,0.182228687,0.771167033,0.374956064,0.500488759,0.686217009,0.250244379,0.671554252,0.10459433,0.632453568,-1.0,-1.0
1604,left,1,3,wooden hand+bunny+bottle,Z,./stimuli/B_cropped_v1117/hand_bunny_bottle2/IMG_4751.jpg,wooden hand,annotator1,12,SiteH,bottle,0.614952224,0.182228687,0.771167033,0.374956064,0.500488759,0.686217009,0.250244379,0.632453568,0.10459433,0.632453568,-1.0,-1.0
1605,left,1,3,wooden hand+bunny+bottle,Z,./stimuli/B_cropped_v1117/hand_bunny_bottle2/IMG_4752.jpg,bunny,annotator1,14,SiteH,bottle,0.614952224,0.19003279,0.771167033,0.378882166,0.500488759,0.686217009,0.250244379,0.594330401,0.10459433,0.632453568,-1.0,-1.0
1606,left,2,3,wooden hand+bunny+bottle,Z,./stimuli/B_cropped_v1117/hand_bunny_bottle2/IMG_4753.jpg,wooden hand,annotator1,14,SiteH,-1,0.597978256,0.2477063,0.774455761,0.436555675,0.542521994,0.749755621,0.250244379,0.671554252,0.064516129,0.671554252,-1.0,-1.0
1607,left,2,3,wooden hand+bunny+bottle,Z,./stimuli/B_cropped_v1117/hand_bunny_bottle2/IMG_4754.jpg,bunny,annotator1,18,SiteH,-1,0.58069974,0.248977243,0.768273867,0.435284732,0.542521994,0.744868035,0.250244379,0.671554252,0.078201369,0.671554252,-1.0,-1.0
1608,left,2,3,wooden hand+bunny+bottle,Z,./stimuli/B_cropped_v1117/hand_bunny_bottle2/IMG_4755.jpg,bottle,annotator1,12,SiteH,-1,0.580002691,0.255079916,0.741600437,0.429182059,0.542521994,0.744868035,0.250244379,0.671554252,0.064516129,0.671554252,-1.0,-1.0
1609,left,2,3,wooden hand+bunny+bottle,Z,./stimuli/B_cropped_v1117/hand_bunny_bottle2/IMG_4756.jpg,wooden hand,annotator1,12,SiteH,wooden hand,0.603198337,0.24086368,0.769235681,0.429713055,0.542521994,0.744868035,0.250244379,0.671554252,0.064516129,0.671554252,-1.0,-1.0
1610,left,2,3,wooden hand+bunny+bottle,Z,./stimuli/B_cropped_v1117/hand_bunny_bottle2/IMG_4757.jpg,bunny,annotator1,8,SiteH,wooden hand,0.611221287,0.237931128,0.76121273,0.426780504,0.542521994,0.744868035,0.250244379,0.671554252,0.078201369,0.671554252,-1.0,-1.0
1611,left,2,3,wooden hand+bunny+bottle,Z,./stimuli/B_cropped_v1117/hand_bunny_bottle2/IMG_4758.jpg,bottle,annotator1,12,SiteH,wooden hand,0.645217456,0.24086368,0.756542075,0.429713055,0.542521994,0.744868035,0.250244379,0.671554252,0.078201369,0.671554252,-1.0,-1.0
1612,left,2,3,wooden hand+bunny+bottle,Z,./stimuli/B_cropped_v1117/hand_bunny_bottle2/IMG_4759.jpg,bunny,annotator1,18,SiteH,bunny,0.599491082,0.255012812,0.749482525,0.435114265,0.548387097,0.744868035,0.272727273,0.769305963,0.078201369,0.671554252,-1.0,-1.0
1613,left,2,3,wooden hand+bunny+bottle,Z,./stimuli/B_cropped_v1117/hand_bunny_bottle2/IMG_4760.jpg,wooden hand,annotator1,10,SiteH,bunny,0.596558531,0.2477063,0.746549974,0.436555675,0.542521994,0.744868035,0.250244379,0.671554252,0.078201369,0.671554252,-1.0,-1.0
1614,left,2,3,wooden hand+bunny+bottle,Z,./stimuli/B_cropped_v1117/hand_bunny_bottle2/IMG_4761.jpg,bottle,annotator1,4,SiteH,bunny,0.599491082,0.245067174,0.749482525,0.431374664,0.500488759,0.744868035,0.250244379,0.769305963,0.064516129,0.671554252,-1.0,-1.0
1615,left,2,3,wooden hand+bunny+bottle,Z,./stimuli/B_cropped_v1117/hand_bunny_bottle2/IMG_4762.jpg,bottle,annotator1,3,SiteH,bottle,0.598457961,0.245237641,0.734875373,0.425339094,0.542521994,0.744868035,0.250244379,0.671554252,0.078201369,0.671554252,-1.0,-1.0
1616,left,2,3,wooden hand+bunny+bottle,Z,./stimuli/B_cropped_v1117/hand_bunny_bottle2/IMG_4763.jpg,wooden hand,annotator1,2,SiteH,bottle,0.595627881,0.237417505,0.737705452,0.417518957,0.542521994,0.744868035,0.250244379,0.671554252,0.078201369,0.671554252,-1.0,-1.0
1617,left,2,3,wooden hand+bunny+bottle,Z,./stimuli/B_cropped_v1117/hand_bunny_bottle2/IMG_4764.jpg,bunny,annotator1,6,SiteH,bottle,0.596558531,0.241394676,0.746549974,0.415496819,0.542521994,0.744868035,0.250244379,0.671554252,0.078201369,0.671554252,-1.0,-1.0
1618,left,3,3,wooden hand+bunny+bottle,Z,./stimuli/B_cropped_v1117/hand_bunny_bottle2/IMG_4790.jpg,wooden hand,annotator1,2,SiteH,-1,0.621918371,0.231381935,0.758335783,0.417689424,0.721407625,0.769305963,0.335288368,0.769305963,0.10459433,0.671554252,-1.0,-1.0
1619,left,3,3,wooden hand+bunny+bottle,Z,./stimuli/B_cropped_v1117/hand_bunny_bottle2/IMG_4791.jpg,bunny,annotator1,15,SiteH,-1,0.608550179,0.248237296,0.740423428,0.422339439,0.721407625,0.769305963,0.335288368,0.769305963,0.10459433,0.632453568,-1.0,-1.0
1620,left,3,3,wooden hand+bunny+bottle,Z,./stimuli/B_cropped_v1117/hand_bunny_bottle2/IMG_4792.jpg,bottle,annotator1,4,SiteH,-1,0.591670945,0.253497467,0.741662388,0.422944371,0.721407625,0.769305963,0.302052786,0.721407625,0.099706745,0.671554252,-1.0,-1.0
1621,left,3,3,wooden hand+bunny+bottle,Z,./stimuli/B_cropped_v1117/hand_bunny_bottle2/IMG_4793.jpg,wooden hand,annotator1,16,SiteH,wooden hand,0.627123004,0.234314486,0.758996253,0.420621975,0.721407625,0.769305963,0.335288368,0.744868035,0.10459433,0.632453568,-1.0,-1.0
1622,left,3,3,wooden hand+bunny+bottle,Z,./stimuli/B_cropped_v1117/hand_bunny_bottle2/IMG_4794.jpg,bunny,annotator1,13,SiteH,wooden hand,0.618063907,0.234314486,0.76805535,0.420621975,0.721407625,0.769305963,0.335288368,0.744868035,0.10459433,0.632453568,-1.0,-1.0
1623,left,3,3,wooden hand+bunny+bottle,Z,./stimuli/B_cropped_v1117/hand_bunny_bottle2/IMG_4795.jpg,bottle,annotator1,17,SiteH,wooden hand,0.622020843,0.234314486,0.764098414,0.420621975,0.721407625,0.769305963,0.335288368,0.744868035,0.099706745,0.632453568,-1.0,-1.0
1624,left,3,3,wooden hand+bunny+bottle,Z,./stimuli/B_cropped_v1117/hand_bunny_bottle2/IMG_4796.jpg,bunny,annotator1,1,SiteH,bunny,0.608550179,0.238395022,0.740423428,0.418496474,0.721407625,0.769305963,0.335288368,0.744868035,0.10459433,0.632453568,-1.0,-1.0
1625,left,3,3,wooden hand+bunny+bottle,Z,./stimuli/B_cropped_v1117/hand_bunny_bottle2/IMG_4797.jpg,wooden hand,annotator1,15,SiteH,bunny,0.608550179,0.248237296,0.740423428,0.422339439,0.721407625,0.769305963,0.335288368,0.744868035,0.10459433,0.632453568,-1.0,-1.0
1626,left,3,3,wooden hand+bunny+bottle,Z,./stimuli/B_cropped_v1117/hand_bunny_bottle2/IMG_4798.jpg,bottle,annotator1,2,SiteH,bunny,0.611221287,0.248237296,0.76121273,0.422339439,0.721407625,0.769305963,0.335288368,0.769305963,0.10459433,0.632453568,-1.0,-1.0
1627,left,3,3,wooden hand+bunny+bottle,Z,./stimuli/B_cropped_v1117/hand_bunny_bottle2/IMG_4799.jpg,bottle,annotator1,0,SiteH,bottle,0.588999837,0.250564916,0.720873086,0.420011819,0.721407625,0.744868035,0.335288368,0.744868035,0.10459433,0.632453568,-1.0,-1.0
1628,left,3,3,wooden hand+bunny+bottle,Z,./stimuli/B_cropped_v1117/hand_bunny_bottle2/IMG_4800.jpg,wooden hand,annotator1,8,SiteH,bottle,0.598343897,0.253940172,0.723259231,0.416636563,0.721407625,0.769305963,0.335288368,0.744868035,0.10459433,0.632453568,-1.0,-1.0
1629,left,3,3,wooden hand+bunny+bottle,Z,./stimuli/B_cropped_v1117/hand_bunny_bottle2/IMG_4801.jpg,bunny,annotator1,6,SiteH,bottle,0.594864939,0.253497467,0.726738189,0.422944371,0.721407625,0.769305963,0.335288368,0.744868035,0.10459433,0.632453568,-1.0,-1.0
1630,right,1,4,wooden hand+bunny+kettle+bottle,Z,./stimuli/B_cropped_v1117/hand_bunny_kettle_bottle2/IMG_4324.jpg,wooden hand,annotator2,5,SiteH,-1,0.18508578,0.092224998,0.346683526,0.314422118,0.935483871,0.481915934,0.832844575,0.500488759,0.671554252,0.671554252,0.500488759,0.671554252
1631,right,1,4,wooden hand+bunny+kettle+bottle,Z,./stimuli/B_cropped_v1117/hand_bunny_kettle_bottle2/IMG_4325.jpg,bunny,annotator2,4,SiteH,-1,0.17824316,0.100045135,0.339840906,0.322242255,0.935483871,0.470185728,0.832844575,0.500488759,0.671554252,0.671554252,0.500488759,0.671554252
1632,right,1,4,wooden hand+bunny+kettle+bottle,Z,./stimuli/B_cropped_v1117/hand_bunny_kettle_bottle2/IMG_4326.jpg,kettle,annotator2,16,SiteH,-1,0.169445506,0.118408665,0.331043252,0.333204238,0.935483871,0.481915934,0.832844575,0.500488759,0.671554252,0.671554252,0.500488759,0.671554252
1633,right,1,4,wooden hand+bunny+kettle+bottle,Z,./stimuli/B_cropped_v1117/hand_bunny_kettle_bottle2/IMG_4327.jpg,bottle,annotator2,4,SiteH,-1,0.149895164,0.096992908,0.31149291,0.325294482,0.935483871,0.500488759,0.832844575,0.500488759,0.671554252,0.671554252,0.500488759,0.671554252
1634,right,1,4,wooden hand+bunny+kettle+bottle,Z,./stimuli/B_cropped_v1117/hand_bunny_kettle_bottle2/IMG_4328.jpg,wooden hand,annotator2,1,SiteH,wooden hand,0.216248772,0.103015749,0.352666184,0.319271641,0.935483871,0.481915934,0.85,0.55,0.671554252,0.671554252,0.500488759,0.671554252
1635,right,1,4,wooden hand+bunny+kettle+bottle,Z,./stimuli/B_cropped_v1117/hand_bunny_kettle_bottle2/IMG_4329.jpg,bunny,annotator2,11,SiteH,wooden hand,0.216248772,0.103015749,0.352666184,0.319271641,0.935483871,0.481915934,0.832844575,0.500488759,0.671554252,0.671554252,0.500488759,0.671554252
1636,right,1,4,wooden hand+bunny+kettle+bottle,Z,./stimuli/B_cropped_v1117/hand_bunny_kettle_bottle2/IMG_4330.jpg,kettle,annotator2,13,SiteH,wooden hand,0.216248772,0.104970784,0.352666184,0.321226675,0.935483871,0.481915934,0.832844575,0.500488759,0.671554252,0.671554252,0.500488759,0.671554252
1637,right,1,4,wooden hand+bunny+kettle+bottle,Z,./stimuli/B_cropped_v1117/hand_bunny_kettle_bottle2/IMG_4331.jpg,bottle,annotator2,11,SiteH,wooden hand,0.216248772,0.104970784,0.352666184,0.321226675,0.935483871,0.500488759,0.832844575,0.500488759,0.671554252,0.671554252,0.500488759,0.671554252
1638,right,1,4,wooden hand+bunny+kettle+bottle,Z,./stimuli/B_cropped_v1117/hand_bunny_kettle_bottle2/IMG_4332.jpg,bunny,annotator2,12,SiteH,bunny,0.179220677,0.111813403,0.340818424,0.328069295,0.935483871,0.481915934,0.832844575,0.500488759,0.671554252,0.671554252,0.500488759,0.671554252
1639,right,1,4,wooden hand+bunny+kettle+bottle,Z,./stimuli/B_cropped_v1117/hand_bunny_kettle_bottle2/IMG_4333.jpg,wooden hand,annotator2,4,SiteH,bunny,0.179220677,0.111813403,0.340818424,0.328069295,0.935483871,0.481915934,0.85,0.55,0.671554252,0.671554252,0.500488759,0.671554252
1640,right,1,4,wooden hand+bunny+kettle+bottle,Z,./stimuli/B_cropped_v1117/hand_bunny_kettle_bottle2/IMG_4334.jpg,kettle,annotator2,16,SiteH,bunny,0.179220677,0.111813403,0.340818424,0.328069295,0.935483871,0.481915934,0.832844575,0.500488759,0.671554252,0.671554252,0.500488759,0.671554252
1641,right,1,4,wooden hand+bunny+kettle+bottle,Z,./stimuli/B_cropped_v1117/hand_bunny_kettle_bottle2/IMG_4335.jpg,bottle,annotator2,8,SiteH,bunny,0.179220677,0.111813403,0.340818424,0.328069295,0.935483871,0.481915934,0.832844575,0.500488759,0.671554252,0.671554252,0.500488759,0.671554252
1642,right,1,4,wooden hand+bunny+kettle+bottle,Z,./stimuli/B_cropped_v1117/hand_bunny_kettle_bottle2/IMG_4336.jpg,kettle,annotator2,19,SiteH,kettle,0.149895164,0.094180032,0.31149291,0.316377152,0.935483871,0.500488759,0.832844575,0.500488759,0.671554252,0.671554252,0.500488759,0.671554252
1643,right,1,4,wooden hand+bunny+kettle+bottle,Z,./stimuli/B_cropped_v1117/hand_bunny_kettle_bottle2/IMG_4337.jpg,wooden hand,annotator2,1,SiteH,kettle,0.149895164,0.094180032,0.31149291,0.316377152,0.935483871,0.500488759,0.832844575,0.500488759,0.671554252,0.671554252,0.500488759,0.671554252
1644,right,1,4,wooden hand+bunny+kettle+bottle,Z,./stimuli/B_cropped_v1117/hand_bunny_kettle_bottle2/IMG_4338.jpg,bunny,annotator2,17,SiteH,kettle,0.149895164,0.094180032,0.31149291,0.316377152,0.935483871,0.481915934,0.832844575,0.500488759,0.671554252,0.671554252,0.500488759,0.671554252
1645,right,1,4,wooden hand+bunny+kettle+bottle,Z,./stimuli/B_cropped_v1117/hand_bunny_kettle_bottle2/IMG_4339.jpg,bottle,annotator2,14,SiteH,kettle,0.149895164,0.094180032,0.31149291,0.316377152,0.935483871,0.500488759,0.832844575,0.500488759,0.671554252,0.671554252,0.500488759,0.671554252
1646,right,1,4,wooden hand+bunny+kettle+bottle,Z,./stimuli/B_cropped_v1117/hand_bunny_kettle_bottle2/IMG_4340.jpg,bottle,annotator2,14,SiteH,bottle,0.139142476,0.100045135,0.300740222,0.322242255,0.935483871,0.500488759,0.832844575,0.500488759,0.671554252,0.671554252,0.500488759,0.671554252
1647,right,1,4,wooden hand+bunny+kettle+bottle,Z,./stimuli/B_cropped_v1117/hand_bunny_kettle_bottle2/IMG_4341.jpg,wooden hand,annotator2,12,SiteH,bottle,0.139142476,0.100045135,0.300740222,0.322242255,0.935483871,0.481915934,0.832844575,0.500488759,0.671554252,0.671554252,0.500488759,0.671554252
1648,right,1,4,wooden hand+bunny+kettle+bottle,Z,./stimuli/B_cropped_v1117/hand_bunny_kettle_bottle2/IMG_4342.jpg,bunny,annotator2,1,SiteH,bottle,0.139142476,0.100045135,0.300740222,0.322242255,0.935483871,0.500488759,0.832844575,0.500488759,0.671554252,0.671554252,0.500488759,0.671554252
1649,right,1,4,wooden hand+bunny+kettle+bottle,Z,./stimuli/B_cropped_v1117/hand_bunny_kettle_bottle2/IMG_4343.jpg,kettle,annotator2,6,SiteH,bottle,0.139142476,0.100045135,0.300740222,0.322242255,0.935483871,0.500488759,0.832844575,0.500488759,0.671554252,0.671554252,0.500488759,0.671554252
1650,right,2,4,wooden hand+bunny+kettle+bottle,Z,./stimuli/B_cropped_v1117/hand_bunny_kettle_bottle2/IMG_4344.jpg,wooden hand,annotator2,6,SiteH,-1,0.153805232,0.067825134,0.315402979,0.284081025,0.942326491,0.407624633,0.811339198,0.500488759,0.594330401,0.671554252,0.335288368,0.671554252
1651,right,2,4,wooden hand+bunny+kettle+bottle,Z,./stimuli/B_cropped_v1117/hand_bunny_kettle_bottle2/IMG_4345.jpg,bunny,annotator2,13,SiteH,-1,0.145007578,0.071735202,0.306605325,0.287991093,0.935483871,0.407624633,0.811339198,0.500488759,0.594330401,0.671554252,0.335288368,0.671554252
1652,right,2,4,wooden hand+bunny+kettle+bottle,Z,./stimuli/B_cropped_v1117/hand_bunny_kettle_bottle2/IMG_4346.jpg,kettle,annotator2,10,SiteH,-1,0.124479719,0.086237919,0.286077466,0.291083684,0.935483871,0.407624633,0.811339198,0.500488759,0.594330401,0.671554252,0.335288368,0.671554252
1653,right,2,4,wooden hand+bunny+kettle+bottle,Z,./stimuli/B_cropped_v1117/hand_bunny_kettle_bottle2/IMG_4347.jpg,bottle,annotator2,6,SiteH,-1,0.107861928,0.085541583,0.269459675,0.29178002,0.942326491,0.407624633,0.811339198,0.500488759,0.594330401,0.671554252,0.335288368,0.671554252
1654,right,2,4,wooden hand+bunny+kettle+bottle,Z,./stimuli/B_cropped_v1117/hand_bunny_kettle_bottle2/IMG_4348.jpg,wooden hand,annotator2,3,SiteH,wooden hand,0.175248658,0.094236114,0.325240101,0.283085489,0.942326491,0.407624633,0.811339198,0.500488759,0.594330401,0.671554252,0.335288368,0.671554252
1655,right,2,4,wooden hand+bunny+kettle+bottle,Z,./stimuli/B_cropped_v1117/hand_bunny_kettle_bottle2/IMG_4349.jpg,bunny,annotator2,15,SiteH,wooden hand,0.179205593,0.092297113,0.321283165,0.28502449,0.942326491,0.407624633,0.811339198,0.500488759,0.594330401,0.671554252,0.335288368,0.671554252
1656,right,2,4,wooden hand+bunny+kettle+bottle,Z,./stimuli/B_cropped_v1117/hand_bunny_kettle_bottle2/IMG_4350.jpg,kettle,annotator2,18,SiteH,wooden hand,0.175248658,0.092297113,0.325240101,0.28502449,0.935483871,0.403714565,0.811339198,0.500488759,0.594330401,0.671554252,0.335288368,0.744868035
1657,right,2,4,wooden hand+bunny+kettle+bottle,Z,./stimuli/B_cropped_v1117/hand_bunny_kettle_bottle2/IMG_4351.jpg,bottle,annotator2,8,SiteH,wooden hand,0.169445506,0.067825134,0.331043252,0.284081025,0.942326491,0.407624633,0.811339198,0.500488759,0.594330401,0.671554252,0.335288368,0.744868035
1658,right,2,4,wooden hand+bunny+kettle+bottle,Z,./stimuli/B_cropped_v1117/hand_bunny_kettle_bottle2/IMG_4352.jpg,bunny,annotator2,13,SiteH,bunny,0.145007578,0.089649699,0.306605325,0.287671904,0.935483871,0.407624633,0.811339198,0.500488759,0.594330401,0.671554252,0.335288368,0.671554252
1659,right,2,4,wooden hand+bunny+kettle+bottle,Z,./stimuli/B_cropped_v1117/hand_bunny_kettle_bottle2/IMG_4353.jpg,wooden hand,annotator2,4,SiteH,bunny,0.145007578,0.071735202,0.306605325,0.287991093,0.942326491,0.407624633,0.811339198,0.500488759,0.594330401,0.671554252,0.335288368,0.671554252
1660,right,2,4,wooden hand+bunny+kettle+bottle,Z,./stimuli/B_cropped_v1117/hand_bunny_kettle_bottle2/IMG_4354.jpg,kettle,annotator2,15,SiteH,bunny,0.145007578,0.071735202,0.306605325,0.287991093,0.942326491,0.407624633,0.811339198,0.500488759,0.594330401,0.671554252,0.335288368,0.744868035
1661,right,2,4,wooden hand+bunny+kettle+bottle,Z,./stimuli/B_cropped_v1117/hand_bunny_kettle_bottle2/IMG_4355.jpg,bottle,annotator2,4,SiteH,bunny,0.145007578,0.071735202,0.306605325,0.287991093,0.942326491,0.407624633,0.811339198,0.500488759,0.594330401,0.671554252,0.335288368,0.671554252
1662,right,2,4,wooden hand+bunny+kettle+bottle,Z,./stimuli/B_cropped_v1117/hand_bunny_kettle_bottle2/IMG_4356.jpg,kettle,annotator2,16,SiteH,kettle,0.122524685,0.085541583,0.284122431,0.29178002,0.935483871,0.403714565,0.811339198,0.500488759,0.594330401,0.671554252,0.335288368,0.671554252
1663,right,2,4,wooden hand+bunny+kettle+bottle,Z,./stimuli/B_cropped_v1117/hand_bunny_kettle_bottle2/IMG_4357.jpg,wooden hand,annotator2,16,SiteH,kettle,0.124479719,0.084840513,0.286077466,0.29248109,0.935483871,0.407624633,0.811339198,0.500488759,0.594330401,0.671554252,0.335288368,0.671554252
1664,right,2,4,wooden hand+bunny+kettle+bottle,Z,./stimuli/B_cropped_v1117/hand_bunny_kettle_bottle2/IMG_4358.jpg,bunny,annotator2,17,SiteH,kettle,0.122524685,0.085541583,0.284122431,0.29178002,0.935483871,0.403714565,0.811339198,0.500488759,0.594330401,0.671554252,0.335288368,0.671554252
1665,right,2,4,wooden hand+bunny+kettle+bottle,Z,./stimuli/B_cropped_v1117/hand_bunny_kettle_bottle2/IMG_4359.jpg,bottle,annotator2,10,SiteH,kettle,0.122524685,0.085541583,0.284122431,0.29178002,0.942326491,0.407624633,0.811339198,0.500488759,0.592375367,0.671554252,0.335288368,0.744868035
1666,right,2,4,wooden hand+bunny+kettle+bottle,Z,./stimuli/B_cropped_v1117/hand_bunny_kettle_bottle2/IMG_4360.jpg,bottle,annotator2,4,SiteH,bottle,0.107861928,0.077562241,0.269459675,0.299759362,0.935483871,0.407624633,0.811339198,0.500488759,0.594330401,0.671554252,0.335288368,0.671554252
1667,right,2,4,wooden hand+bunny+kettle+bottle,Z,./stimuli/B_cropped_v1117/hand_bunny_kettle_bottle2/IMG_4361.jpg,wooden hand,annotator2,19,SiteH,bottle,0.107861928,0.077562241,0.269459675,0.299759362,0.935483871,0.407624633,0.811339198,0.500488759,0.594330401,0.671554252,0.335288368,0.671554252
1668,right,2,4,wooden hand+bunny+kettle+bottle,Z,./stimuli/B_cropped_v1117/hand_bunny_kettle_bottle2/IMG_4362.jpg,bunny,annotator2,14,SiteH,bottle,0.107861928,0.077562241,0.269459675,0.299759362,0.942326491,0.403714565,0.811339198,0.500488759,0.594330401,0.671554252,0.335288368,0.671554252
1669,right,2,4,wooden hand+bunny+kettle+bottle,Z,./stimuli/B_cropped_v1117/hand_bunny_kettle_bottle2/IMG_4363.jpg,kettle,annotator2,7,SiteH,bottle,0.107861928,0.077562241,0.269459675,0.299759362,0.942326491,0.407624633,0.811339198,0.500488759,0.594330401,0.671554252,0.335288368,0.671554252
1670,right,3,4,wooden hand+bunny+kettle+bottle,Z,./stimuli/B_cropped_v1117/hand_bunny_kettle_bottle2/IMG_4364.jpg,wooden hand,annotator2,11,SiteH,-1,0.15081073,0.054101831,0.300802173,0.276298951,0.942326491,0.335288368,0.811339198,0.500488759,0.500488759,0.671554252,0.188660802,0.744868035
1671,right,3,4,wooden hand+bunny+kettle+bottle,Z,./stimuli/B_cropped_v1117/hand_bunny_kettle_bottle2/IMG_4365.jpg,bunny,annotator2,2,SiteH,-1,0.148902563,0.063151595,0.290980135,0.29,0.942326491,0.335288368,0.811339198,0.500488759,0.500488759,0.671554252,0.188660802,0.744868035
1672,right,3,4,wooden hand+bunny+kettle+bottle,Z,./stimuli/B_cropped_v1117/hand_bunny_kettle_bottle2/IMG_4366.jpg,kettle,annotator2,8,SiteH,-1,0.107861928,0.089649699,0.269459675,0.287671904,0.942326491,0.335288368,0.811339198,0.500488759,0.500488759,0.671554252,0.188660802,0.744868035
1673,right,3,4,wooden hand+bunny+kettle+bottle,Z,./stimuli/B_cropped_v1117/hand_bunny_kettle_bottle2/IMG_4367.jpg,bottle,annotator2,4,SiteH,-1,0.091244138,0.063915065,0.252841884,0.280170956,0.942326491,0.359726295,0.811339198,0.500488759,0.500488759,0.671554252,0.188660802,0.744868035
1674,right,3,4,wooden hand+bunny+kettle+bottle,Z,./stimuli/B_cropped_v1117/hand_bunny_kettle_bottle2/IMG_4368.jpg,wooden hand,annotator2,16,SiteH,wooden hand,0.155698316,0.057072445,0.305689759,0.273328337,0.942326491,0.335288368,0.811339198,0.500488759,0.500488759,0.671554252,0.188660802,0.744868035
1675,right,3,4,wooden hand+bunny+kettle+bottle,Z,./stimuli/B_cropped_v1117/hand_bunny_kettle_bottle2/IMG_4369.jpg,bunny,annotator2,18,SiteH,wooden hand,0.155698316,0.054101831,0.305689759,0.276298951,0.942326491,0.335288368,0.811339198,0.500488759,0.500488759,0.671554252,0.188660802,0.744868035
1676,right,3,4,wooden hand+bunny+kettle+bottle,Z,./stimuli/B_cropped_v1117/hand_bunny_kettle_bottle2/IMG_4370.jpg,kettle,annotator2,10,SiteH,wooden hand,0.155698316,0.069620128,0.305689759,0.274465893,0.942326491,0.335288368,0.811339198,0.500488759,0.500488759,0.671554252,0.188660802,0.744868035
1677,right,3,4,wooden hand+bunny+kettle+bottle,Z,./stimuli/B_cropped_v1117/hand_bunny_kettle_bottle2/IMG_4371.jpg,bottle,annotator2,16,SiteH,wooden hand,0.155698316,0.069620128,0.305689759,0.274465893,0.942326491,0.359726295,0.811339198,0.500488759,0.500488759,0.671554252,0.188660802,0.744868035
1678,right,3,4,wooden hand+bunny+kettle+bottle,Z,./stimuli/B_cropped_v1117/hand_bunny_kettle_bottle2/IMG_4372.jpg,bunny,annotator2,9,SiteH,bunny,0.139142476,0.068923792,0.300740222,0.275162229,0.942326491,0.335288368,0.811339198,0.500488759,0.500488759,0.671554252,0.188660802,0.744868035
1679,right,3,4,wooden hand+bunny+kettle+bottle,Z,./stimuli/B_cropped_v1117/hand_bunny_kettle_bottle2/IMG_4374.jpg,wooden hand,annotator2,6,SiteH,bunny,0.118614617,0.068222722,0.280212363,0.2758633,0.942326491,0.407624633,0.811339198,0.500488759,0.500488759,0.671554252,0.188660802,0.744868035
1680,right,3,4,wooden hand+bunny+kettle+bottle,Z,./stimuli/B_cropped_v1117/hand_bunny_kettle_bottle2/IMG_4375.jpg,kettle,annotator2,17,SiteH,bunny,0.122524685,0.067516885,0.284122431,0.276569136,0.942326491,0.407624633,0.788856305,0.542521994,0.500488759,0.671554252,0.188660802,0.744868035
1681,right,3,4,wooden hand+bunny+kettle+bottle,Z,./stimuli/B_cropped_v1117/hand_bunny_kettle_bottle2/IMG_4376.jpg,bottle,annotator2,10,SiteH,bunny,0.122524685,0.067516885,0.284122431,0.276569136,0.942326491,0.407624633,0.788856305,0.542521994,0.500488759,0.671554252,0.188660802,0.744868035
1682,right,3,4,wooden hand+bunny+kettle+bottle,Z,./stimuli/B_cropped_v1117/hand_bunny_kettle_bottle2/IMG_4377.jpg,kettle,annotator2,16,SiteH,kettle,0.091244138,0.076743929,0.252841884,0.282982366,0.942326491,0.407624633,0.811339198,0.500488759,0.500488759,0.671554252,0.188660802,0.744868035
1683,right,3,4,wooden hand+bunny+kettle+bottle,Z,./stimuli/B_cropped_v1117/hand_bunny_kettle_bottle2/IMG_4378.jpg,wooden hand,annotator2,9,SiteH,kettle,0.091244138,0.076743929,0.252841884,0.282982366,0.942326491,0.407624633,0.811339198,0.500488759,0.500488759,0.671554252,0.188660802,0.744868035
1684,right,3,4,wooden hand+bunny+kettle+bottle,Z,./stimuli/B_cropped_v1117/hand_bunny_kettle_bottle2/IMG_4379.jpg,bunny,annotator2,13,SiteH,kettle,0.099064274,0.089649699,0.260662021,0.287671904,0.942326491,0.359726295,0.811339198,0.500488759,0.500488759,0.671554252,0.188660802,0.744868035
1685,right,3,4,wooden hand+bunny+kettle+bottle,Z,./stimuli/B_cropped_v1117/hand_bunny_kettle_bottle2/IMG_4380.jpg,bottle,annotator2,10,SiteH,kettle,0.097047289,0.076743929,0.26,0.282982366,0.942326491,0.359726295,0.811339198,0.500488759,0.500488759,0.671554252,0.188660802,0.744868035
1686,right,3,4,wooden hand+bunny+kettle+bottle,Z,./stimuli/B_cropped_v1117/hand_bunny_kettle_bottle2/IMG_4381.jpg,bottle,annotator2,19,SiteH,bottle,0.07364883,0.089649699,0.235246576,0.287671904,0.942326491,0.407624633,0.811339198,0.500488759,0.500488759,0.671554252,0.188660802,0.744868035
1687,right,3,4,wooden hand+bunny+kettle+bottle,Z,./stimuli/B_cropped_v1117/hand_bunny_kettle_bottle2/IMG_4382.jpg,wooden hand,annotator2,12,SiteH,bottle,0.076581381,0.086237919,0.238179127,0.291083684,0.942326491,0.359726295,0.788856305,0.500488759,0.500488759,0.671554252,0.188660802,0.744868035
1688,right,3,4,wooden hand+bunny+kettle+bottle,Z,./stimuli/B_cropped_v1117/hand_bunny_kettle_bottle2/IMG_4383.jpg,bunny,annotator2,3,SiteH,bottle,0.07364883,0.086237919,0.235246576,0.291083684,0.942326491,0.407624633,0.811339198,0.500488759,0.500488759,0.671554252,0.188660802,0.744868035
1689,right,3,4,wooden hand+bunny+kettle+bottle,Z,./stimuli/B_cropped_v1117/hand_bunny_kettle_bottle2/IMG_4384.jpg,kettle,annotator2,10,SiteH,bottle,0.07364883,0.086237919,0.235246576,0.291083684,0.942326491,0.359726295,0.811339198,0.500488759,0.500488759,0.671554252,0.188660802,0.744868035
1690,front,1,4,wooden hand+bunny+kettle+bottle,Z,./stimuli/B_cropped_v1117/hand_bunny_kettle_bottle2/IMG_4537.jpg,wooden hand,annotator2,7,SiteH,-1,0.404965178,0.159053414,0.554956621,0.357075618,0.890518084,0.602150538,0.671554252,0.594330401,0.335288368,0.721407625,0.109481916,0.671554252
1691,front,1,4,wooden hand+bunny+kettle+bottle,Z,./stimuli/B_cropped_v1117/hand_bunny_kettle_bottle2/IMG_4538.jpg,bunny,annotator2,1,SiteH,-1,0.392257455,0.159053414,0.542248898,0.357075618,0.890518084,0.602150538,0.671554252,0.579667644,0.335288368,0.721407625,0.109481916,0.671554252
1692,front,1,4,wooden hand+bunny+kettle+bottle,Z,./stimuli/B_cropped_v1117/hand_bunny_kettle_bottle2/IMG_4539.jpg,kettle,annotator2,8,SiteH,-1,0.378572216,0.162963482,0.528563659,0.360985687,0.902248289,0.602150538,0.671554252,0.579667644,0.335288368,0.721407625,0.109481916,0.671554252
1693,front,1,4,wooden hand+bunny+kettle+bottle,Z,./stimuli/B_cropped_v1117/hand_bunny_kettle_bottle2/IMG_4540.jpg,bottle,annotator2,17,SiteH,-1,0.372707113,0.169520964,0.522698556,0.362248342,0.902248289,0.602150538,0.671554252,0.579667644,0.335288368,0.721407625,0.109481916,0.671554252
1694,front,1,4,wooden hand+bunny+kettle+bottle,Z,./stimuli/B_cropped_v1117/hand_bunny_kettle_bottle2/IMG_4541.jpg,wooden hand,annotator2,11,SiteH,wooden hand,0.413762832,0.157596668,0.563754275,0.362442433,0.900293255,0.602150538,0.671554252,0.579667644,0.335288368,0.721407625,0.109481916,0.671554252
1695,front,1,4,wooden hand+bunny+kettle+bottle,Z,./stimuli/B_cropped_v1117/hand_bunny_kettle_bottle2/IMG_4542.jpg,bunny,annotator2,0,SiteH,wooden hand,0.413762832,0.157596668,0.563754275,0.362442433,0.900293255,0.602150538,0.671554252,0.579667644,0.335288368,0.721407625,0.109481916,0.671554252
1696,front,1,4,wooden hand+bunny+kettle+bottle,Z,./stimuli/B_cropped_v1117/hand_bunny_kettle_bottle2/IMG_4543.jpg,kettle,annotator2,18,SiteH,wooden hand,0.413762832,0.157596668,0.563754275,0.362442433,0.900293255,0.602150538,0.671554252,0.579667644,0.335288368,0.721407625,0.109481916,0.671554252
1697,front,1,4,wooden hand+bunny+kettle+bottle,Z,./stimuli/B_cropped_v1117/hand_bunny_kettle_bottle2/IMG_4544.jpg,bottle,annotator2,12,SiteH,wooden hand,0.413762832,0.160243336,0.563754275,0.363705833,0.900293255,0.602150538,0.671554252,0.579667644,0.335288368,0.721407625,0.109481916,0.671554252
1698,front,1,4,wooden hand+bunny+kettle+bottle,Z,./stimuli/B_cropped_v1117/hand_bunny_kettle_bottle2/IMG_4545.jpg,bunny,annotator2,0,SiteH,bunny,0.406920212,0.160243336,0.556911655,0.363705833,0.890518084,0.602150538,0.671554252,0.579667644,0.335288368,0.721407625,0.109481916,0.671554252
1699,front,1,4,wooden hand+bunny+kettle+bottle,Z,./stimuli/B_cropped_v1117/hand_bunny_kettle_bottle2/IMG_4546.jpg,wooden hand,annotator2,8,SiteH,bunny,0.406920212,0.160243336,0.556911655,0.363705833,0.890518084,0.602150538,0.671554252,0.579667644,0.335288368,0.721407625,0.109481916,0.671554252
1700,front,1,4,wooden hand+bunny+kettle+bottle,Z,./stimuli/B_cropped_v1117/hand_bunny_kettle_bottle2/IMG_4547.jpg,kettle,annotator2,17,SiteH,bunny,0.406920212,0.160243336,0.556911655,0.363705833,0.890518084,0.602150538,0.671554252,0.579667644,0.335288368,0.721407625,0.109481916,0.671554252
1701,front,1,4,wooden hand+bunny+kettle+bottle,Z,./stimuli/B_cropped_v1117/hand_bunny_kettle_bottle2/IMG_4548.jpg,bottle,annotator2,1,SiteH,bunny,0.406920212,0.160243336,0.556911655,0.363705833,0.890518084,0.602150538,0.671554252,0.579667644,0.335288368,0.721407625,0.109481916,0.671554252
1702,front,1,4,wooden hand+bunny+kettle+bottle,Z,./stimuli/B_cropped_v1117/hand_bunny_kettle_bottle2/IMG_4549.jpg,kettle,annotator2,1,SiteH,kettle,0.383459802,0.166873551,0.533451244,0.364895755,0.902248289,0.602150538,0.671554252,0.579667644,0.335288368,0.721407625,0.109481916,0.671554252
1703,front,1,4,wooden hand+bunny+kettle+bottle,Z,./stimuli/B_cropped_v1117/hand_bunny_kettle_bottle2/IMG_4550.jpg,wooden hand,annotator2,14,SiteH,kettle,0.383459802,0.166873551,0.533451244,0.364895755,0.890518084,0.602150538,0.671554252,0.579667644,0.335288368,0.721407625,0.109481916,0.671554252
1704,front,1,4,wooden hand+bunny+kettle+bottle,Z,./stimuli/B_cropped_v1117/hand_bunny_kettle_bottle2/IMG_4551.jpg,bunny,annotator2,18,SiteH,kettle,0.383459802,0.166873551,0.533451244,0.364895755,0.890518084,0.602150538,0.666666667,0.579667644,0.335288368,0.721407625,0.109481916,0.671554252
1705,front,1,4,wooden hand+bunny+kettle+bottle,Z,./stimuli/B_cropped_v1117/hand_bunny_kettle_bottle2/IMG_4552.jpg,bottle,annotator2,10,SiteH,kettle,0.383459802,0.166873551,0.533451244,0.364895755,0.890518084,0.602150538,0.671554252,0.579667644,0.335288368,0.721407625,0.109481916,0.671554252
1706,front,1,4,wooden hand+bunny+kettle+bottle,Z,./stimuli/B_cropped_v1117/hand_bunny_kettle_bottle2/IMG_4553.jpg,bottle,annotator2,4,SiteH,bottle,0.375639665,0.179573528,0.525631108,0.365881017,0.890518084,0.602150538,0.671554252,0.579667644,0.335288368,0.721407625,0.109481916,0.671554252
1707,front,1,4,wooden hand+bunny+kettle+bottle,Z,./stimuli/B_cropped_v1117/hand_bunny_kettle_bottle2/IMG_4554.jpg,wooden hand,annotator2,0,SiteH,bottle,0.375639665,0.178302585,0.525631108,0.36715196,0.890518084,0.602150538,0.671554252,0.579667644,0.335288368,0.721407625,0.109481916,0.671554252
1708,front,1,4,wooden hand+bunny+kettle+bottle,Z,./stimuli/B_cropped_v1117/hand_bunny_kettle_bottle2/IMG_4555.jpg,bunny,annotator2,11,SiteH,bottle,0.375639665,0.178302585,0.525631108,0.36715196,0.902248289,0.602150538,0.671554252,0.579667644,0.335288368,0.721407625,0.109481916,0.671554252
1709,front,1,4,wooden hand+bunny+kettle+bottle,Z,./stimuli/B_cropped_v1117/hand_bunny_kettle_bottle2/IMG_4556.jpg,kettle,annotator2,5,SiteH,bottle,0.375639665,0.178302585,0.525631108,0.36715196,0.89540567,0.602150538,0.671554252,0.579667644,0.335288368,0.721407625,0.109481916,0.671554252
1710,front,2,4,wooden hand+bunny+kettle+bottle,Z,./stimuli/B_cropped_v1117/hand_bunny_kettle_bottle2/IMG_4557.jpg,wooden hand,annotator2,14,SiteH,-1,0.442908406,0.411702464,0.558069111,0.565814643,0.942326491,0.744868035,0.69599218,0.769305963,0.359726295,0.853372434,0.109481916,0.788856305
1711,front,2,4,wooden hand+bunny+kettle+bottle,Z,./stimuli/B_cropped_v1117/hand_bunny_kettle_bottle2/IMG_4558.jpg,bunny,annotator2,10,SiteH,-1,0.432165989,0.407410358,0.557081323,0.570106749,0.942326491,0.749755621,0.69599218,0.769305963,0.359726295,0.853372434,0.10459433,0.788856305
1712,front,2,4,wooden hand+bunny+kettle+bottle,Z,./stimuli/B_cropped_v1117/hand_bunny_kettle_bottle2/IMG_4559.jpg,kettle,annotator2,17,SiteH,-1,0.418470478,0.426502469,0.533631183,0.574475048,0.942326491,0.749755621,0.69599218,0.769305963,0.359726295,0.853372434,0.109481916,0.788856305
1713,front,2,4,wooden hand+bunny+kettle+bottle,Z,./stimuli/B_cropped_v1117/hand_bunny_kettle_bottle2/IMG_4560.jpg,bottle,annotator2,12,SiteH,-1,0.409672824,0.411702464,0.524833529,0.565814643,0.942326491,0.749755621,0.69599218,0.769305963,0.359726295,0.853372434,0.109481916,0.788856305
1714,front,2,4,wooden hand+bunny+kettle+bottle,Z,./stimuli/B_cropped_v1117/hand_bunny_kettle_bottle2/IMG_4561.jpg,wooden hand,annotator2,16,SiteH,wooden hand,0.452683577,0.414772264,0.567844282,0.562744843,0.942326491,0.744868035,0.69599218,0.769305963,0.359726295,0.853372434,0.109481916,0.788856305
1715,front,2,4,wooden hand+bunny+kettle+bottle,Z,./stimuli/B_cropped_v1117/hand_bunny_kettle_bottle2/IMG_4562.jpg,bunny,annotator2,16,SiteH,wooden hand,0.452683577,0.414772264,0.567844282,0.562744843,0.942326491,0.744868035,0.69599218,0.769305963,0.359726295,0.853372434,0.109481916,0.788856305
1716,front,2,4,wooden hand+bunny+kettle+bottle,Z,./stimuli/B_cropped_v1117/hand_bunny_kettle_bottle2/IMG_4563.jpg,kettle,annotator2,9,SiteH,wooden hand,0.452683577,0.411702464,0.567844282,0.565814643,0.942326491,0.749755621,0.69599218,0.769305963,0.359726295,0.853372434,0.109481916,0.788856305
1717,front,2,4,wooden hand+bunny+kettle+bottle,Z,./stimuli/B_cropped_v1117/hand_bunny_kettle_bottle2/IMG_4564.jpg,bottle,annotator2,13,SiteH,wooden hand,0.452683577,0.414772264,0.567844282,0.562744843,0.942326491,0.749755621,0.69599218,0.769305963,0.359726295,0.853372434,0.109481916,0.788856305
1718,front,2,4,wooden hand+bunny+kettle+bottle,Z,./stimuli/B_cropped_v1117/hand_bunny_kettle_bottle2/IMG_4565.jpg,bunny,annotator2,10,SiteH,bunny,0.44,0.417567566,0.56,0.571679746,0.942326491,0.749755621,0.69599218,0.769305963,0.359726295,0.853372434,0.109481916,0.788856305
1719,front,2,4,wooden hand+bunny+kettle+bottle,Z,./stimuli/B_cropped_v1117/hand_bunny_kettle_bottle2/IMG_4566.jpg,wooden hand,annotator2,16,SiteH,bunny,0.44,0.417567566,0.56,0.571679746,0.942326491,0.744868035,0.69599218,0.769305963,0.359726295,0.853372434,0.10459433,0.788856305
1720,front,2,4,wooden hand+bunny+kettle+bottle,Z,./stimuli/B_cropped_v1117/hand_bunny_kettle_bottle2/IMG_4567.jpg,kettle,annotator2,9,SiteH,bunny,0.44,0.415612532,0.56,0.569724711,0.942326491,0.749755621,0.69599218,0.769305963,0.359726295,0.853372434,0.10459433,0.788856305
1721,front,2,4,wooden hand+bunny+kettle+bottle,Z,./stimuli/B_cropped_v1117/hand_bunny_kettle_bottle2/IMG_4568.jpg,bottle,annotator2,16,SiteH,bunny,0.442908406,0.426502469,0.558069111,0.574475048,0.942326491,0.749755621,0.69599218,0.769305963,0.359726295,0.853372434,0.109481916,0.788856305
1722,front,2,4,wooden hand+bunny+kettle+bottle,Z,./stimuli/B_cropped_v1117/hand_bunny_kettle_bottle2/IMG_4569.jpg,kettle,annotator2,8,SiteH,kettle,0.422380547,0.426502469,0.537541252,0.574475048,0.942326491,0.744868035,0.69599218,0.769305963,0.359726295,0.853372434,0.109481916,0.788856305
1723,front,2,4,wooden hand+bunny+kettle+bottle,Z,./stimuli/B_cropped_v1117/hand_bunny_kettle_bottle2/IMG_4570.jpg,wooden hand,annotator2,3,SiteH,kettle,0.418470478,0.426502469,0.533631183,0.574475048,0.942326491,0.749755621,0.69599218,0.769305963,0.359726295,0.853372434,0.10459433,0.788856305
1724,front,2,4,wooden hand+bunny+kettle+bottle,Z,./stimuli/B_cropped_v1117/hand_bunny_kettle_bottle2/IMG_4571.jpg,bunny,annotator2,5,SiteH,kettle,0.422380547,0.426502469,0.537541252,0.574475048,0.942326491,0.749755621,0.69599218,0.769305963,0.359726295,0.853372434,0.109481916,0.788856305
1725,front,2,4,wooden hand+bunny+kettle+bottle,Z,./stimuli/B_cropped_v1117/hand_bunny_kettle_bottle2/IMG_4572.jpg,bottle,annotator2,13,SiteH,kettle,0.422380547,0.426502469,0.537541252,0.574475048,0.942326491,0.749755621,0.69599218,0.769305963,0.359726295,0.853372434,0.109481916,0.788856305
1726,front,2,4,wooden hand+bunny+kettle+bottle,Z,./stimuli/B_cropped_v1117/hand_bunny_kettle_bottle2/IMG_4573.jpg,bottle,annotator2,5,SiteH,bottle,0.409672824,0.426502469,0.524833529,0.574475048,0.942326491,0.749755621,0.69599218,0.769305963,0.359726295,0.853372434,0.109481916,0.788856305
1727,front,2,4,wooden hand+bunny+kettle+bottle,Z,./stimuli/B_cropped_v1117/hand_bunny_kettle_bottle2/IMG_4574.jpg,wooden hand,annotator2,11,SiteH,bottle,0.409672824,0.426502469,0.524833529,0.574475048,0.942326491,0.749755621,0.69599218,0.769305963,0.359726295,0.853372434,0.109481916,0.788856305
1728,front,2,4,wooden hand+bunny+kettle+bottle,Z,./stimuli/B_cropped_v1117/hand_bunny_kettle_bottle2/IMG_4574x.jpg,bunny,annotator2,6,SiteH,bottle,0.432280052,0.230479761,0.568697465,0.393176153,0.942326491,0.632453568,0.674486804,0.632453568,0.359726295,0.744868035,0.064516129,0.671554252
1729,front,2,4,wooden hand+bunny+kettle+bottle,Z,./stimuli/B_cropped_v1117/hand_bunny_kettle_bottle2/IMG_4575.jpg,kettle,annotator2,8,SiteH,bottle,0.412605376,0.423432669,0.527766081,0.577544848,0.942326491,0.744868035,0.703812317,0.769305963,0.359726295,0.832844575,0.109481916,0.788856305
1730,front,3,4,wooden hand+bunny+kettle+bottle,Z,./stimuli/B_cropped_v1117/hand_bunny_kettle_bottle2/IMG_4576.jpg,wooden hand,annotator2,11,SiteH,-1,0.472633525,0.447381636,0.575264813,0.573146223,0.959921799,0.721407625,0.703812317,0.769305963,0.31769306,0.788856305,0.053763441,0.744868035
1731,front,3,4,wooden hand+bunny+kettle+bottle,Z,./stimuli/B_cropped_v1117/hand_bunny_kettle_bottle2/IMG_4577.jpg,bunny,annotator2,15,SiteH,-1,0.442908406,0.430879394,0.558069111,0.570098123,0.959921799,0.721407625,0.703812317,0.769305963,0.31769306,0.788856305,0.053763441,0.744868035
1732,front,3,4,wooden hand+bunny+kettle+bottle,Z,./stimuli/B_cropped_v1117/hand_bunny_kettle_bottle2/IMG_4578.jpg,kettle,annotator2,13,SiteH,-1,0.442084822,0.444327305,0.541297387,0.576200554,0.959921799,0.721407625,0.703812317,0.769305963,0.335288368,0.788856305,0.053763441,0.744868035
1733,front,3,4,wooden hand+bunny+kettle+bottle,Z,./stimuli/B_cropped_v1117/hand_bunny_kettle_bottle2/IMG_4579.jpg,bottle,annotator2,5,SiteH,-1,0.432309651,0.444327305,0.531522216,0.576200554,0.959921799,0.721407625,0.703812317,0.769305963,0.31769306,0.788856305,0.053763441,0.744868035
1734,front,3,4,wooden hand+bunny+kettle+bottle,Z,./stimuli/B_cropped_v1117/hand_bunny_kettle_bottle2/IMG_4580.jpg,wooden hand,annotator2,10,SiteH,wooden hand,0.44921489,0.442973303,0.58108814,0.577554556,0.959921799,0.721407625,0.703812317,0.769305963,0.335288368,0.788856305,0.053763441,0.744868035
1735,front,3,4,wooden hand+bunny+kettle+bottle,Z,./stimuli/B_cropped_v1117/hand_bunny_kettle_bottle2/IMG_4581.jpg,bunny,annotator2,2,SiteH,wooden hand,0.44921489,0.444327305,0.58108814,0.576200554,0.959921799,0.721407625,0.703812317,0.769305963,0.31769306,0.788856305,0.053763441,0.744868035
1736,front,3,4,wooden hand+bunny+kettle+bottle,Z,./stimuli/B_cropped_v1117/hand_bunny_kettle_bottle2/IMG_4582.jpg,kettle,annotator2,6,SiteH,wooden hand,0.44921489,0.444327305,0.58108814,0.576200554,0.959921799,0.721407625,0.703812317,0.769305963,0.31769306,0.788856305,0.053763441,0.744868035
1737,front,3,4,wooden hand+bunny+kettle+bottle,Z,./stimuli/B_cropped_v1117/hand_bunny_kettle_bottle2/IMG_4583.jpg,bottle,annotator2,15,SiteH,wooden hand,0.49,0.444327305,0.580541733,0.576200554,0.959921799,0.721407625,0.703812317,0.769305963,0.31769306,0.788856305,0.053763441,0.744868035
1738,front,3,4,wooden hand+bunny+kettle+bottle,Z,./stimuli/B_cropped_v1117/hand_bunny_kettle_bottle2/IMG_4584.jpg,bunny,annotator2,6,SiteH,bunny,0.465545232,0.444327305,0.564757798,0.576200554,0.959921799,0.721407625,0.703812317,0.769305963,0.335288368,0.788856305,0.053763441,0.744868035
1739,front,3,4,wooden hand+bunny+kettle+bottle,Z,./stimuli/B_cropped_v1117/hand_bunny_kettle_bottle2/IMG_4585.jpg,wooden hand,annotator2,19,SiteH,bunny,0.465545232,0.442973303,0.564757798,0.577554556,0.959921799,0.721407625,0.703812317,0.769305963,0.335288368,0.788856305,0.053763441,0.744868035
1740,front,3,4,wooden hand+bunny+kettle+bottle,Z,./stimuli/B_cropped_v1117/hand_bunny_kettle_bottle2/IMG_4586.jpg,kettle,annotator2,11,SiteH,bunny,0.463835871,0.442973303,0.566467159,0.577554556,0.959921799,0.721407625,0.703812317,0.769305963,0.31769306,0.788856305,0.053763441,0.744868035
1741,front,3,4,wooden hand+bunny+kettle+bottle,Z,./stimuli/B_cropped_v1117/hand_bunny_kettle_bottle2/IMG_4587.jpg,bottle,annotator2,6,SiteH,bunny,0.465545232,0.444327305,0.564757798,0.576200554,0.959921799,0.721407625,0.703812317,0.769305963,0.31769306,0.788856305,0.053763441,0.744868035
1742,front,3,4,wooden hand+bunny+kettle+bottle,Z,./stimuli/B_cropped_v1117/hand_bunny_kettle_bottle2/IMG_4588.jpg,kettle,annotator2,11,SiteH,kettle,0.442908406,0.44921489,0.558069111,0.58108814,0.959921799,0.721407625,0.703812317,0.769305963,0.335288368,0.788856305,0.053763441,0.744868035
1743,front,3,4,wooden hand+bunny+kettle+bottle,Z,./stimuli/B_cropped_v1117/hand_bunny_kettle_bottle2/IMG_4589.jpg,wooden hand,annotator2,14,SiteH,kettle,0.442908406,0.44921489,0.558069111,0.58108814,0.959921799,0.721407625,0.703812317,0.769305963,0.335288368,0.788856305,0.053763441,0.744868035
1744,front,3,4,wooden hand+bunny+kettle+bottle,Z,./stimuli/B_cropped_v1117/hand_bunny_kettle_bottle2/IMG_4590.jpg,bunny,annotator2,13,SiteH,kettle,0.442908406,0.44921489,0.558069111,0.58108814,0.959921799,0.721407625,0.703812317,0.769305963,0.335288368,0.788856305,0.053763441,0.744868035
1745,front,3,4,wooden hand+bunny+kettle+bottle,Z,./stimuli/B_cropped_v1117/hand_bunny_kettle_bottle2/IMG_4591.jpg,bottle,annotator2,12,SiteH,kettle,0.43915227,0.44921489,0.538364836,0.58108814,0.959921799,0.721407625,0.703812317,0.769305963,0.335288368,0.788856305,0.053763441,0.744868035
1746,front,3,4,wooden hand+bunny+kettle+bottle,Z,./stimuli/B_cropped_v1117/hand_bunny_kettle_bottle2/IMG_4592.jpg,bottle,annotator2,14,SiteH,bottle,0.417646894,0.456467071,0.51685946,0.579701062,0.959921799,0.721407625,0.703812317,0.721407625,0.335288368,0.788856305,0.053763441,0.744868035
1747,front,3,4,wooden hand+bunny+kettle+bottle,Z,./stimuli/B_cropped_v1117/hand_bunny_kettle_bottle2/IMG_4593.jpg,wooden hand,annotator2,16,SiteH,bottle,0.420579445,0.452269221,0.519792011,0.578033809,0.959921799,0.721407625,0.703812317,0.749755621,0.335288368,0.788856305,0.053763441,0.744868035
1748,front,3,4,wooden hand+bunny+kettle+bottle,Z,./stimuli/B_cropped_v1117/hand_bunny_kettle_bottle2/IMG_4594.jpg,bunny,annotator2,2,SiteH,bottle,0.420579445,0.456467071,0.519792011,0.579701062,0.959921799,0.721407625,0.703812317,0.769305963,0.31769306,0.788856305,0.053763441,0.744868035
1749,front,3,4,wooden hand+bunny+kettle+bottle,Z,./stimuli/B_cropped_v1117/hand_bunny_kettle_bottle2/IMG_4595.jpg,kettle,annotator2,8,SiteH,bottle,0.420579445,0.456467071,0.519792011,0.579701062,0.959921799,0.721407625,0.703812317,0.769305963,0.31769306,0.788856305,0.053763441,0.744868035
1750,left,1,4,wooden hand+bunny+kettle+bottle,Z,./stimuli/B_cropped_v1117/hand_bunny_kettle_bottle2/IMG_4802.jpg,wooden hand,annotator2,9,SiteH,-1,0.65698546,0.169608054,0.813200268,0.375846491,0.602150538,0.744868035,0.359726295,0.632453568,0.188660802,0.721407625,0.053763441,0.632453568
1751,left,1,4,wooden hand+bunny+kettle+bottle,Z,./stimuli/B_cropped_v1117/hand_bunny_kettle_bottle2/IMG_4803.jpg,bunny,annotator2,15,SiteH,-1,0.640608751,0.165329486,0.802206498,0.38012506,0.602150538,0.742913001,0.359726295,0.632453568,0.188660802,0.721407625,0.053763441,0.632453568
1752,left,1,4,wooden hand+bunny+kettle+bottle,Z,./stimuli/B_cropped_v1117/hand_bunny_kettle_bottle2/IMG_4804.jpg,kettle,annotator2,2,SiteH,-1,0.627901029,0.188093789,0.789498775,0.380821167,0.602150538,0.744868035,0.359726295,0.632453568,0.188660802,0.721407625,0.053763441,0.632453568
1753,left,1,4,wooden hand+bunny+kettle+bottle,Z,./stimuli/B_cropped_v1117/hand_bunny_kettle_bottle2/IMG_4805.jpg,bottle,annotator2,16,SiteH,-1,0.628816595,0.179581273,0.778808038,0.377603478,0.602150538,0.744868035,0.359726295,0.632453568,0.219941349,0.721407625,0.053763441,0.632453568
1754,left,1,4,wooden hand+bunny+kettle+bottle,Z,./stimuli/B_cropped_v1117/hand_bunny_kettle_bottle2/IMG_4806.jpg,wooden hand,annotator2,8,SiteH,wooden hand,0.653316474,0.171133698,0.81491422,0.38018595,0.602150538,0.744868035,0.403714565,0.744868035,0.219941349,0.721407625,0.053763441,0.632453568
1755,left,1,4,wooden hand+bunny+kettle+bottle,Z,./stimuli/B_cropped_v1117/hand_bunny_kettle_bottle2/IMG_4807.jpg,bunny,annotator2,10,SiteH,wooden hand,0.653316474,0.164599327,0.81491422,0.380855218,0.602150538,0.744868035,0.359726295,0.632453568,0.188660802,0.721407625,0.053763441,0.632453568
1756,left,1,4,wooden hand+bunny+kettle+bottle,Z,./stimuli/B_cropped_v1117/hand_bunny_kettle_bottle2/IMG_4808.jpg,kettle,annotator2,5,SiteH,wooden hand,0.658204059,0.169608054,0.819801806,0.375846491,0.602150538,0.721407625,0.359726295,0.632453568,0.219941349,0.721407625,0.053763441,0.632453568
1757,left,1,4,wooden hand+bunny+kettle+bottle,Z,./stimuli/B_cropped_v1117/hand_bunny_kettle_bottle2/IMG_4809.jpg,bottle,annotator2,17,SiteH,wooden hand,0.653316474,0.147125161,0.81491422,0.353363598,0.602150538,0.721407625,0.359726295,0.632453568,0.188660802,0.671554252,0.053763441,0.632453568
1758,left,1,4,wooden hand+bunny+kettle+bottle,Z,./stimuli/B_cropped_v1117/hand_bunny_kettle_bottle2/IMG_4810.jpg,bunny,annotator2,6,SiteH,bunny,0.643299413,0.157596668,0.758460118,0.362442433,0.602150538,0.721407625,0.359726295,0.632453568,0.188660802,0.671554252,0.053763441,0.632453568
1759,left,1,4,wooden hand+bunny+kettle+bottle,Z,./stimuli/B_cropped_v1117/hand_bunny_kettle_bottle2/IMG_4811.jpg,wooden hand,annotator2,2,SiteH,bunny,0.640608751,0.156333268,0.802206498,0.359795765,0.602150538,0.721407625,0.359726295,0.632453568,0.188660802,0.671554252,0.053763441,0.632453568
1760,left,1,4,wooden hand+bunny+kettle+bottle,Z,./stimuli/B_cropped_v1117/hand_bunny_kettle_bottle2/IMG_4812.jpg,kettle,annotator2,11,SiteH,bunny,0.640608751,0.156333268,0.802206498,0.359795765,0.608993157,0.721407625,0.359726295,0.632453568,0.219941349,0.671554252,0.053763441,0.632453568
1761,left,1,4,wooden hand+bunny+kettle+bottle,Z,./stimuli/B_cropped_v1117/hand_bunny_kettle_bottle2/IMG_4813.jpg,bottle,annotator2,9,SiteH,bunny,0.640608751,0.159053414,0.802206498,0.357075618,0.602150538,0.721407625,0.359726295,0.632453568,0.188660802,0.671554252,0.053763441,0.632453568
1762,left,1,4,wooden hand+bunny+kettle+bottle,Z,./stimuli/B_cropped_v1117/hand_bunny_kettle_bottle2/IMG_4814.jpg,kettle,annotator2,14,SiteH,kettle,0.614952224,0.169520964,0.771167033,0.362248342,0.602150538,0.721407625,0.359726295,0.632453568,0.219941349,0.671554252,0.053763441,0.632453568
1763,left,1,4,wooden hand+bunny+kettle+bottle,Z,./stimuli/B_cropped_v1117/hand_bunny_kettle_bottle2/IMG_4815.jpg,wooden hand,annotator2,17,SiteH,kettle,0.627839078,0.162963482,0.777830521,0.360985687,0.602150538,0.721407625,0.359726295,0.632453568,0.188660802,0.671554252,0.053763441,0.632453568
1764,left,1,4,wooden hand+bunny+kettle+bottle,Z,./stimuli/B_cropped_v1117/hand_bunny_kettle_bottle2/IMG_4816.jpg,bunny,annotator2,2,SiteH,kettle,0.622035926,0.162963482,0.783633673,0.360985687,0.602150538,0.721407625,0.359726295,0.632453568,0.188660802,0.671554252,0.053763441,0.632453568
1765,left,1,4,wooden hand+bunny+kettle+bottle,Z,./stimuli/B_cropped_v1117/hand_bunny_kettle_bottle2/IMG_4817.jpg,bottle,annotator2,2,SiteH,kettle,0.628816595,0.169520964,0.778808038,0.362248342,0.602150538,0.721407625,0.359726295,0.632453568,0.219941349,0.671554252,0.053763441,0.632453568
1766,left,1,4,wooden hand+bunny+kettle+bottle,Z,./stimuli/B_cropped_v1117/hand_bunny_kettle_bottle2/IMG_4817a.jpg,bottle,annotator2,9,SiteH,bottle,0.708057432,0.023798801,0.869655178,0.245995921,0.721407625,0.640273705,0.405669599,0.500488759,0.188660802,0.632453568,0.064516129,0.500488759
1767,left,1,4,wooden hand+bunny+kettle+bottle,Z,./stimuli/B_cropped_v1117/hand_bunny_kettle_bottle2/IMG_4817b.jpg,wooden hand,annotator2,0,SiteH,bottle,0.701214812,0.023798801,0.862812558,0.245995921,0.721407625,0.640273705,0.405669599,0.500488759,0.188660802,0.632453568,0.064516129,0.500488759
1768,left,1,4,wooden hand+bunny+kettle+bottle,Z,./stimuli/B_cropped_v1117/hand_bunny_kettle_bottle2/IMG_4817c.jpg,bunny,annotator2,4,SiteH,bottle,0.708057432,0.032634518,0.869655178,0.248890409,0.721407625,0.671554252,0.440860215,0.500488759,0.250244379,0.590420332,0.078201369,0.500488759
1769,left,1,4,wooden hand+bunny+kettle+bottle,Z,./stimuli/B_cropped_v1117/hand_bunny_kettle_bottle2/IMG_4817d.jpg,kettle,annotator2,9,SiteH,bottle,0.715877569,0.023798801,0.877475315,0.245995921,0.721407625,0.640273705,0.440860215,0.500488759,0.188660802,0.632453568,0.078201369,0.500488759
1770,left,2,4,wooden hand+bunny+kettle+bottle,Z,./stimuli/B_cropped_v1117/hand_bunny_kettle_bottle2/IMG_4818.jpg,wooden hand,annotator2,7,SiteH,-1,0.693789658,0.133010531,0.883922952,0.342062782,0.853372434,0.744868035,0.500488759,0.602150538,0.250244379,0.632453568,0.053763441,0.594330401
1771,left,2,4,wooden hand+bunny+kettle+bottle,Z,./stimuli/B_cropped_v1117/hand_bunny_kettle_bottle2/IMG_4819.jpg,bunny,annotator2,14,SiteH,-1,0.698282261,0.14341314,0.859880007,0.341435345,0.853372434,0.744868035,0.500488759,0.632453568,0.250244379,0.632453568,0.053763441,0.594330401
1772,left,2,4,wooden hand+bunny+kettle+bottle,Z,./stimuli/B_cropped_v1117/hand_bunny_kettle_bottle2/IMG_4820.jpg,kettle,annotator2,17,SiteH,-1,0.689422656,0.155819692,0.839414099,0.344669067,0.853372434,0.744868035,0.500488759,0.602150538,0.250244379,0.632453568,0.064516129,0.594330401
1773,left,2,4,wooden hand+bunny+kettle+bottle,Z,./stimuli/B_cropped_v1117/hand_bunny_kettle_bottle2/IMG_4821.jpg,bottle,annotator2,11,SiteH,-1,0.669872314,0.135593003,0.819863757,0.333615208,0.853372434,0.744868035,0.500488759,0.602150538,0.250244379,0.632453568,0.053763441,0.579667644
1774,left,2,4,wooden hand+bunny+kettle+bottle,Z,./stimuli/B_cropped_v1117/hand_bunny_kettle_bottle2/IMG_4822.jpg,wooden hand,annotator2,4,SiteH,wooden hand,0.715877569,0.12329625,0.877475315,0.338091824,0.853372434,0.744868035,0.500488759,0.602150538,0.250244379,0.632453568,0.053763441,0.579667644
1775,left,2,4,wooden hand+bunny+kettle+bottle,Z,./stimuli/B_cropped_v1117/hand_bunny_kettle_bottle2/IMG_4823.jpg,bunny,annotator2,1,SiteH,wooden hand,0.715877569,0.12329625,0.877475315,0.338091824,0.853372434,0.742913001,0.500488759,0.632453568,0.250244379,0.632453568,0.064516129,0.579667644
1776,left,2,4,wooden hand+bunny+kettle+bottle,Z,./stimuli/B_cropped_v1117/hand_bunny_kettle_bottle2/IMG_4824.jpg,kettle,annotator2,17,SiteH,wooden hand,0.715877569,0.12329625,0.877475315,0.338091824,0.853372434,0.744868035,0.500488759,0.602150538,0.250244379,0.632453568,0.064516129,0.579667644
1777,left,2,4,wooden hand+bunny+kettle+bottle,Z,./stimuli/B_cropped_v1117/hand_bunny_kettle_bottle2/IMG_4825.jpg,bottle,annotator2,16,SiteH,wooden hand,0.715877569,0.12329625,0.877475315,0.338091824,0.853372434,0.721407625,0.500488759,0.602150538,0.250244379,0.632453568,0.064516129,0.579667644
1778,left,2,4,wooden hand+bunny+kettle+bottle,Z,./stimuli/B_cropped_v1117/hand_bunny_kettle_bottle2/IMG_4826.jpg,bunny,annotator2,13,SiteH,bunny,0.701214812,0.132181223,0.862812558,0.337026988,0.853372434,0.744868035,0.500488759,0.602150538,0.250244379,0.632453568,0.064516129,0.579667644
1779,left,2,4,wooden hand+bunny+kettle+bottle,Z,./stimuli/B_cropped_v1117/hand_bunny_kettle_bottle2/IMG_4827.jpg,wooden hand,annotator2,10,SiteH,bunny,0.701214812,0.13007798,0.862812558,0.339130231,0.853372434,0.744868035,0.500488759,0.632453568,0.250244379,0.632453568,0.064516129,0.579667644
1780,left,2,4,wooden hand+bunny+kettle+bottle,Z,./stimuli/B_cropped_v1117/hand_bunny_kettle_bottle2/IMG_4828.jpg,kettle,annotator2,13,SiteH,bunny,0.701214812,0.132181223,0.862812558,0.337026988,0.853372434,0.744868035,0.500488759,0.671554252,0.250244379,0.632453568,0.064516129,0.579667644
1781,left,2,4,wooden hand+bunny+kettle+bottle,Z,./stimuli/B_cropped_v1117/hand_bunny_kettle_bottle2/IMG_4829.jpg,bottle,annotator2,14,SiteH,bunny,0.701214812,0.128271155,0.862812558,0.33311692,0.853372434,0.721407625,0.500488759,0.671554252,0.250244379,0.632453568,0.064516129,0.579667644
1782,left,2,4,wooden hand+bunny+kettle+bottle,Z,./stimuli/B_cropped_v1117/hand_bunny_kettle_bottle2/IMG_4830.jpg,kettle,annotator2,5,SiteH,kettle,0.678731919,0.141172968,0.840329665,0.333900346,0.853372434,0.721407625,0.500488759,0.602150538,0.250244379,0.632453568,0.053763441,0.579667644
1783,left,2,4,wooden hand+bunny+kettle+bottle,Z,./stimuli/B_cropped_v1117/hand_bunny_kettle_bottle2/IMG_4831.jpg,wooden hand,annotator2,0,SiteH,kettle,0.689422656,0.147999555,0.839414099,0.33684893,0.853372434,0.721407625,0.500488759,0.671554252,0.250244379,0.632453568,0.064516129,0.579667644
1784,left,2,4,wooden hand+bunny+kettle+bottle,Z,./stimuli/B_cropped_v1117/hand_bunny_kettle_bottle2/IMG_4832.jpg,bunny,annotator2,8,SiteH,kettle,0.689422656,0.135593003,0.839414099,0.333615208,0.853372434,0.721407625,0.500488759,0.602150538,0.250244379,0.632453568,0.064516129,0.579667644
1785,left,2,4,wooden hand+bunny+kettle+bottle,Z,./stimuli/B_cropped_v1117/hand_bunny_kettle_bottle2/IMG_4833.jpg,bottle,annotator2,16,SiteH,kettle,0.689422656,0.132181223,0.839414099,0.337026988,0.853372434,0.721407625,0.500488759,0.602150538,0.250244379,0.632453568,0.064516129,0.579667644
1786,left,2,4,wooden hand+bunny+kettle+bottle,Z,./stimuli/B_cropped_v1117/hand_bunny_kettle_bottle2/IMG_4834.jpg,bottle,annotator2,14,SiteH,bottle,0.664007211,0.143111969,0.813998654,0.331961345,0.853372434,0.721407625,0.500488759,0.632453568,0.250244379,0.632453568,0.064516129,0.579667644
1787,left,2,4,wooden hand+bunny+kettle+bottle,Z,./stimuli/B_cropped_v1117/hand_bunny_kettle_bottle2/IMG_4835.jpg,wooden hand,annotator2,17,SiteH,bottle,0.669872314,0.143111969,0.819863757,0.331961345,0.853372434,0.721407625,0.500488759,0.579667644,0.250244379,0.632453568,0.064516129,0.579667644
1788,left,2,4,wooden hand+bunny+kettle+bottle,Z,./stimuli/B_cropped_v1117/hand_bunny_kettle_bottle2/IMG_4836.jpg,bunny,annotator2,19,SiteH,bottle,0.669872314,0.147999555,0.819863757,0.33684893,0.853372434,0.721407625,0.500488759,0.594330401,0.250244379,0.632453568,0.064516129,0.579667644
1789,left,2,4,wooden hand+bunny+kettle+bottle,Z,./stimuli/B_cropped_v1117/hand_bunny_kettle_bottle2/IMG_4837.jpg,kettle,annotator2,5,SiteH,bottle,0.669872314,0.149270498,0.819863757,0.335577987,0.853372434,0.721407625,0.500488759,0.671554252,0.250244379,0.632453568,0.064516129,0.579667644
1790,left,3,4,wooden hand+bunny+kettle+bottle,Z,./stimuli/B_cropped_v1117/hand_bunny_kettle_bottle2/IMG_4838.jpg,wooden hand,annotator2,14,SiteH,-1,0.661336102,0.217934266,0.793209352,0.392036409,0.921798631,0.744868035,0.500488759,0.632453568,0.188660802,0.671554252,0.053763441,0.632453568
1791,left,3,4,wooden hand+bunny+kettle+bottle,Z,./stimuli/B_cropped_v1117/hand_bunny_kettle_bottle2/IMG_4839.jpg,bunny,annotator2,6,SiteH,-1,0.645481253,0.2198893,0.787558825,0.393991443,0.921798631,0.744868035,0.500488759,0.632453568,0.165200391,0.671554252,0.053763441,0.594330401
1792,left,3,4,wooden hand+bunny+kettle+bottle,Z,./stimuli/B_cropped_v1117/hand_bunny_kettle_bottle2/IMG_4840.jpg,kettle,annotator2,0,SiteH,-1,0.634943141,0.227104505,0.76681639,0.396551409,0.921798631,0.744868035,0.500488759,0.632453568,0.188660802,0.671554252,0.053763441,0.594330401
1793,left,3,4,wooden hand+bunny+kettle+bottle,Z,./stimuli/B_cropped_v1117/hand_bunny_kettle_bottle2/IMG_4841.jpg,bottle,annotator2,11,SiteH,-1,0.623759342,0.230479761,0.748674675,0.393176153,0.921798631,0.744868035,0.500488759,0.632453568,0.165200391,0.671554252,0.053763441,0.594330401
1794,left,3,4,wooden hand+bunny+kettle+bottle,Z,./stimuli/B_cropped_v1117/hand_bunny_kettle_bottle2/IMG_4842.jpg,wooden hand,annotator2,11,SiteH,wooden hand,0.674043825,0.202056421,0.805917075,0.388363911,0.902248289,0.721407625,0.500488759,0.632453568,0.165200391,0.671554252,0.053763441,0.594330401
1795,left,3,4,wooden hand+bunny+kettle+bottle,Z,./stimuli/B_cropped_v1117/hand_bunny_kettle_bottle2/IMG_4843.jpg,bunny,annotator2,3,SiteH,wooden hand,0.676976376,0.207921524,0.808849626,0.394229014,0.921798631,0.744868035,0.500488759,0.632453568,0.165200391,0.671554252,0.053763441,0.594330401
1796,left,3,4,wooden hand+bunny+kettle+bottle,Z,./stimuli/B_cropped_v1117/hand_bunny_kettle_bottle2/IMG_4844.jpg,kettle,annotator2,2,SiteH,wooden hand,0.676545266,0.202056421,0.801460599,0.388363911,0.902248289,0.721407625,0.500488759,0.632453568,0.188660802,0.671554252,0.053763441,0.594330401
1797,left,3,4,wooden hand+bunny+kettle+bottle,Z,./stimuli/B_cropped_v1117/hand_bunny_kettle_bottle2/IMG_4845.jpg,bottle,annotator2,18,SiteH,wooden hand,0.623759342,0.272675224,0.748674675,0.446777367,0.849462366,0.744868035,0.500488759,0.769305963,0.188660802,0.671554252,0.064516129,0.632453568
1798,left,3,4,wooden hand+bunny+kettle+bottle,Z,./stimuli/B_cropped_v1117/hand_bunny_kettle_bottle2/IMG_4846.jpg,bunny,annotator2,17,SiteH,bunny,0.609096586,0.2783781,0.734011919,0.441074491,0.849462366,0.744868035,0.500488759,0.769305963,0.188660802,0.671554252,0.064516129,0.632453568
1799,left,3,4,wooden hand+bunny+kettle+bottle,Z,./stimuli/B_cropped_v1117/hand_bunny_kettle_bottle2/IMG_4847.jpg,wooden hand,annotator2,8,SiteH,bunny,0.609096586,0.282670206,0.734011919,0.436782385,0.832844575,0.742913001,0.500488759,0.769305963,0.188660802,0.671554252,0.064516129,0.629521017
1800,left,3,4,wooden hand+bunny+kettle+bottle,Z,./stimuli/B_cropped_v1117/hand_bunny_kettle_bottle2/IMG_4848.jpg,kettle,annotator2,0,SiteH,bunny,0.609096586,0.282670206,0.734011919,0.436782385,0.832844575,0.742913001,0.500488759,0.769305963,0.230694037,0.671554252,0.064516129,0.629521017
1801,left,3,4,wooden hand+bunny+kettle+bottle,Z,./stimuli/B_cropped_v1117/hand_bunny_kettle_bottle2/IMG_4849.jpg,bottle,annotator2,1,SiteH,bunny,0.609096586,0.282670206,0.734011919,0.436782385,0.849462366,0.744868035,0.500488759,0.769305963,0.188660802,0.671554252,0.064516129,0.632453568
1802,left,3,4,wooden hand+bunny+kettle+bottle,Z,./stimuli/B_cropped_v1117/hand_bunny_kettle_bottle2/IMG_4850.jpg,kettle,annotator2,6,SiteH,kettle,0.59,0.282670206,0.734875373,0.436782385,0.849462366,0.744868035,0.500488759,0.769305963,0.188660802,0.671554252,0.064516129,0.632453568
1803,left,3,4,wooden hand+bunny+kettle+bottle,Z,./stimuli/B_cropped_v1117/hand_bunny_kettle_bottle2/IMG_4851.jpg,wooden hand,annotator2,6,SiteH,kettle,0.585805843,0.2783781,0.735797285,0.441074491,0.853372434,0.744868035,0.500488759,0.769305963,0.188660802,0.671554252,0.064516129,0.632453568
1804,left,3,4,wooden hand+bunny+kettle+bottle,Z,./stimuli/B_cropped_v1117/hand_bunny_kettle_bottle2/IMG_4852.jpg,bunny,annotator2,18,SiteH,kettle,0.591670945,0.287557791,0.741662388,0.44166997,0.853372434,0.744868035,0.500488759,0.769305963,0.188660802,0.671554252,0.078201369,0.632453568
1805,left,3,4,wooden hand+bunny+kettle+bottle,Z,./stimuli/B_cropped_v1117/hand_bunny_kettle_bottle2/IMG_4853.jpg,bottle,annotator2,9,SiteH,kettle,0.6,0.282670206,0.729124333,0.436782385,0.853372434,0.744868035,0.500488759,0.744868035,0.188660802,0.671554252,0.078201369,0.629521017
1806,left,3,4,wooden hand+bunny+kettle+bottle,Z,./stimuli/B_cropped_v1117/hand_bunny_kettle_bottle2/IMG_4856.jpg,bottle,annotator2,13,SiteH,bottle,0.604209,0.218154077,0.729124333,0.372266256,0.89540567,0.721407625,0.500488759,0.721407625,0.188660802,0.671554252,0.053763441,0.579667644
1807,left,3,4,wooden hand+bunny+kettle+bottle,Z,./stimuli/B_cropped_v1117/hand_bunny_kettle_bottle2/IMG_4857.jpg,wooden hand,annotator2,5,SiteH,bottle,0.604209,0.214024197,0.729124333,0.38812634,0.88856305,0.744868035,0.500488759,0.744868035,0.188660802,0.632453568,0.053763441,0.579667644
1808,left,3,4,wooden hand+bunny+kettle+bottle,Z,./stimuli/B_cropped_v1117/hand_bunny_kettle_bottle2/IMG_4858.jpg,bunny,annotator2,13,SiteH,bottle,0.609096586,0.210486714,0.734011919,0.379933618,0.902248289,0.744868035,0.500488759,0.744868035,0.188660802,0.671554252,0.053763441,0.579667644
1809,left,3,4,wooden hand+bunny+kettle+bottle,Z,./stimuli/B_cropped_v1117/hand_bunny_kettle_bottle2/IMG_4859.jpg,kettle,annotator2,15,SiteH,bottle,0.609096586,0.210486714,0.734011919,0.379933618,0.900293255,0.744868035,0.500488759,0.744868035,0.188660802,0.671554252,0.053763441,0.579667644
1810,right,1,2,wooden hand+kettle,Z,./stimuli/B_cropped_v1117/hand_kettle/IMG_4270.jpg,wooden hand,annotator2,6,SiteH,-1,0.292612662,0.105371982,0.454210408,0.330600648,0.93255132,0.548387097,0.744868035,0.749755621,-1.0,-1.0,-1.0,-1.0
1811,right,1,2,wooden hand+kettle,Z,./stimuli/B_cropped_v1117/hand_kettle/IMG_4271.jpg,kettle,annotator2,15,SiteH,-1,0.265049265,0.119595477,0.436808017,0.341792597,0.923753666,0.548387097,0.744868035,0.749755621,-1.0,-1.0,-1.0,-1.0
1812,right,1,2,wooden hand+kettle,Z,./stimuli/B_cropped_v1117/hand_kettle/IMG_4272.jpg,wooden hand,annotator2,0,SiteH,wooden hand,0.287532158,0.107327016,0.459290911,0.332555682,0.93255132,0.542521994,0.744868035,0.749755621,-1.0,-1.0,-1.0,-1.0
1813,right,1,2,wooden hand+kettle,Z,./stimuli/B_cropped_v1117/hand_kettle/IMG_4273.jpg,kettle,annotator2,0,SiteH,wooden hand,0.287532158,0.114707892,0.459290911,0.336905012,0.93255132,0.542521994,0.744868035,0.749755621,-1.0,-1.0,-1.0,-1.0
1814,right,1,2,wooden hand+kettle,Z,./stimuli/B_cropped_v1117/hand_kettle/IMG_4274.jpg,kettle,annotator2,15,SiteH,kettle,0.265049265,0.119595477,0.436808017,0.341792597,0.93255132,0.542521994,0.744868035,0.744868035,-1.0,-1.0,-1.0,-1.0
1815,right,1,2,wooden hand+kettle,Z,./stimuli/B_cropped_v1117/hand_kettle/IMG_4275.jpg,wooden hand,annotator2,18,SiteH,kettle,0.265049265,0.118079704,0.436808017,0.34330837,0.923753666,0.548387097,0.744868035,0.749755621,-1.0,-1.0,-1.0,-1.0
1816,right,2,2,wooden hand+kettle,Z,./stimuli/B_cropped_v1117/hand_kettle/IMG_4276.jpg,wooden hand,annotator2,10,SiteH,-1,0.270129768,0.139145819,0.431727514,0.361342939,0.935483871,0.548387097,0.594330401,0.788856305,-1.0,-1.0,-1.0,-1.0
1817,right,2,2,wooden hand+kettle,Z,./stimuli/B_cropped_v1117/hand_kettle/IMG_4277.jpg,kettle,annotator2,17,SiteH,-1,0.251556943,0.150876024,0.413154689,0.373073145,0.935483871,0.542521994,0.594330401,0.788856305,-1.0,-1.0,-1.0,-1.0
1818,right,2,2,wooden hand+kettle,Z,./stimuli/B_cropped_v1117/hand_kettle/IMG_4278.jpg,wooden hand,annotator2,16,SiteH,wooden hand,0.278927422,0.154945298,0.440525168,0.361183735,0.935483871,0.542521994,0.579667644,0.769305963,-1.0,-1.0,-1.0,-1.0
1819,right,2,2,wooden hand+kettle,Z,./stimuli/B_cropped_v1117/hand_kettle/IMG_4279.jpg,kettle,annotator2,19,SiteH,wooden hand,0.278927422,0.157596668,0.440525168,0.362442433,0.935483871,0.542521994,0.579667644,0.769305963,-1.0,-1.0,-1.0,-1.0
1820,right,2,2,wooden hand+kettle,Z,./stimuli/B_cropped_v1117/hand_kettle/IMG_4280.jpg,kettle,annotator2,0,SiteH,kettle,0.254489494,0.157756707,0.416087241,0.374012599,0.935483871,0.542521994,0.594330401,0.769305963,-1.0,-1.0,-1.0,-1.0
1821,right,2,2,wooden hand+kettle,Z,./stimuli/B_cropped_v1117/hand_kettle/IMG_4281.jpg,wooden hand,annotator2,15,SiteH,kettle,0.254489494,0.154786093,0.416087241,0.376983213,0.935483871,0.542521994,0.594330401,0.788856305,-1.0,-1.0,-1.0,-1.0
1822,right,3,2,wooden hand+kettle,Z,./stimuli/B_cropped_v1117/hand_kettle/IMG_4282.jpg,wooden hand,annotator2,4,SiteH,-1,0.282670206,0.077239037,0.436782385,0.311812772,0.923753666,0.500488759,0.359726295,0.769305963,-1.0,-1.0,-1.0,-1.0
1823,right,3,2,wooden hand+kettle,Z,./stimuli/B_cropped_v1117/hand_kettle/IMG_4283.jpg,kettle,annotator2,5,SiteH,-1,0.240206995,0.093856827,0.4166845,0.328430563,0.923753666,0.500488759,0.359726295,0.769305963,-1.0,-1.0,-1.0,-1.0
1824,right,3,2,wooden hand+kettle,Z,./stimuli/B_cropped_v1117/hand_kettle/IMG_4284.jpg,wooden hand,annotator2,14,SiteH,wooden hand,0.292612662,0.100045135,0.454210408,0.322242255,0.923753666,0.500488759,0.359726295,0.769305963,-1.0,-1.0,-1.0,-1.0
1825,right,3,2,wooden hand+kettle,Z,./stimuli/B_cropped_v1117/hand_kettle/IMG_4285.jpg,kettle,annotator2,19,SiteH,wooden hand,0.281667056,0.100045135,0.453425808,0.322242255,0.923753666,0.500488759,0.359726295,0.769305963,-1.0,-1.0,-1.0,-1.0
1826,right,3,2,wooden hand+kettle,Z,./stimuli/B_cropped_v1117/hand_kettle/IMG_4286.jpg,kettle,annotator2,12,SiteH,kettle,0.231409341,0.119595477,0.407886846,0.341792597,0.93255132,0.500488759,0.359726295,0.769305963,-1.0,-1.0,-1.0,-1.0
1827,right,3,2,wooden hand+kettle,Z,./stimuli/B_cropped_v1117/hand_kettle/IMG_4287.jpg,wooden hand,annotator2,0,SiteH,kettle,0.229597368,0.119595477,0.40969882,0.341792597,0.923753666,0.500488759,0.359726295,0.769305963,-1.0,-1.0,-1.0,-1.0
1828,front,1,2,wooden hand+kettle,Z,./stimuli/B_cropped_v1117/hand_kettle/IMG_4483.jpg,wooden hand,annotator2,11,SiteH,-1,0.401477656,0.047913523,0.599499861,0.282487259,0.671554252,0.548387097,0.359726295,0.671554252,-1.0,-1.0,-1.0,-1.0
1829,front,1,2,wooden hand+kettle,Z,./stimuli/B_cropped_v1117/hand_kettle/IMG_4484.jpg,kettle,annotator2,9,SiteH,-1,0.412250006,0.059428678,0.588727511,0.284657344,0.671554252,0.548387097,0.359726295,0.671554252,-1.0,-1.0,-1.0,-1.0
1830,front,1,2,wooden hand+kettle,Z,./stimuli/B_cropped_v1117/hand_kettle/IMG_4485.jpg,wooden hand,annotator2,16,SiteH,wooden hand,0.432132843,0.054756143,0.598170187,0.289329878,0.671554252,0.542521994,0.359726295,0.671554252,-1.0,-1.0,-1.0,-1.0
1831,front,1,2,wooden hand+kettle,Z,./stimuli/B_cropped_v1117/hand_kettle/IMG_4486.jpg,kettle,annotator2,12,SiteH,wooden hand,0.433932729,0.054756143,0.602235404,0.289329878,0.671554252,0.548387097,0.359726295,0.671554252,-1.0,-1.0,-1.0,-1.0
1832,front,1,2,wooden hand+kettle,Z,./stimuli/B_cropped_v1117/hand_kettle/IMG_4487.jpg,kettle,annotator2,8,SiteH,kettle,0.417470086,0.080532856,0.583507431,0.296788747,0.671554252,0.548387097,0.359726295,0.671554252,-1.0,-1.0,-1.0,-1.0
1833,front,1,2,wooden hand+kettle,Z,./stimuli/B_cropped_v1117/hand_kettle/IMG_4488.jpg,wooden hand,annotator2,2,SiteH,kettle,0.414609382,0.06257628,0.586368135,0.297150015,0.671554252,0.548387097,0.359726295,0.671554252,-1.0,-1.0,-1.0,-1.0
1834,front,2,2,wooden hand+kettle,Z,./stimuli/B_cropped_v1117/hand_kettle/IMG_4489.jpg,wooden hand,annotator2,13,SiteH,-1,0.437842798,0.054756143,0.606145472,0.289329878,0.788856305,0.542521994,0.250244379,0.671554252,-1.0,-1.0,-1.0,-1.0
1835,front,2,2,wooden hand+kettle,Z,./stimuli/B_cropped_v1117/hand_kettle/IMG_4490.jpg,kettle,annotator2,1,SiteH,-1,0.414609382,0.086237919,0.586368135,0.291083684,0.788856305,0.542521994,0.250244379,0.671554252,-1.0,-1.0,-1.0,-1.0
1836,front,2,2,wooden hand+kettle,Z,./stimuli/B_cropped_v1117/hand_kettle/IMG_4491.jpg,wooden hand,annotator2,3,SiteH,wooden hand,0.439797832,0.054756143,0.608100506,0.289329878,0.788856305,0.542521994,0.250244379,0.671554252,-1.0,-1.0,-1.0,-1.0
1837,front,2,2,wooden hand+kettle,Z,./stimuli/B_cropped_v1117/hand_kettle/IMG_4492.jpg,kettle,annotator2,15,SiteH,wooden hand,0.441752866,0.058666212,0.610055541,0.293239947,0.788856305,0.542521994,0.250244379,0.671554252,-1.0,-1.0,-1.0,-1.0
1838,front,2,2,wooden hand+kettle,Z,./stimuli/B_cropped_v1117/hand_kettle/IMG_4493.jpg,kettle,annotator2,12,SiteH,kettle,0.414609382,0.084134676,0.586368135,0.293186927,0.788856305,0.542521994,0.250244379,0.671554252,-1.0,-1.0,-1.0,-1.0
1839,front,2,2,wooden hand+kettle,Z,./stimuli/B_cropped_v1117/hand_kettle/IMG_4494.jpg,wooden hand,annotator2,3,SiteH,kettle,0.414609382,0.080532856,0.586368135,0.296788747,0.788856305,0.542521994,0.250244379,0.671554252,-1.0,-1.0,-1.0,-1.0
1840,front,3,2,wooden hand+kettle,Z,./stimuli/B_cropped_v1117/hand_kettle/IMG_4495.jpg,wooden hand,annotator2,15,SiteH,-1,0.468550657,0.223268372,0.610628229,0.412117747,0.884652981,0.632453568,0.188660802,0.721407625,-1.0,-1.0,-1.0,-1.0
1841,front,3,2,wooden hand+kettle,Z,./stimuli/B_cropped_v1117/hand_kettle/IMG_4496.jpg,kettle,annotator2,19,SiteH,-1,0.442055223,0.233507436,0.578472636,0.413608888,0.884652981,0.632453568,0.188660802,0.721407625,-1.0,-1.0,-1.0,-1.0
1842,front,3,2,wooden hand+kettle,Z,./stimuli/B_cropped_v1117/hand_kettle/IMG_4497.jpg,wooden hand,annotator2,18,SiteH,wooden hand,0.464593721,0.226494349,0.614585164,0.412801839,0.884652981,0.632453568,0.188660802,0.721407625,-1.0,-1.0,-1.0,-1.0
1843,front,3,2,wooden hand+kettle,Z,./stimuli/B_cropped_v1117/hand_kettle/IMG_4498.jpg,kettle,annotator2,5,SiteH,wooden hand,0.467526273,0.230404418,0.617517716,0.416711907,0.884652981,0.632453568,0.188660802,0.721407625,-1.0,-1.0,-1.0,-1.0
1844,front,3,2,wooden hand+kettle,Z,./stimuli/B_cropped_v1117/hand_kettle/IMG_4499.jpg,kettle,annotator2,12,SiteH,kettle,0.419689885,0.230404418,0.581287632,0.416711907,0.884652981,0.632453568,0.188660802,0.721407625,-1.0,-1.0,-1.0,-1.0
1845,front,3,2,wooden hand+kettle,Z,./stimuli/B_cropped_v1117/hand_kettle/IMG_4500.jpg,wooden hand,annotator2,10,SiteH,kettle,0.442055223,0.230404418,0.578472636,0.416711907,0.884652981,0.632453568,0.188660802,0.721407625,-1.0,-1.0,-1.0,-1.0
1846,left,1,2,wooden hand+kettle,Z,./stimuli/B_cropped_v1117/hand_kettle/IMG_4723.jpg,wooden hand,annotator2,11,SiteH,-1,0.641393351,0.082126622,0.813152104,0.316700357,0.359726295,0.644183773,0.101661779,0.671554252,-1.0,-1.0,-1.0,-1.0
1847,left,1,2,wooden hand+kettle,Z,./stimuli/B_cropped_v1117/hand_kettle/IMG_4724.jpg,kettle,annotator2,0,SiteH,-1,0.628877139,0.092664259,0.804162939,0.317892926,0.359726295,0.644183773,0.109481916,0.671554252,-1.0,-1.0,-1.0,-1.0
1848,left,1,2,wooden hand+kettle,Z,./stimuli/B_cropped_v1117/hand_kettle/IMG_4725.jpg,wooden hand,annotator2,2,SiteH,wooden hand,0.65076418,0.0731975,0.827241685,0.315854309,0.359726295,0.644183773,0.109481916,0.671554252,-1.0,-1.0,-1.0,-1.0
1849,left,1,2,wooden hand+kettle,Z,./stimuli/B_cropped_v1117/hand_kettle/IMG_4726.jpg,kettle,annotator2,17,SiteH,wooden hand,0.654674248,0.069016697,0.831151754,0.320035111,0.359726295,0.632453568,0.109481916,0.671554252,-1.0,-1.0,-1.0,-1.0
1850,left,1,2,wooden hand+kettle,Z,./stimuli/B_cropped_v1117/hand_kettle/IMG_4727.jpg,kettle,annotator2,7,SiteH,kettle,0.640415834,0.106887755,0.812174586,0.329084875,0.359726295,0.660801564,0.109481916,0.671554252,-1.0,-1.0,-1.0,-1.0
1851,left,1,2,wooden hand+kettle,Z,./stimuli/B_cropped_v1117/hand_kettle/IMG_4728.jpg,wooden hand,annotator2,14,SiteH,kettle,0.671292039,0.147821497,0.847769544,0.352667262,0.405669599,0.671554252,0.1485826,0.721407625,-1.0,-1.0,-1.0,-1.0
1852,left,2,2,wooden hand+kettle,Z,./stimuli/B_cropped_v1117/hand_kettle/IMG_4729.jpg,wooden hand,annotator2,14,SiteH,-1,0.708057432,0.139145819,0.869655178,0.361342939,0.500488759,0.686217009,0.109481916,0.671554252,-1.0,-1.0,-1.0,-1.0
1853,left,2,2,wooden hand+kettle,Z,./stimuli/B_cropped_v1117/hand_kettle/IMG_4730.jpg,kettle,annotator2,19,SiteH,-1,0.640415834,0.185944664,0.812174586,0.390790429,0.500488759,0.704789834,0.109481916,0.671554252,-1.0,-1.0,-1.0,-1.0
1854,left,2,2,wooden hand+kettle,Z,./stimuli/B_cropped_v1117/hand_kettle/IMG_4731.jpg,wooden hand,annotator2,18,SiteH,wooden hand,0.665759431,0.176329532,0.831796776,0.392585424,0.500488759,0.721407625,0.109481916,0.671554252,-1.0,-1.0,-1.0,-1.0
1855,left,2,2,wooden hand+kettle,Z,./stimuli/B_cropped_v1117/hand_kettle/IMG_4732.jpg,kettle,annotator2,11,SiteH,wooden hand,0.666736949,0.173358918,0.832774293,0.395556038,0.500488759,0.721407625,0.109481916,0.671554252,-1.0,-1.0,-1.0,-1.0
1856,left,2,2,wooden hand+kettle,Z,./stimuli/B_cropped_v1117/hand_kettle/IMG_4733.jpg,kettle,annotator2,10,SiteH,kettle,0.681399705,0.168201147,0.84743705,0.377253398,0.500488759,0.721407625,0.105571848,0.671554252,-1.0,-1.0,-1.0,-1.0
1857,left,2,2,wooden hand+kettle,Z,./stimuli/B_cropped_v1117/hand_kettle/IMG_4734.jpg,wooden hand,annotator2,7,SiteH,kettle,0.668956748,0.185446376,0.830554494,0.38346858,0.500488759,0.721407625,0.109481916,0.671554252,-1.0,-1.0,-1.0,-1.0
1858,left,3,2,wooden hand+kettle,Z,./stimuli/B_cropped_v1117/hand_kettle/IMG_4735.jpg,wooden hand,annotator2,3,SiteH,-1,0.724675223,0.17030439,0.886272969,0.375150155,0.703812317,0.721407625,0.1485826,0.632453568,-1.0,-1.0,-1.0,-1.0
1859,left,3,2,wooden hand+kettle,Z,./stimuli/B_cropped_v1117/hand_kettle/IMG_4736.jpg,kettle,annotator2,1,SiteH,-1,0.684597021,0.192003858,0.846194768,0.384731235,0.693059629,0.721407625,0.146627566,0.632453568,-1.0,-1.0,-1.0,-1.0
1860,left,3,2,wooden hand+kettle,Z,./stimuli/B_cropped_v1117/hand_kettle/IMG_4737.jpg,wooden hand,annotator2,0,SiteH,wooden hand,0.723456623,0.188180879,0.879671432,0.394419316,0.703812317,0.744868035,0.146627566,0.632453568,-1.0,-1.0,-1.0,-1.0
1861,left,3,2,wooden hand+kettle,Z,./stimuli/B_cropped_v1117/hand_kettle/IMG_4738.jpg,kettle,annotator2,3,SiteH,wooden hand,0.730540325,0.119595477,0.892138072,0.341792597,0.703812317,0.671554252,0.146627566,0.594330401,-1.0,-1.0,-1.0,-1.0
1862,left,3,2,wooden hand+kettle,Z,./stimuli/B_cropped_v1117/hand_kettle/IMG_4739.jpg,kettle,annotator2,19,SiteH,kettle,0.683619504,0.15388069,0.84521725,0.346608068,0.69599218,0.671554252,0.146627566,0.594330401,-1.0,-1.0,-1.0,-1.0
1863,left,3,2,wooden hand+kettle,Z,./stimuli/B_cropped_v1117/hand_kettle/IMG_4740.jpg,wooden hand,annotator2,6,SiteH,kettle,0.68,0.163639828,0.839934682,0.352489204,0.693059629,0.686217009,0.109481916,0.602150538,-1.0,-1.0,-1.0,-1.0
1864,right,1,2,wooden hand+tulips,Z,./stimuli/B_cropped_v1117/hand_tulip toy/IMG_4252.jpg,wooden hand,annotator2,9,SiteH,-1,0.285172782,0.132957512,0.461650287,0.367531247,0.921798631,0.594330401,0.721407625,0.594330401,-1.0,-1.0,-1.0,-1.0
1865,right,1,2,wooden hand+tulips,Z,./stimuli/B_cropped_v1117/hand_tulip toy/IMG_4253.jpg,tulips,annotator2,0,SiteH,-1,0.273846919,0.137845097,0.445605671,0.372418832,0.921798631,0.594330401,0.721407625,0.594330401,-1.0,-1.0,-1.0,-1.0
1866,right,1,2,wooden hand+tulips,Z,./stimuli/B_cropped_v1117/hand_tulip toy/IMG_4254.jpg,wooden hand,annotator2,16,SiteH,wooden hand,0.287532158,0.14892099,0.459290911,0.37111811,0.921798631,0.594330401,0.721407625,0.594330401,-1.0,-1.0,-1.0,-1.0
1867,right,1,2,wooden hand+tulips,Z,./stimuli/B_cropped_v1117/hand_tulip toy/IMG_4255.jpg,tulips,annotator2,16,SiteH,wooden hand,0.287532158,0.150876024,0.459290911,0.373073145,0.923753666,0.594330401,0.721407625,0.594330401,-1.0,-1.0,-1.0,-1.0
1868,right,1,2,wooden hand+tulips,Z,./stimuli/B_cropped_v1117/hand_tulip toy/IMG_4256.jpg,tulips,annotator2,18,SiteH,tulips,0.273846919,0.149360251,0.445605671,0.374588918,0.921798631,0.594330401,0.721407625,0.579667644,-1.0,-1.0,-1.0,-1.0
1869,right,1,2,wooden hand+tulips,Z,./stimuli/B_cropped_v1117/hand_tulip toy/IMG_4257.jpg,wooden hand,annotator2,2,SiteH,tulips,0.246669358,0.139145819,0.408267104,0.361342939,0.866080156,0.579667644,0.671554252,0.560117302,-1.0,-1.0,-1.0,-1.0
1870,right,2,2,wooden hand+tulips,Z,./stimuli/B_cropped_v1117/hand_tulip toy/IMG_4258.jpg,wooden hand,annotator2,11,SiteH,-1,0.264264665,0.139145819,0.425862412,0.361342939,0.921798631,0.548387097,0.579667644,0.594330401,-1.0,-1.0,-1.0,-1.0
1871,right,2,2,wooden hand+tulips,Z,./stimuli/B_cropped_v1117/hand_tulip toy/IMG_4259.jpg,tulips,annotator2,19,SiteH,-1,0.243736806,0.139145819,0.405334553,0.361342939,0.921798631,0.548387097,0.579667644,0.594330401,-1.0,-1.0,-1.0,-1.0
1872,right,2,2,wooden hand+tulips,Z,./stimuli/B_cropped_v1117/hand_tulip toy/IMG_4260.jpg,wooden hand,annotator2,17,SiteH,wooden hand,0.278927422,0.139145819,0.440525168,0.361342939,0.921798631,0.560117302,0.579667644,0.594330401,-1.0,-1.0,-1.0,-1.0
1873,right,2,2,wooden hand+tulips,Z,./stimuli/B_cropped_v1117/hand_tulip toy/IMG_4261.jpg,tulips,annotator2,6,SiteH,wooden hand,0.284730574,0.139145819,0.434722017,0.361342939,0.921798631,0.548387097,0.579667644,0.594330401,-1.0,-1.0,-1.0,-1.0
1874,right,2,2,wooden hand+tulips,Z,./stimuli/B_cropped_v1117/hand_tulip toy/IMG_4262.jpg,tulips,annotator2,14,SiteH,tulips,0.237606939,0.14892099,0.403644283,0.37111811,0.921798631,0.560117302,0.579667644,0.594330401,-1.0,-1.0,-1.0,-1.0
1875,right,2,2,wooden hand+tulips,Z,./stimuli/B_cropped_v1117/hand_tulip toy/IMG_4263.jpg,wooden hand,annotator2,7,SiteH,tulips,0.24053949,0.14892099,0.406576834,0.37111811,0.921798631,0.548387097,0.579667644,0.594330401,-1.0,-1.0,-1.0,-1.0
1876,right,3,2,wooden hand+tulips,Z,./stimuli/B_cropped_v1117/hand_tulip toy/IMG_4264.jpg,wooden hand,annotator2,1,SiteH,-1,0.29378967,0.17030439,0.42566292,0.375150155,0.942326491,0.542521994,0.481915934,0.602150538,-1.0,-1.0,-1.0,-1.0
1877,right,3,2,wooden hand+tulips,Z,./stimuli/B_cropped_v1117/hand_tulip toy/IMG_4265.jpg,tulips,annotator2,10,SiteH,-1,0.232984118,0.164599327,0.394581864,0.380855218,0.942326491,0.542521994,0.481915934,0.602150538,-1.0,-1.0,-1.0,-1.0
1878,right,3,2,wooden hand+tulips,Z,./stimuli/B_cropped_v1117/hand_tulip toy/IMG_4266.jpg,wooden hand,annotator2,5,SiteH,wooden hand,0.284730574,0.17030439,0.434722017,0.375150155,0.942326491,0.542521994,0.481915934,0.602150538,-1.0,-1.0,-1.0,-1.0
1879,right,3,2,wooden hand+tulips,Z,./stimuli/B_cropped_v1117/hand_tulip toy/IMG_4267.jpg,tulips,annotator2,6,SiteH,wooden hand,0.284730574,0.169608054,0.434722017,0.375846491,0.942326491,0.542521994,0.481915934,0.602150538,-1.0,-1.0,-1.0,-1.0
1880,right,3,2,wooden hand+tulips,Z,./stimuli/B_cropped_v1117/hand_tulip toy/IMG_4268.jpg,tulips,annotator2,9,SiteH,tulips,0.231029084,0.182034596,0.39262683,0.38688036,0.942326491,0.542521994,0.481915934,0.602150538,-1.0,-1.0,-1.0,-1.0
1881,right,3,2,wooden hand+tulips,Z,./stimuli/B_cropped_v1117/hand_tulip toy/IMG_4269.jpg,wooden hand,annotator2,17,SiteH,tulips,0.233961635,0.182034596,0.395559381,0.38688036,0.942326491,0.542521994,0.481915934,0.602150538,-1.0,-1.0,-1.0,-1.0
1882,front,1,2,wooden hand+tulips,Z,./stimuli/B_cropped_v1117/hand_tulip toy/IMG_4465.jpg,wooden hand,annotator2,19,SiteH,-1,0.424297003,0.065568565,0.61187113,0.323483243,0.716520039,0.632453568,0.359726295,0.523949169,-1.0,-1.0,-1.0,-1.0
1883,front,1,2,wooden hand+tulips,Z,./stimuli/B_cropped_v1117/hand_tulip toy/IMG_4466.jpg,tulips,annotator2,18,SiteH,-1,0.401477656,0.079362293,0.599499861,0.325329789,0.716520039,0.632453568,0.359726295,0.523949169,-1.0,-1.0,-1.0,-1.0
1884,front,1,2,wooden hand+tulips,Z,./stimuli/B_cropped_v1117/hand_tulip toy/IMG_4467.jpg,wooden hand,annotator2,4,SiteH,wooden hand,0.390885569,0.076836834,0.610091948,0.327855248,0.716520039,0.632453568,0.359726295,0.515151515,-1.0,-1.0,-1.0,-1.0
1885,front,1,2,wooden hand+tulips,Z,./stimuli/B_cropped_v1117/hand_tulip toy/IMG_4468.jpg,tulips,annotator2,15,SiteH,wooden hand,0.426927488,0.077814351,0.617060782,0.328832765,0.716520039,0.632453568,0.359726295,0.523949169,-1.0,-1.0,-1.0,-1.0
1886,front,1,2,wooden hand+tulips,Z,./stimuli/B_cropped_v1117/hand_tulip toy/IMG_4469.jpg,tulips,annotator2,14,SiteH,tulips,0.405422111,0.077814351,0.595555406,0.328832765,0.721407625,0.602150538,0.359726295,0.523949169,-1.0,-1.0,-1.0,-1.0
1887,front,1,2,wooden hand+tulips,Z,./stimuli/B_cropped_v1117/hand_tulip toy/IMG_4470.jpg,wooden hand,annotator2,6,SiteH,tulips,0.406701695,0.074366219,0.594275822,0.332280897,0.716520039,0.632453568,0.359726295,0.523949169,-1.0,-1.0,-1.0,-1.0
1888,front,2,2,wooden hand+tulips,Z,./stimuli/B_cropped_v1117/hand_tulip toy/IMG_4471.jpg,wooden hand,annotator2,4,SiteH,-1,0.428882522,0.08033981,0.619015816,0.326307307,0.853372434,0.632453568,0.250244379,0.500488759,-1.0,-1.0,-1.0,-1.0
1889,front,2,2,wooden hand+tulips,Z,./stimuli/B_cropped_v1117/hand_tulip toy/IMG_4472.jpg,tulips,annotator2,9,SiteH,-1,0.407964056,0.076836834,0.593013461,0.327855248,0.853372434,0.632453568,0.250244379,0.500488759,-1.0,-1.0,-1.0,-1.0
1890,front,2,2,wooden hand+tulips,Z,./stimuli/B_cropped_v1117/hand_tulip toy/IMG_4473.jpg,wooden hand,annotator2,2,SiteH,wooden hand,0.424938067,0.074366219,0.622960271,0.332280897,0.853372434,0.632453568,0.250244379,0.500488759,-1.0,-1.0,-1.0,-1.0
1891,front,2,2,wooden hand+tulips,Z,./stimuli/B_cropped_v1117/hand_tulip toy/IMG_4474.jpg,tulips,annotator2,9,SiteH,wooden hand,0.424938067,0.074366219,0.622960271,0.332280897,0.853372434,0.632453568,0.250244379,0.500488759,-1.0,-1.0,-1.0,-1.0
1892,front,2,2,wooden hand+tulips,Z,./stimuli/B_cropped_v1117/hand_tulip toy/IMG_4475.jpg,tulips,annotator2,7,SiteH,tulips,0.406701695,0.077814351,0.594275822,0.328832765,0.849462366,0.632453568,0.250244379,0.500488759,-1.0,-1.0,-1.0,-1.0
1893,front,2,2,wooden hand+tulips,Z,./stimuli/B_cropped_v1117/hand_tulip toy/IMG_4476.jpg,wooden hand,annotator2,0,SiteH,tulips,0.407964056,0.074366219,0.593013461,0.332280897,0.853372434,0.632453568,0.250244379,0.500488759,-1.0,-1.0,-1.0,-1.0
1894,front,3,2,wooden hand+tulips,Z,./stimuli/B_cropped_v1117/hand_tulip toy/IMG_4477.jpg,wooden hand,annotator2,-1,SiteH,-1,0.425493037,0.160243336,0.57548448,0.363705833,0.900293255,0.602150538,0.109481916,0.500488759,-1.0,-1.0,-1.0,-1.0
1895,front,3,2,wooden hand+tulips,Z,./stimuli/B_cropped_v1117/hand_tulip toy/IMG_4478.jpg,tulips,annotator2,8,SiteH,-1,0.378572216,0.162963482,0.528563659,0.360985687,0.900293255,0.602150538,0.109481916,0.500488759,-1.0,-1.0,-1.0,-1.0
1896,front,3,2,wooden hand+tulips,Z,./stimuli/B_cropped_v1117/hand_tulip toy/IMG_4479.jpg,wooden hand,annotator2,-1,SiteH,wooden hand,0.425493037,0.159551702,0.57548448,0.364397467,0.900293255,0.602150538,0.109481916,0.500488759,-1.0,-1.0,-1.0,-1.0
1897,front,3,2,wooden hand+tulips,Z,./stimuli/B_cropped_v1117/hand_tulip toy/IMG_4480.jpg,tulips,annotator2,16,SiteH,wooden hand,0.425493037,0.160243336,0.57548448,0.363705833,0.900293255,0.602150538,0.109481916,0.500488759,-1.0,-1.0,-1.0,-1.0
1898,front,3,2,wooden hand+tulips,Z,./stimuli/B_cropped_v1117/hand_tulip toy/IMG_4481.jpg,tulips,annotator2,12,SiteH,tulips,0.385414836,0.166873551,0.535406279,0.364895755,0.89540567,0.602150538,0.109481916,0.500488759,-1.0,-1.0,-1.0,-1.0
1899,front,3,2,wooden hand+tulips,Z,./stimuli/B_cropped_v1117/hand_tulip toy/IMG_4482.jpg,wooden hand,annotator2,14,SiteH,tulips,0.38736987,0.166873551,0.537361313,0.364895755,0.900293255,0.602150538,0.109481916,0.51026393,-1.0,-1.0,-1.0,-1.0
1900,left,1,2,wooden hand+tulips,Z,./stimuli/B_cropped_v1117/hand_tulip toy/IMG_4704.jpg,wooden hand,annotator2,0,SiteH,-1,0.625526082,0.047913523,0.793828757,0.282487259,0.359726295,0.602150538,0.165200391,0.440860215,-1.0,-1.0,-1.0,-1.0
1901,left,1,2,wooden hand+tulips,Z,./stimuli/B_cropped_v1117/hand_tulip toy/IMG_4705.jpg,tulips,annotator2,0,SiteH,-1,0.663876244,0.087991725,0.835634997,0.32256546,0.382209189,0.632453568,0.105571848,0.476050831,-1.0,-1.0,-1.0,-1.0
1902,left,1,2,wooden hand+tulips,Z,./stimuli/B_cropped_v1117/hand_tulip toy/IMG_4706.jpg,wooden hand,annotator2,1,SiteH,wooden hand,0.662898727,0.043871987,0.83465748,0.286528795,0.382209189,0.602150538,0.105571848,0.442815249,-1.0,-1.0,-1.0,-1.0
1903,left,1,2,wooden hand+tulips,Z,./stimuli/B_cropped_v1117/hand_tulip toy/IMG_4707.jpg,tulips,annotator2,6,SiteH,wooden hand,0.66876383,0.052801109,0.840522583,0.287374844,0.390029326,0.632453568,0.105571848,0.442815249,-1.0,-1.0,-1.0,-1.0
1904,left,1,2,wooden hand+tulips,Z,./stimuli/B_cropped_v1117/hand_tulip toy/IMG_4708.jpg,tulips,annotator2,15,SiteH,tulips,0.653123556,0.059428678,0.824882309,0.284657344,0.390029326,0.608993157,0.105571848,0.442815249,-1.0,-1.0,-1.0,-1.0
1905,left,1,2,wooden hand+tulips,Z,./stimuli/B_cropped_v1117/hand_tulip toy/IMG_4709.jpg,wooden hand,annotator2,4,SiteH,tulips,0.653123556,0.057892224,0.824882309,0.286193797,0.390029326,0.632453568,0.105571848,0.442815249,-1.0,-1.0,-1.0,-1.0
1906,left,2,2,wooden hand+tulips,Z,./stimuli/B_cropped_v1117/hand_tulip toy/IMG_4710.jpg,wooden hand,annotator2,2,SiteH,-1,0.693201758,0.057892224,0.86496051,0.286193797,0.542521994,0.632453568,0.1485826,0.42228739,-1.0,-1.0,-1.0,-1.0
1907,left,2,2,wooden hand+tulips,Z,./stimuli/B_cropped_v1117/hand_tulip toy/IMG_4711.jpg,tulips,annotator2,3,SiteH,-1,0.678539001,0.060944451,0.850297754,0.283141571,0.542521994,0.602150538,0.1485826,0.407624633,-1.0,-1.0,-1.0,-1.0
1908,left,2,2,wooden hand+tulips,Z,./stimuli/B_cropped_v1117/hand_tulip toy/IMG_4712.jpg,wooden hand,annotator2,10,SiteH,wooden hand,0.704704968,0.047913523,0.873007642,0.282487259,0.542521994,0.602150538,0.064516129,0.401759531,-1.0,-1.0,-1.0,-1.0
1909,left,2,2,wooden hand+tulips,Z,./stimuli/B_cropped_v1117/hand_tulip toy/IMG_4713.jpg,tulips,annotator2,7,SiteH,wooden hand,0.708057432,0.047913523,0.869655178,0.282487259,0.542521994,0.602150538,0.165200391,0.407624633,-1.0,-1.0,-1.0,-1.0
1910,left,2,2,wooden hand+tulips,Z,./stimuli/B_cropped_v1117/hand_tulip toy/IMG_4715.jpg,tulips,annotator2,2,SiteH,tulips,0.668956748,0.17030439,0.830554494,0.375150155,0.542521994,0.671554252,0.064516129,0.481915934,-1.0,-1.0,-1.0,-1.0
1911,left,2,2,wooden hand+tulips,Z,./stimuli/B_cropped_v1117/hand_tulip toy/IMG_4716.jpg,wooden hand,annotator2,10,SiteH,tulips,0.668956748,0.169608054,0.830554494,0.375846491,0.500488759,0.671554252,0.146627566,0.481915934,-1.0,-1.0,-1.0,-1.0
1912,left,3,2,wooden hand+tulips,Z,./stimuli/B_cropped_v1117/hand_tulip toy/IMG_4717.jpg,wooden hand,annotator2,2,SiteH,-1,0.76140096,0.090709225,0.929703635,0.315937891,0.788856305,0.632453568,0.11827957,0.382209189,-1.0,-1.0,-1.0,-1.0
1913,left,3,2,wooden hand+tulips,Z,./stimuli/B_cropped_v1117/hand_tulip toy/IMG_4718.jpg,tulips,annotator2,13,SiteH,-1,0.720765154,0.100752467,0.882362901,0.309804718,0.769305963,0.632453568,0.11827957,0.382209189,-1.0,-1.0,-1.0,-1.0
1914,left,3,2,wooden hand+tulips,Z,./stimuli/B_cropped_v1117/hand_tulip toy/IMG_4719.jpg,wooden hand,annotator2,-1,SiteH,wooden hand,0.758468408,0.091247481,0.926771083,0.313444601,0.788856305,0.632453568,0.11827957,0.39198436,-1.0,-1.0,-1.0,-1.0
1915,left,3,2,wooden hand+tulips,Z,./stimuli/B_cropped_v1117/hand_tulip toy/IMG_4720.jpg,tulips,annotator2,3,SiteH,wooden hand,0.755762852,0.089570389,0.927521605,0.320986795,0.788856305,0.632453568,0.11827957,0.405669599,-1.0,-1.0,-1.0,-1.0
1916,left,3,2,wooden hand+tulips,Z,./stimuli/B_cropped_v1117/hand_tulip toy/IMG_4721.jpg,tulips,annotator2,2,SiteH,tulips,0.710748901,0.135593003,0.866963709,0.333615208,0.769305963,0.671554252,0.11827957,0.417399804,-1.0,-1.0,-1.0,-1.0
1917,left,3,2,wooden hand+tulips,Z,./stimuli/B_cropped_v1117/hand_tulip toy/IMG_4722.jpg,wooden hand,annotator2,13,SiteH,tulips,0.708057432,0.132181223,0.869655178,0.337026988,0.769305963,0.671554252,0.11827957,0.419354839,-1.0,-1.0,-1.0,-1.0
1918,right,1,3,kettle+bunny+tulips,Z,./stimuli/B_cropped_v1117/kettle_bunny_tulip toy/IMG_3899.jpg,kettle,annotator2,4,SiteB,-1,0.228956494,0.108914904,0.365373907,0.301642281,0.921798631,0.590420332,0.721407625,0.500488759,0.500488759,0.458455523,-1.0,-1.0
1919,right,1,3,kettle+bunny+tulips,Z,./stimuli/B_cropped_v1117/kettle_bunny_tulip toy/IMG_3900.jpg,bunny,annotator2,7,SiteB,-1,0.213418692,0.116719007,0.355496264,0.305568383,0.902248289,0.579667644,0.721407625,0.500488759,0.500488759,0.458455523,-1.0,-1.0
1920,right,1,3,kettle+bunny+tulips,Z,./stimuli/B_cropped_v1117/kettle_bunny_tulip toy/IMG_3901.jpg,tulips,annotator2,5,SiteB,-1,0.206790648,0.116719007,0.338663898,0.305568383,0.902248289,0.590420332,0.703812317,0.602150538,0.500488759,0.458455523,-1.0,-1.0
1921,right,1,3,kettle+bunny+tulips,Z,./stimuli/B_cropped_v1117/kettle_bunny_tulip toy/IMG_3902.jpg,kettle,annotator2,4,SiteB,kettle,0.22700146,0.125516661,0.363418872,0.314366037,0.902248289,0.590420332,0.721407625,0.602150538,0.500488759,0.458455523,-1.0,-1.0
1922,right,1,3,kettle+bunny+tulips,Z,./stimuli/B_cropped_v1117/kettle_bunny_tulip toy/IMG_3903.jpg,bunny,annotator2,8,SiteB,kettle,0.235138644,0.132652707,0.367011894,0.318960196,0.902248289,0.590420332,0.721407625,0.602150538,0.500488759,0.458455523,-1.0,-1.0
1923,right,1,3,kettle+bunny+tulips,Z,./stimuli/B_cropped_v1117/kettle_bunny_tulip toy/IMG_3904.jpg,tulips,annotator2,16,SiteB,kettle,0.235138644,0.137540292,0.367011894,0.323847782,0.902248289,0.590420332,0.721407625,0.602150538,0.500488759,0.467253177,-1.0,-1.0
1924,right,1,3,kettle+bunny+tulips,Z,./stimuli/B_cropped_v1117/kettle_bunny_tulip toy/IMG_3905.jpg,bunny,annotator2,18,SiteB,bunny,0.189390831,0.143111969,0.379524125,0.331961345,0.902248289,0.590420332,0.721407625,0.632453568,0.500488759,0.470185728,-1.0,-1.0
1925,right,1,3,kettle+bunny+tulips,Z,./stimuli/B_cropped_v1117/kettle_bunny_tulip toy/IMG_3906.jpg,kettle,annotator2,3,SiteB,bunny,0.188378927,0.149270498,0.386401132,0.335577987,0.902248289,0.594330401,0.721407625,0.500488759,0.500488759,0.481915934,-1.0,-1.0
1926,right,1,3,kettle+bunny+tulips,Z,./stimuli/B_cropped_v1117/kettle_bunny_tulip toy/IMG_3907.jpg,tulips,annotator2,6,SiteB,bunny,0.224009471,0.155819692,0.358590724,0.344669067,0.902248289,0.594330401,0.721407625,0.500488759,0.500488759,0.500488759,-1.0,-1.0
1927,right,1,3,kettle+bunny+tulips,Z,./stimuli/B_cropped_v1117/kettle_bunny_tulip toy/IMG_3908.jpg,tulips,annotator2,2,SiteB,tulips,0.221650148,0.164910771,0.358995013,0.351218261,0.935483871,0.632453568,0.721407625,0.500488759,0.500488759,0.500488759,-1.0,-1.0
1928,right,1,3,kettle+bunny+tulips,Z,./stimuli/B_cropped_v1117/kettle_bunny_tulip toy/IMG_3909.jpg,kettle,annotator2,18,SiteB,tulips,0.222627665,0.166865806,0.35997253,0.353173295,0.935483871,0.632453568,0.721407625,0.671554252,0.500488759,0.500488759,-1.0,-1.0
1929,right,1,3,kettle+bunny+tulips,Z,./stimuli/B_cropped_v1117/kettle_bunny_tulip toy/IMG_3910.jpg,bunny,annotator2,3,SiteB,tulips,0.224009471,0.167549897,0.358590724,0.356399272,0.921798631,0.632453568,0.721407625,0.671554252,0.500488759,0.500488759,-1.0,-1.0
1930,right,2,3,kettle+bunny+tulips,Z,./stimuli/B_cropped_v1117/kettle_bunny_tulip toy/IMG_3911.jpg,kettle,annotator2,12,SiteB,-1,0.199948028,0.131381764,0.331821278,0.320231139,0.884652981,0.579667644,0.671554252,0.602150538,0.335288368,0.470185728,-1.0,-1.0
1931,right,2,3,kettle+bunny+tulips,Z,./stimuli/B_cropped_v1117/kettle_bunny_tulip toy/IMG_3912.jpg,bunny,annotator2,0,SiteB,-1,0.196638992,0.141450361,0.331220245,0.32775785,0.884652981,0.579667644,0.671554252,0.602150538,0.335288368,0.476050831,-1.0,-1.0
1932,right,2,3,kettle+bunny+tulips,Z,./stimuli/B_cropped_v1117/kettle_bunny_tulip toy/IMG_3913.jpg,tulips,annotator2,0,SiteB,-1,0.184307754,0.131381764,0.316181004,0.320231139,0.884652981,0.579667644,0.671554252,0.602150538,0.335288368,0.470185728,-1.0,-1.0
1933,right,2,3,kettle+bunny+tulips,Z,./stimuli/B_cropped_v1117/kettle_bunny_tulip toy/IMG_3914.jpg,kettle,annotator2,10,SiteB,kettle,0.218520853,0.140179418,0.350394103,0.329028793,0.884652981,0.590420332,0.671554252,0.632453568,0.335288368,0.481915934,-1.0,-1.0
1934,right,2,3,kettle+bunny+tulips,Z,./stimuli/B_cropped_v1117/kettle_bunny_tulip toy/IMG_3915.jpg,bunny,annotator2,11,SiteB,kettle,0.21984761,0.143111969,0.349067346,0.331961345,0.884652981,0.590420332,0.671554252,0.632453568,0.335288368,0.481915934,-1.0,-1.0
1935,right,2,3,kettle+bunny+tulips,Z,./stimuli/B_cropped_v1117/kettle_bunny_tulip toy/IMG_3916.jpg,tulips,annotator2,19,SiteB,kettle,0.221999811,0.147999555,0.346915145,0.33684893,0.89540567,0.594330401,0.671554252,0.632453568,0.335288368,0.481915934,-1.0,-1.0
1936,right,2,3,kettle+bunny+tulips,Z,./stimuli/B_cropped_v1117/kettle_bunny_tulip toy/IMG_3917.jpg,bunny,annotator2,2,SiteB,bunny,0.19603796,0.144382912,0.327911209,0.330690402,0.884652981,0.579667644,0.671554252,0.632453568,0.335288368,0.476050831,-1.0,-1.0
1937,right,2,3,kettle+bunny+tulips,Z,./stimuli/B_cropped_v1117/kettle_bunny_tulip toy/IMG_3918.jpg,kettle,annotator2,13,SiteB,bunny,0.162963482,0.149270498,0.360985687,0.335577987,0.884652981,0.594330401,0.671554252,0.632453568,0.335288368,0.481915934,-1.0,-1.0
1938,right,2,3,kettle+bunny+tulips,Z,./stimuli/B_cropped_v1117/kettle_bunny_tulip toy/IMG_3919.jpg,tulips,annotator2,0,SiteB,bunny,0.166873551,0.147999555,0.364895755,0.33684893,0.884652981,0.594330401,0.671554252,0.632453568,0.335288368,0.481915934,-1.0,-1.0
1939,right,2,3,kettle+bunny+tulips,Z,./stimuli/B_cropped_v1117/kettle_bunny_tulip toy/IMG_3920.jpg,tulips,annotator2,7,SiteB,tulips,0.155698316,0.147999555,0.305689759,0.33684893,0.884652981,0.594330401,0.671554252,0.500488759,0.31769306,0.476050831,-1.0,-1.0
1940,right,2,3,kettle+bunny+tulips,Z,./stimuli/B_cropped_v1117/kettle_bunny_tulip toy/IMG_3921.jpg,kettle,annotator2,19,SiteB,tulips,0.176487618,0.151909623,0.308360867,0.340758999,0.884652981,0.594330401,0.671554252,0.500488759,0.335288368,0.481915934,-1.0,-1.0
1941,right,2,3,kettle+bunny+tulips,Z,./stimuli/B_cropped_v1117/kettle_bunny_tulip toy/IMG_3922.jpg,bunny,annotator2,12,SiteB,tulips,0.178442652,0.155819692,0.310315902,0.344669067,0.884652981,0.602150538,0.671554252,0.632453568,0.335288368,0.500488759,-1.0,-1.0
1942,right,3,3,kettle+bunny+tulips,Z,./stimuli/B_cropped_v1117/kettle_bunny_tulip toy/IMG_3923.jpg,kettle,annotator2,17,SiteB,-1,0.203426986,0.16882084,0.32834232,0.355128329,0.884652981,0.632453568,0.590420332,0.671554252,0.165200391,0.467253177,-1.0,-1.0
1943,right,3,3,kettle+bunny+tulips,Z,./stimuli/B_cropped_v1117/kettle_bunny_tulip toy/IMG_3924.jpg,bunny,annotator2,5,SiteB,-1,0.174215536,0.182676547,0.310632949,0.362777999,0.884652981,0.632453568,0.579667644,0.671554252,0.070381232,0.500488759,-1.0,-1.0
1944,right,3,3,kettle+bunny+tulips,Z,./stimuli/B_cropped_v1117/kettle_bunny_tulip toy/IMG_3925.jpg,tulips,annotator2,10,SiteB,-1,0.159869827,0.185609098,0.291743076,0.36571055,0.884652981,0.632453568,0.579667644,0.671554252,0.1485826,0.481915934,-1.0,-1.0
1945,right,3,3,kettle+bunny+tulips,Z,./stimuli/B_cropped_v1117/kettle_bunny_tulip toy/IMG_3926.jpg,kettle,annotator2,3,SiteB,kettle,0.203426986,0.204249026,0.32834232,0.378351169,0.884652981,0.632453568,0.579667644,0.671554252,0.1485826,0.500488759,-1.0,-1.0
1946,right,3,3,kettle+bunny+tulips,Z,./stimuli/B_cropped_v1117/kettle_bunny_tulip toy/IMG_3927.jpg,bunny,annotator2,12,SiteB,kettle,0.21514692,0.204249026,0.330307625,0.378351169,0.884652981,0.632453568,0.590420332,0.671554252,0.165200391,0.500488759,-1.0,-1.0
1947,right,3,3,kettle+bunny+tulips,Z,./stimuli/B_cropped_v1117/kettle_bunny_tulip toy/IMG_3928.jpg,tulips,annotator2,8,SiteB,kettle,0.206790648,0.197406407,0.338663898,0.371508549,0.884652981,0.632453568,0.602150538,0.671554252,0.078201369,0.500488759,-1.0,-1.0
1948,right,3,3,kettle+bunny+tulips,Z,./stimuli/B_cropped_v1117/kettle_bunny_tulip toy/IMG_3929.jpg,bunny,annotator2,17,SiteB,bunny,0.192127891,0.211024543,0.324001141,0.391125995,0.884652981,0.632453568,0.594330401,0.671554252,0.165200391,0.500488759,-1.0,-1.0
1949,right,3,3,kettle+bunny+tulips,Z,./stimuli/B_cropped_v1117/kettle_bunny_tulip toy/IMG_3930.jpg,kettle,annotator2,3,SiteB,bunny,0.197561884,0.2198893,0.322477217,0.393991443,0.89540567,0.632453568,0.602150538,0.671554252,0.165200391,0.500488759,-1.0,-1.0
1950,right,3,3,kettle+bunny+tulips,Z,./stimuli/B_cropped_v1117/kettle_bunny_tulip toy/IMG_3931.jpg,tulips,annotator2,5,SiteB,bunny,0.194082925,0.216889645,0.325956175,0.396991098,0.89540567,0.671554252,0.602150538,0.671554252,0.165200391,0.500488759,-1.0,-1.0
1951,right,3,3,kettle+bunny+tulips,Z,./stimuli/B_cropped_v1117/kettle_bunny_tulip toy/IMG_3932.jpg,tulips,annotator2,0,SiteB,tulips,0.171600032,0.224776886,0.303473282,0.398879028,0.89540567,0.632453568,0.602150538,0.671554252,0.165200391,0.500488759,-1.0,-1.0
1952,right,3,3,kettle+bunny+tulips,Z,./stimuli/B_cropped_v1117/kettle_bunny_tulip toy/IMG_3933.jpg,kettle,annotator2,19,SiteB,tulips,0.164757412,0.227709437,0.296630662,0.40181158,0.89540567,0.671554252,0.602150538,0.671554252,0.165200391,0.500488759,-1.0,-1.0
1953,right,3,3,kettle+bunny+tulips,Z,./stimuli/B_cropped_v1117/kettle_bunny_tulip toy/IMG_3934.jpg,bunny,annotator2,5,SiteB,tulips,0.168236371,0.234484953,0.293151704,0.414586406,0.89540567,0.671554252,0.602150538,0.686217009,0.165200391,0.500488759,-1.0,-1.0
1954,front,1,3,kettle+bunny+tulips,Z,./stimuli/B_cropped_v1117/kettle_bunny_tulip toy/IMG_3935.jpg,kettle,annotator2,19,SiteB,-1,0.461723121,0.100045135,0.623320867,0.322242255,0.810361681,0.671554252,0.500488759,0.500488759,0.105571848,0.467253177,-1.0,-1.0
1955,front,1,3,kettle+bunny+tulips,Z,./stimuli/B_cropped_v1117/kettle_bunny_tulip toy/IMG_3936.jpg,bunny,annotator2,14,SiteB,-1,0.461723121,0.108842789,0.623320867,0.331039909,0.810361681,0.671554252,0.500488759,0.500488759,0.105571848,0.481915934,-1.0,-1.0
1956,front,1,3,kettle+bunny+tulips,Z,./stimuli/B_cropped_v1117/kettle_bunny_tulip toy/IMG_3937.jpg,tulips,annotator2,12,SiteB,-1,0.449799998,0.077239037,0.621558751,0.311812772,0.853372434,0.721407625,0.500488759,0.500488759,0.188660802,0.42228739,-1.0,-1.0
1957,front,1,3,kettle+bunny+tulips,Z,./stimuli/B_cropped_v1117/kettle_bunny_tulip toy/IMG_3938.jpg,kettle,annotator2,18,SiteB,kettle,0.462533353,0.121280326,0.616645532,0.330332577,0.788856305,0.671554252,0.500488759,0.500488759,0.105571848,0.458455523,-1.0,-1.0
1958,front,1,3,kettle+bunny+tulips,Z,./stimuli/B_cropped_v1117/kettle_bunny_tulip toy/IMG_3939.jpg,bunny,annotator2,17,SiteB,kettle,0.465465904,0.121280326,0.619578084,0.330332577,0.788856305,0.671554252,0.500488759,0.500488759,0.109481916,0.458455523,-1.0,-1.0
1959,front,1,3,kettle+bunny+tulips,Z,./stimuli/B_cropped_v1117/kettle_bunny_tulip toy/IMG_3940.jpg,tulips,annotator2,8,SiteB,kettle,0.464655672,0.109858369,0.626253419,0.32611426,0.788856305,0.671554252,0.500488759,0.500488759,0.109481916,0.442815249,-1.0,-1.0
1960,front,1,3,kettle+bunny+tulips,Z,./stimuli/B_cropped_v1117/kettle_bunny_tulip toy/IMG_3941.jpg,bunny,annotator2,3,SiteB,bunny,0.464593721,0.114867096,0.614585164,0.321105533,0.788856305,0.671554252,0.500488759,0.500488759,0.225806452,0.403714565,-1.0,-1.0
1961,front,1,3,kettle+bunny+tulips,Z,./stimuli/B_cropped_v1117/kettle_bunny_tulip toy/IMG_3942.jpg,kettle,annotator2,5,SiteB,bunny,0.464593721,0.114867096,0.614585164,0.321105533,0.810361681,0.671554252,0.500488759,0.500488759,0.225806452,0.403714565,-1.0,-1.0
1962,front,1,3,kettle+bunny+tulips,Z,./stimuli/B_cropped_v1117/kettle_bunny_tulip toy/IMG_3943.jpg,tulips,annotator2,9,SiteB,bunny,0.464593721,0.11682213,0.614585164,0.323060568,0.810361681,0.671554252,0.500488759,0.500488759,0.225806452,0.407624633,-1.0,-1.0
1963,front,1,3,kettle+bunny+tulips,Z,./stimuli/B_cropped_v1117/kettle_bunny_tulip toy/IMG_3944.jpg,tulips,annotator2,18,SiteB,tulips,0.45481855,0.136269349,0.604809993,0.325118725,0.810361681,0.671554252,0.500488759,0.500488759,0.230694037,0.407624633,-1.0,-1.0
1964,front,1,3,kettle+bunny+tulips,Z,./stimuli/B_cropped_v1117/kettle_bunny_tulip toy/IMG_3945.jpg,kettle,annotator2,8,SiteB,tulips,0.451706867,0.14000136,0.607921676,0.344847125,0.788856305,0.671554252,0.500488759,0.500488759,0.225806452,0.42228739,-1.0,-1.0
1965,front,1,3,kettle+bunny+tulips,Z,./stimuli/B_cropped_v1117/kettle_bunny_tulip toy/IMG_3946.jpg,bunny,annotator2,18,SiteB,tulips,0.451706867,0.14000136,0.607921676,0.344847125,0.810361681,0.671554252,0.500488759,0.500488759,0.225806452,0.407624633,-1.0,-1.0
1966,front,2,3,kettle+bunny+tulips,Z,./stimuli/B_cropped_v1117/kettle_bunny_tulip toy/IMG_3947.jpg,kettle,annotator2,4,SiteB,-1,0.432280052,0.08543846,0.568697465,0.274287835,0.866080156,0.590420332,0.500488759,0.500488759,0.11827957,0.359726295,-1.0,-1.0
1967,front,2,3,kettle+bunny+tulips,Z,./stimuli/B_cropped_v1117/kettle_bunny_tulip toy/IMG_3948.jpg,bunny,annotator2,14,SiteB,-1,0.446942809,0.141450361,0.583360221,0.32775785,0.884652981,0.632453568,0.500488759,0.632453568,0.146627566,0.407624633,-1.0,-1.0
1968,front,2,3,kettle+bunny+tulips,Z,./stimuli/B_cropped_v1117/kettle_bunny_tulip toy/IMG_3949.jpg,tulips,annotator2,14,SiteB,-1,0.446942809,0.070775703,0.583360221,0.259625079,0.884652981,0.590420332,0.500488759,0.548387097,0.165200391,0.335288368,-1.0,-1.0
1969,front,2,3,kettle+bunny+tulips,Z,./stimuli/B_cropped_v1117/kettle_bunny_tulip toy/IMG_3950.jpg,kettle,annotator2,6,SiteB,kettle,0.485065976,0.077618323,0.621483388,0.266467698,0.900293255,0.542521994,0.542521994,0.500488759,0.165200391,0.335288368,-1.0,-1.0
1970,front,2,3,kettle+bunny+tulips,Z,./stimuli/B_cropped_v1117/kettle_bunny_tulip toy/IMG_3951.jpg,bunny,annotator2,4,SiteB,kettle,0.485065976,0.081528391,0.621483388,0.270377767,0.89540567,0.542521994,0.500488759,0.548387097,0.165200391,0.335288368,-1.0,-1.0
1971,front,2,3,kettle+bunny+tulips,Z,./stimuli/B_cropped_v1117/kettle_bunny_tulip toy/IMG_3952.jpg,tulips,annotator2,14,SiteB,kettle,0.487338057,0.081528391,0.619211307,0.270377767,0.89540567,0.542521994,0.542521994,0.500488759,0.165200391,0.335288368,-1.0,-1.0
1972,front,2,3,kettle+bunny+tulips,Z,./stimuli/B_cropped_v1117/kettle_bunny_tulip toy/IMG_3953.jpg,bunny,annotator2,3,SiteB,bunny,0.473652818,0.08543846,0.605526068,0.274287835,0.900293255,0.590420332,0.542521994,0.500488759,0.165200391,0.335288368,-1.0,-1.0
1973,front,2,3,kettle+bunny+tulips,Z,./stimuli/B_cropped_v1117/kettle_bunny_tulip toy/IMG_3954.jpg,kettle,annotator2,12,SiteB,bunny,0.473652818,0.091596988,0.605526068,0.277904478,0.900293255,0.590420332,0.542521994,0.548387097,0.165200391,0.335288368,-1.0,-1.0
1974,front,2,3,kettle+bunny+tulips,Z,./stimuli/B_cropped_v1117/kettle_bunny_tulip toy/IMG_3955.jpg,tulips,annotator2,1,SiteB,bunny,0.471380737,0.094236114,0.607798149,0.283085489,0.900293255,0.590420332,0.542521994,0.548387097,0.172043011,0.359726295,-1.0,-1.0
1975,front,2,3,kettle+bunny+tulips,Z,./stimuli/B_cropped_v1117/kettle_bunny_tulip toy/IMG_3956.jpg,tulips,annotator2,12,SiteB,tulips,0.456658543,0.101372159,0.591239796,0.287679649,0.900293255,0.590420332,0.542521994,0.548387097,0.172043011,0.359726295,-1.0,-1.0
1976,front,2,3,kettle+bunny+tulips,Z,./stimuli/B_cropped_v1117/kettle_bunny_tulip toy/IMG_3957.jpg,kettle,annotator2,9,SiteB,tulips,0.419689885,0.103327194,0.581287632,0.289634683,0.89540567,0.590420332,0.542521994,0.579667644,0.172043011,0.359726295,-1.0,-1.0
1977,front,2,3,kettle+bunny+tulips,Z,./stimuli/B_cropped_v1117/kettle_bunny_tulip toy/IMG_3958.jpg,bunny,annotator2,5,SiteB,tulips,0.419689885,0.112295315,0.581287632,0.292396767,0.900293255,0.590420332,0.500488759,0.602150538,0.165200391,0.359726295,-1.0,-1.0
1978,front,3,3,kettle+bunny+tulips,Z,./stimuli/B_cropped_v1117/kettle_bunny_tulip toy/IMG_3959.jpg,kettle,annotator2,13,SiteB,-1,0.477553536,0.258232278,0.60162535,0.412344457,0.884652981,0.671554252,0.500488759,0.671554252,0.109481916,0.470185728,-1.0,-1.0
1979,front,3,3,kettle+bunny+tulips,Z,./stimuli/B_cropped_v1117/kettle_bunny_tulip toy/IMG_3960.jpg,bunny,annotator2,2,SiteB,-1,0.468323851,0.265074898,0.583484556,0.419187077,0.884652981,0.671554252,0.500488759,0.671554252,0.109481916,0.476050831,-1.0,-1.0
1980,front,3,3,kettle+bunny+tulips,Z,./stimuli/B_cropped_v1117/kettle_bunny_tulip toy/IMG_3961.jpg,tulips,annotator2,15,SiteB,-1,0.442908406,0.276942352,0.558069111,0.424914931,0.866080156,0.671554252,0.500488759,0.671554252,0.10459433,0.481915934,-1.0,-1.0
1981,front,3,3,kettle+bunny+tulips,Z,./stimuli/B_cropped_v1117/kettle_bunny_tulip toy/IMG_3962.jpg,kettle,annotator2,5,SiteB,kettle,0.458012544,0.273872552,0.589885794,0.427984731,0.866080156,0.671554252,0.500488759,0.671554252,0.10459433,0.481915934,-1.0,-1.0
1982,front,3,3,kettle+bunny+tulips,Z,./stimuli/B_cropped_v1117/kettle_bunny_tulip toy/IMG_3963.jpg,bunny,annotator2,8,SiteB,kettle,0.48200909,0.278760137,0.597169795,0.432872316,0.884652981,0.671554252,0.500488759,0.671554252,0.105571848,0.481915934,-1.0,-1.0
1983,front,3,3,kettle+bunny+tulips,Z,./stimuli/B_cropped_v1117/kettle_bunny_tulip toy/IMG_3964.jpg,tulips,annotator2,13,SiteB,kettle,0.484941642,0.282670206,0.600102347,0.436782385,0.884652981,0.671554252,0.500488759,0.671554252,0.109481916,0.500488759,-1.0,-1.0
1984,front,3,3,kettle+bunny+tulips,Z,./stimuli/B_cropped_v1117/kettle_bunny_tulip toy/IMG_3965.jpg,bunny,annotator2,5,SiteB,bunny,0.466368817,0.290627591,0.581529522,0.43860017,0.884652981,0.671554252,0.500488759,0.671554252,0.109481916,0.500488759,-1.0,-1.0
1985,front,3,3,kettle+bunny+tulips,Z,./stimuli/B_cropped_v1117/kettle_bunny_tulip toy/IMG_3966.jpg,kettle,annotator2,7,SiteB,bunny,0.466955193,0.293560142,0.573123008,0.441532722,0.884652981,0.671554252,0.500488759,0.671554252,0.105571848,0.500488759,-1.0,-1.0
1986,front,3,3,kettle+bunny+tulips,Z,./stimuli/B_cropped_v1117/kettle_bunny_tulip toy/IMG_3967.jpg,tulips,annotator2,0,SiteB,bunny,0.466955193,0.293560142,0.573123008,0.441532722,0.884652981,0.671554252,0.500488759,0.671554252,0.10459433,0.500488759,-1.0,-1.0
1987,front,3,3,kettle+bunny+tulips,Z,./stimuli/B_cropped_v1117/kettle_bunny_tulip toy/IMG_3968.jpg,tulips,annotator2,9,SiteB,tulips,0.458948286,0.299425245,0.561579574,0.447397824,0.884652981,0.671554252,0.500488759,0.671554252,0.109481916,0.500488759,-1.0,-1.0
1988,front,3,3,kettle+bunny+tulips,Z,./stimuli/B_cropped_v1117/kettle_bunny_tulip toy/IMG_3969.jpg,kettle,annotator2,8,SiteB,tulips,0.442908406,0.297937067,0.558069111,0.437155797,0.884652981,0.671554252,0.500488759,0.671554252,0.105571848,0.500488759,-1.0,-1.0
1989,front,3,3,kettle+bunny+tulips,Z,./stimuli/B_cropped_v1117/kettle_bunny_tulip toy/IMG_3970.jpg,bunny,annotator2,9,SiteB,tulips,0.442908406,0.301889782,0.558069111,0.444933288,0.884652981,0.671554252,0.500488759,0.671554252,0.105571848,0.500488759,-1.0,-1.0
1990,left,1,3,kettle+bunny+tulips,Z,./stimuli/B_cropped_v1117/kettle_bunny_tulip toy/IMG_3971.jpg,kettle,annotator2,12,SiteB,-1,0.713860584,0.166873551,0.863852026,0.364895755,0.500488759,0.769305963,0.250244379,0.716520039,0.109481916,0.467253177,-1.0,-1.0
1991,left,1,3,kettle+bunny+tulips,Z,./stimuli/B_cropped_v1117/kettle_bunny_tulip toy/IMG_3972.jpg,bunny,annotator2,6,SiteB,-1,0.674759899,0.212515684,0.824751342,0.401365059,0.500488759,0.769305963,0.250244379,0.744868035,0.109481916,0.500488759,-1.0,-1.0
1992,left,1,3,kettle+bunny+tulips,Z,./stimuli/B_cropped_v1117/kettle_bunny_tulip toy/IMG_3973.jpg,tulips,annotator2,7,SiteB,-1,0.667964147,0.230641988,0.810041718,0.404744131,0.500488759,0.769305963,0.272727273,0.594330401,0.11827957,0.500488759,-1.0,-1.0
1993,left,1,3,kettle+bunny+tulips,Z,./stimuli/B_cropped_v1117/kettle_bunny_tulip toy/IMG_3974.jpg,kettle,annotator2,16,SiteB,kettle,0.721109641,0.234484953,0.827277456,0.414586406,0.500488759,0.769305963,0.272727273,0.594330401,0.11827957,0.500488759,-1.0,-1.0
1994,left,1,3,kettle+bunny+tulips,Z,./stimuli/B_cropped_v1117/kettle_bunny_tulip toy/IMG_3975.jpg,bunny,annotator2,6,SiteB,kettle,0.691725997,0.232278829,0.846885929,0.414837495,0.500488759,0.769305963,0.272727273,0.744868035,0.146627566,0.500488759,-1.0,-1.0
1995,left,1,3,kettle+bunny+tulips,Z,./stimuli/B_cropped_v1117/kettle_bunny_tulip toy/IMG_3976.jpg,tulips,annotator2,18,SiteB,kettle,0.641219438,0.218674212,0.897392488,0.404981702,0.500488759,0.769305963,0.272727273,0.721407625,0.134897361,0.500488759,-1.0,-1.0
1996,left,1,3,kettle+bunny+tulips,Z,./stimuli/B_cropped_v1117/kettle_bunny_tulip toy/IMG_3977.jpg,bunny,annotator2,7,SiteB,bunny,0.673829249,0.216889645,0.815906821,0.396991098,0.500488759,0.769305963,0.265884653,0.721407625,0.11827957,0.500488759,-1.0,-1.0
1997,left,1,3,kettle+bunny+tulips,Z,./stimuli/B_cropped_v1117/kettle_bunny_tulip toy/IMG_3978.jpg,kettle,annotator2,13,SiteB,bunny,0.678716835,0.216889645,0.820794407,0.396991098,0.500488759,0.769305963,0.272727273,0.579667644,0.11827957,0.500488759,-1.0,-1.0
1998,left,1,3,kettle+bunny+tulips,Z,./stimuli/B_cropped_v1117/kettle_bunny_tulip toy/IMG_3979.jpg,tulips,annotator2,14,SiteB,bunny,0.678716835,0.216889645,0.820794407,0.396991098,0.500488759,0.769305963,0.272727273,0.579667644,0.11827957,0.500488759,-1.0,-1.0
1999,left,1,3,kettle+bunny+tulips,Z,./stimuli/B_cropped_v1117/kettle_bunny_tulip toy/IMG_3980.jpg,tulips,annotator2,6,SiteB,tulips,0.670794226,0.2198893,0.807211639,0.393991443,0.500488759,0.769305963,0.272727273,0.721407625,0.134897361,0.500488759,-1.0,-1.0
2000,left,1,3,kettle+bunny+tulips,Z,./stimuli/B_cropped_v1117/kettle_bunny_tulip toy/IMG_3981.jpg,kettle,annotator2,9,SiteB,tulips,0.670794226,0.2198893,0.807211639,0.393991443,0.500488759,0.769305963,0.272727273,0.721407625,0.134897361,0.500488759,-1.0,-1.0
2001,left,1,3,kettle+bunny+tulips,Z,./stimuli/B_cropped_v1117/kettle_bunny_tulip toy/IMG_3982.jpg,bunny,annotator2,1,SiteB,tulips,0.676659329,0.217934266,0.813076741,0.392036409,0.500488759,0.769305963,0.284457478,0.579667644,0.134897361,0.500488759,-1.0,-1.0
2002,left,2,3,kettle+bunny+tulips,Z,./stimuli/B_cropped_v1117/kettle_bunny_tulip toy/IMG_3983.jpg,kettle,annotator2,16,SiteB,-1,0.713860584,0.191303733,0.863852026,0.377611223,0.671554252,0.769305963,0.335288368,0.569892473,0.078201369,0.467253177,-1.0,-1.0
2003,left,2,3,kettle+bunny+tulips,Z,./stimuli/B_cropped_v1117/kettle_bunny_tulip toy/IMG_3984.jpg,bunny,annotator2,11,SiteB,-1,0.704085412,0.194406752,0.854076855,0.374508204,0.69599218,0.769305963,0.335288368,0.548387097,0.036168133,0.500488759,-1.0,-1.0
2004,left,2,3,kettle+bunny+tulips,Z,./stimuli/B_cropped_v1117/kettle_bunny_tulip toy/IMG_3985.jpg,tulips,annotator2,18,SiteB,-1,0.710974899,0.197406407,0.853052471,0.371508549,0.703812317,0.769305963,0.359726295,0.548387097,0.10459433,0.467253177,-1.0,-1.0
2005,left,2,3,kettle+bunny+tulips,Z,./stimuli/B_cropped_v1117/kettle_bunny_tulip toy/IMG_3986.jpg,kettle,annotator2,9,SiteB,kettle,0.748995595,0.185438631,0.885413007,0.37174612,0.716520039,0.749755621,0.359726295,0.542521994,0.10459433,0.458455523,-1.0,-1.0
2006,left,2,3,kettle+bunny+tulips,Z,./stimuli/B_cropped_v1117/kettle_bunny_tulip toy/IMG_3987.jpg,bunny,annotator2,9,SiteB,kettle,0.752905663,0.19003279,0.889323076,0.378882166,0.716520039,0.769305963,0.359726295,0.542521994,0.105571848,0.458455523,-1.0,-1.0
2007,left,2,3,kettle+bunny+tulips,Z,./stimuli/B_cropped_v1117/kettle_bunny_tulip toy/IMG_3988.jpg,tulips,annotator2,15,SiteB,kettle,0.754860698,0.19003279,0.89127811,0.378882166,0.716520039,0.769305963,0.359726295,0.542521994,0.105571848,0.458455523,-1.0,-1.0
2008,left,2,3,kettle+bunny+tulips,Z,./stimuli/B_cropped_v1117/kettle_bunny_tulip toy/IMG_3989.jpg,bunny,annotator2,11,SiteB,bunny,0.726568306,0.191303733,0.876559749,0.377611223,0.716520039,0.769305963,0.359726295,0.542521994,0.105571848,0.458455523,-1.0,-1.0
2009,left,2,3,kettle+bunny+tulips,Z,./stimuli/B_cropped_v1117/kettle_bunny_tulip toy/IMG_3990.jpg,kettle,annotator2,17,SiteB,bunny,0.726568306,0.191303733,0.876559749,0.377611223,0.716520039,0.769305963,0.359726295,0.542521994,0.105571848,0.458455523,-1.0,-1.0
2010,left,2,3,kettle+bunny+tulips,Z,./stimuli/B_cropped_v1117/kettle_bunny_tulip toy/IMG_3991.jpg,tulips,annotator2,9,SiteB,bunny,0.726568306,0.193178145,0.876559749,0.375736811,0.716520039,0.769305963,0.359726295,0.542521994,0.105571848,0.458455523,-1.0,-1.0
2011,left,2,3,kettle+bunny+tulips,Z,./stimuli/B_cropped_v1117/kettle_bunny_tulip toy/IMG_3992.jpg,tulips,annotator2,6,SiteB,tulips,0.713860584,0.197406407,0.863852026,0.371508549,0.721407625,0.769305963,0.359726295,0.548387097,0.105571848,0.458455523,-1.0,-1.0
2012,left,2,3,kettle+bunny+tulips,Z,./stimuli/B_cropped_v1117/kettle_bunny_tulip toy/IMG_3993.jpg,kettle,annotator2,2,SiteB,tulips,0.710974899,0.201316475,0.853052471,0.375418618,0.716520039,0.769305963,0.359726295,0.542521994,0.109481916,0.458455523,-1.0,-1.0
2013,left,2,3,kettle+bunny+tulips,Z,./stimuli/B_cropped_v1117/kettle_bunny_tulip toy/IMG_3994.jpg,bunny,annotator2,18,SiteB,tulips,0.707017964,0.197406407,0.857009407,0.371508549,0.721407625,0.749755621,0.359726295,0.542521994,0.109481916,0.442815249,-1.0,-1.0
2014,left,3,3,kettle+bunny+tulips,Z,./stimuli/B_cropped_v1117/kettle_bunny_tulip toy/IMG_3995.jpg,kettle,annotator2,6,SiteB,-1,0.654062372,0.236507091,0.778977706,0.410609234,0.884652981,0.788856305,0.403714565,0.560117302,0.053763441,0.481915934,-1.0,-1.0
2015,left,3,3,kettle+bunny+tulips,Z,./stimuli/B_cropped_v1117/kettle_bunny_tulip toy/IMG_3996.jpg,bunny,annotator2,14,SiteB,-1,0.654062372,0.243187484,0.778977706,0.405883875,0.884652981,0.788856305,0.403714565,0.548387097,0.109481916,0.481915934,-1.0,-1.0
2016,left,3,3,kettle+bunny+tulips,Z,./stimuli/B_cropped_v1117/kettle_bunny_tulip toy/IMG_3997.jpg,tulips,annotator2,7,SiteB,-1,0.647209481,0.250412141,0.762370186,0.40452432,0.884652981,0.788856305,0.403714565,0.671554252,0.064516129,0.476050831,-1.0,-1.0
2017,left,3,3,kettle+bunny+tulips,Z,./stimuli/B_cropped_v1117/kettle_bunny_tulip toy/IMG_3998.jpg,kettle,annotator2,5,SiteB,kettle,0.685332649,0.248237296,0.800493353,0.422339439,0.88856305,0.788856305,0.403714565,0.671554252,0.070381232,0.470185728,-1.0,-1.0
2018,left,3,3,kettle+bunny+tulips,Z,./stimuli/B_cropped_v1117/kettle_bunny_tulip toy/IMG_3999.jpg,bunny,annotator2,15,SiteB,kettle,0.687287683,0.253940172,0.802448388,0.416636563,0.88856305,0.788856305,0.403714565,0.671554252,0.070381232,0.470185728,-1.0,-1.0
2019,left,3,3,kettle+bunny+tulips,Z,./stimuli/B_cropped_v1117/kettle_bunny_tulip toy/IMG_4001.jpg,tulips,annotator2,3,SiteB,kettle,0.685332649,0.248237296,0.800493353,0.422339439,0.884652981,0.788856305,0.403714565,0.569892473,0.070381232,0.481915934,-1.0,-1.0
2020,left,3,3,kettle+bunny+tulips,Z,./stimuli/B_cropped_v1117/kettle_bunny_tulip toy/IMG_4002.jpg,bunny,annotator2,18,SiteB,bunny,0.656797757,0.256872723,0.786017493,0.419569114,0.88856305,0.788856305,0.403714565,0.579667644,0.070381232,0.500488759,-1.0,-1.0
2021,left,3,3,kettle+bunny+tulips,Z,./stimuli/B_cropped_v1117/kettle_bunny_tulip toy/IMG_4003.jpg,kettle,annotator2,12,SiteB,bunny,0.663837544,0.256872723,0.788752877,0.419569114,0.88856305,0.788856305,0.405669599,0.579667644,0.078201369,0.481915934,-1.0,-1.0
2022,left,3,3,kettle+bunny+tulips,Z,./stimuli/B_cropped_v1117/kettle_bunny_tulip toy/IMG_4004.jpg,tulips,annotator2,5,SiteB,bunny,0.663837544,0.256872723,0.788752877,0.419569114,0.900293255,0.788856305,0.405669599,0.579667644,0.078201369,0.481915934,-1.0,-1.0
2023,left,3,3,kettle+bunny+tulips,Z,./stimuli/B_cropped_v1117/kettle_bunny_tulip toy/IMG_4005.jpg,tulips,annotator2,13,SiteB,tulips,0.638422099,0.278760137,0.763337432,0.432872316,0.884652981,0.788856305,0.403714565,0.721407625,0.070381232,0.500488759,-1.0,-1.0
2024,left,3,3,kettle+bunny+tulips,Z,./stimuli/B_cropped_v1117/kettle_bunny_tulip toy/IMG_4006.jpg,kettle,annotator2,17,SiteB,tulips,0.638422099,0.282670206,0.763337432,0.436782385,0.88856305,0.788856305,0.405669599,0.721407625,0.078201369,0.500488759,-1.0,-1.0
2025,left,3,3,kettle+bunny+tulips,Z,./stimuli/B_cropped_v1117/kettle_bunny_tulip toy/IMG_4007.jpg,bunny,annotator2,13,SiteB,tulips,0.638422099,0.282670206,0.763337432,0.436782385,0.88856305,0.788856305,0.405669599,0.721407625,0.078201369,0.500488759,-1.0,-1.0
2026,right,1,2,keys+remote control,Z,./stimuli/B_cropped_v1117/keys_remote2/IMG_3355.jpg,keys,annotator2,8,SiteB,-1,0.273846919,0.125137375,0.445605671,0.35971111,0.853372434,0.749755621,0.500488759,0.769305963,-1.0,-1.0,-1.0,-1.0
2027,right,1,2,keys+remote control,Z,./stimuli/B_cropped_v1117/keys_remote2/IMG_3356.jpg,remote control,annotator2,4,SiteB,-1,0.23531941,0.113466903,0.411796915,0.371381582,0.900293255,0.779081134,0.500488759,0.811339198,-1.0,-1.0,-1.0,-1.0
2028,right,1,2,keys+remote control,Z,./stimuli/B_cropped_v1117/keys_remote2/IMG_3357.jpg,keys,annotator2,8,SiteB,keys,0.235334135,0.168575066,0.425467429,0.433575471,0.866080156,0.853372434,0.500488759,0.890518084,-1.0,-1.0,-1.0,-1.0
2029,right,1,2,keys+remote control,Z,./stimuli/B_cropped_v1117/keys_remote2/IMG_3358.jpg,remote control,annotator2,11,SiteB,keys,0.235334135,0.175151264,0.425467429,0.434819411,0.866080156,0.853372434,0.500488759,0.890518084,-1.0,-1.0,-1.0,-1.0
2030,right,1,2,keys+remote control,Z,./stimuli/B_cropped_v1117/keys_remote2/IMG_3359.jpg,remote control,annotator2,7,SiteB,remote control,0.189390831,0.1667673,0.379524125,0.435383238,0.810361681,0.838709677,0.500488759,0.890518084,-1.0,-1.0,-1.0,-1.0
2031,right,1,2,keys+remote control,Z,./stimuli/B_cropped_v1117/keys_remote2/IMG_3360.jpg,keys,annotator2,4,SiteB,remote control,0.189390831,0.1667673,0.379524125,0.435383238,0.866080156,0.845552297,0.500488759,0.890518084,-1.0,-1.0,-1.0,-1.0
2032,right,2,2,keys+remote control,Z,./stimuli/B_cropped_v1117/keys_remote2/IMG_3361.jpg,keys,annotator2,15,SiteB,-1,0.218701619,0.175566062,0.395179124,0.426584476,0.884652981,0.827956989,0.250244379,0.853372434,-1.0,-1.0,-1.0,-1.0
2033,right,2,2,keys+remote control,Z,./stimuli/B_cropped_v1117/keys_remote2/IMG_3362.jpg,remote control,annotator2,2,SiteB,-1,0.200143519,0.166252827,0.390276813,0.424167505,0.900293255,0.788856305,0.250244379,0.853372434,-1.0,-1.0,-1.0,-1.0
2034,right,2,2,keys+remote control,Z,./stimuli/B_cropped_v1117/keys_remote2/IMG_3363.jpg,keys,annotator2,6,SiteB,keys,0.256824786,0.158948271,0.433302291,0.409966685,0.890518084,0.769305963,0.359726295,0.853372434,-1.0,-1.0,-1.0,-1.0
2035,right,2,2,keys+remote control,Z,./stimuli/B_cropped_v1117/keys_remote2/IMG_3364.jpg,remote control,annotator2,2,SiteB,keys,0.24022172,0.155500139,0.430355015,0.413414817,0.88856305,0.769305963,0.359726295,0.832844575,-1.0,-1.0,-1.0,-1.0
2036,right,2,2,keys+remote control,Z,./stimuli/B_cropped_v1117/keys_remote2/IMG_3365.jpg,remote control,annotator2,8,SiteB,remote control,0.202685464,0.155500139,0.387734869,0.413414817,0.900293255,0.779081134,0.335288368,0.849462366,-1.0,-1.0,-1.0,-1.0
2037,right,2,2,keys+remote control,Z,./stimuli/B_cropped_v1117/keys_remote2/IMG_3366.jpg,keys,annotator2,1,SiteB,remote control,0.202685464,0.155500139,0.387734869,0.413414817,0.900293255,0.782013685,0.359726295,0.853372434,-1.0,-1.0,-1.0,-1.0
2038,right,3,2,keys+remote control,Z,./stimuli/B_cropped_v1117/keys_remote2/IMG_3367.jpg,keys,annotator2,4,SiteB,-1,0.287532158,0.193886777,0.459290911,0.416083897,0.900293255,0.734115347,0.1485826,0.788856305,-1.0,-1.0,-1.0,-1.0
2039,right,3,2,keys+remote control,Z,./stimuli/B_cropped_v1117/keys_remote2/IMG_3368.jpg,remote control,annotator2,18,SiteB,-1,0.243736806,0.178685765,0.405334553,0.403914431,0.900293255,0.744868035,0.1485826,0.788856305,-1.0,-1.0,-1.0,-1.0
2040,right,3,2,keys+remote control,Z,./stimuli/B_cropped_v1117/keys_remote2/IMG_3369.jpg,keys,annotator2,-1,SiteB,keys,0.310207969,0.215430217,0.471805716,0.431686108,0.890518084,0.744868035,0.1485826,0.788856305,-1.0,-1.0,-1.0,-1.0
2041,right,3,2,keys+remote control,Z,./stimuli/B_cropped_v1117/keys_remote2/IMG_3370.jpg,remote control,annotator2,10,SiteB,keys,0.319005623,0.220317802,0.48060337,0.436573693,0.921798631,0.744868035,0.188660802,0.811339198,-1.0,-1.0,-1.0,-1.0
2042,right,3,2,keys+remote control,Z,./stimuli/B_cropped_v1117/keys_remote2/IMG_3371.jpg,remote control,annotator2,-1,SiteB,remote control,0.249601909,0.212459602,0.411199655,0.434656722,0.921798631,0.739002933,0.188660802,0.811339198,-1.0,-1.0,-1.0,-1.0
2043,right,3,2,keys+remote control,Z,./stimuli/B_cropped_v1117/keys_remote2/IMG_3372.jpg,keys,annotator2,5,SiteB,remote control,0.249601909,0.208549534,0.411199655,0.430746654,0.921798631,0.744868035,0.1485826,0.811339198,-1.0,-1.0,-1.0,-1.0
2044,front,1,2,keys+remote control,Z,./stimuli/B_cropped_v1117/keys_remote2/IMG_3373.jpg,keys,annotator2,5,SiteB,-1,0.401477656,0.071263091,0.599499861,0.351024299,0.632453568,0.890518084,0.250244379,0.811339198,-1.0,-1.0,-1.0,-1.0
2045,front,1,2,keys+remote control,Z,./stimuli/B_cropped_v1117/keys_remote2/IMG_3374.jpg,remote control,annotator2,4,SiteB,-1,0.401477656,0.080060745,0.599499861,0.359821953,0.671554252,0.890518084,0.250244379,0.853372434,-1.0,-1.0,-1.0,-1.0
2046,front,1,2,keys+remote control,Z,./stimuli/B_cropped_v1117/keys_remote2/IMG_3375.jpg,keys,annotator2,18,SiteB,keys,0.380984184,0.07524066,0.571117478,0.364642038,0.632453568,0.880742913,0.250244379,0.811339198,-1.0,-1.0,-1.0,-1.0
2047,front,1,2,keys+remote control,Z,./stimuli/B_cropped_v1117/keys_remote2/IMG_3376.jpg,remote control,annotator2,9,SiteB,keys,0.401477656,0.066443006,0.599499861,0.355844384,0.632453568,0.875855327,0.250244379,0.810361681,-1.0,-1.0,-1.0,-1.0
2048,front,1,2,keys+remote control,Z,./stimuli/B_cropped_v1117/keys_remote2/IMG_3377.jpg,remote control,annotator2,19,SiteB,remote control,0.419072964,0.06839804,0.617095169,0.357799418,0.671554252,0.884652981,0.284457478,0.811339198,-1.0,-1.0,-1.0,-1.0
2049,front,1,2,keys+remote control,Z,./stimuli/B_cropped_v1117/keys_remote2/IMG_3378.jpg,keys,annotator2,4,SiteB,remote control,0.405422111,0.085925847,0.595555406,0.365687056,0.671554252,0.890518084,0.284457478,0.811339198,-1.0,-1.0,-1.0,-1.0
2050,front,2,2,keys+remote control,Z,./stimuli/B_cropped_v1117/keys_remote2/IMG_3379.jpg,keys,annotator2,4,SiteB,-1,0.49442018,0.09475214,0.702060758,0.390096345,0.866080156,0.935483871,0.188660802,0.890518084,-1.0,-1.0,-1.0,-1.0
2051,front,2,2,keys+remote control,Z,./stimuli/B_cropped_v1117/keys_remote2/IMG_3380.jpg,remote control,annotator2,16,SiteB,-1,0.466072184,0.098662209,0.673712762,0.394006413,0.866080156,0.853372434,0.250244379,0.884652981,-1.0,-1.0,-1.0,-1.0
2052,front,2,2,keys+remote control,Z,./stimuli/B_cropped_v1117/keys_remote2/IMG_3381.jpg,keys,annotator2,15,SiteB,keys,0.490510112,0.09475214,0.69815069,0.390096345,0.866080156,0.921798631,0.188660802,0.890518084,-1.0,-1.0,-1.0,-1.0
2053,front,2,2,keys+remote control,Z,./stimuli/B_cropped_v1117/keys_remote2/IMG_3382.jpg,remote control,annotator2,18,SiteB,keys,0.49442018,0.09475214,0.702060758,0.390096345,0.866080156,0.853372434,0.188660802,0.890518084,-1.0,-1.0,-1.0,-1.0
2054,front,2,2,keys+remote control,Z,./stimuli/B_cropped_v1117/keys_remote2/IMG_3383.jpg,remote control,annotator2,13,SiteB,remote control,0.435124207,0.09475214,0.649919781,0.390096345,0.832844575,0.900293255,0.188660802,0.890518084,-1.0,-1.0,-1.0,-1.0
2055,front,2,2,keys+remote control,Z,./stimuli/B_cropped_v1117/keys_remote2/IMG_3384.jpg,keys,annotator2,13,SiteB,remote control,0.44098931,0.09475214,0.655784884,0.390096345,0.866080156,0.900293255,0.188660802,0.890518084,-1.0,-1.0,-1.0,-1.0
2056,front,3,2,keys+remote control,Z,./stimuli/B_cropped_v1117/keys_remote2/IMG_3385.jpg,keys,annotator2,18,SiteB,-1,0.448953448,0.225683258,0.598944891,0.439028375,0.900293255,0.764418377,0.11827957,0.788856305,-1.0,-1.0,-1.0,-1.0
2057,front,3,2,keys+remote control,Z,./stimuli/B_cropped_v1117/keys_remote2/IMG_3386.jpg,remote control,annotator2,6,SiteB,-1,0.423432669,0.224349012,0.577544848,0.430587449,0.900293255,0.751710655,0.109481916,0.782013685,-1.0,-1.0,-1.0,-1.0
2058,front,3,2,keys+remote control,Z,./stimuli/B_cropped_v1117/keys_remote2/IMG_3387.jpg,keys,annotator2,2,SiteB,keys,0.485121581,0.233694793,0.635113024,0.442747044,0.900293255,0.759530792,0.109481916,0.788856305,-1.0,-1.0,-1.0,-1.0
2059,front,3,2,keys+remote control,Z,./stimuli/B_cropped_v1117/keys_remote2/IMG_3388.jpg,remote control,annotator2,11,SiteB,keys,0.464942028,0.215430217,0.62010196,0.431686108,0.900293255,0.769305963,0.11827957,0.769305963,-1.0,-1.0,-1.0,-1.0
2060,front,3,2,keys+remote control,Z,./stimuli/B_cropped_v1117/keys_remote2/IMG_3389.jpg,remote control,annotator2,8,SiteB,remote control,0.419689885,0.225326529,0.581287632,0.431564966,0.900293255,0.739002933,0.11827957,0.782013685,-1.0,-1.0,-1.0,-1.0
2061,front,3,2,keys+remote control,Z,./stimuli/B_cropped_v1117/keys_remote2/IMG_3390.jpg,keys,annotator2,9,SiteB,remote control,0.40795968,0.225045348,0.569557426,0.429891113,0.900293255,0.769305963,0.11827957,0.782013685,-1.0,-1.0,-1.0,-1.0
2062,left,1,2,keys+remote control,Z,./stimuli/B_cropped_v1117/keys_remote2/IMG_3391.jpg,keys,annotator2,5,SiteB,-1,0.623452438,0.093628068,0.831093016,0.367760006,0.359726295,0.942326491,0.188660802,0.832844575,-1.0,-1.0,-1.0,-1.0
2063,left,1,2,keys+remote control,Z,./stimuli/B_cropped_v1117/keys_remote2/IMG_3392.jpg,remote control,annotator2,10,SiteB,-1,0.617508937,0.103887337,0.815531141,0.365320874,0.359726295,0.913000978,0.188660802,0.849462366,-1.0,-1.0,-1.0,-1.0
2064,left,1,2,keys+remote control,Z,./stimuli/B_cropped_v1117/keys_remote2/IMG_3393.jpg,keys,annotator2,3,SiteB,keys,0.617587336,0.12128704,0.825227914,0.379201718,0.391006843,0.923753666,0.188660802,0.849462366,-1.0,-1.0,-1.0,-1.0
2065,left,1,2,keys+remote control,Z,./stimuli/B_cropped_v1117/keys_remote2/IMG_3394.jpg,remote control,annotator2,2,SiteB,keys,0.569644985,0.117317238,0.75977828,0.351890973,0.359726295,0.853372434,0.188660802,0.782013685,-1.0,-1.0,-1.0,-1.0
2066,left,1,2,keys+remote control,Z,./stimuli/B_cropped_v1117/keys_remote2/IMG_3395.jpg,remote control,annotator2,12,SiteB,remote control,0.545207058,0.217347188,0.735340352,0.439544308,0.359726295,0.890518084,0.188660802,0.849462366,-1.0,-1.0,-1.0,-1.0
2067,left,1,2,keys+remote control,Z,./stimuli/B_cropped_v1117/keys_remote2/IMG_3396.jpg,keys,annotator2,5,SiteB,remote control,0.545207058,0.231032427,0.735340352,0.453229547,0.359726295,0.907135875,0.188660802,0.866080156,-1.0,-1.0,-1.0,-1.0
2068,left,2,2,keys+remote control,Z,./stimuli/B_cropped_v1117/keys_remote2/IMG_3397.jpg,keys,annotator2,12,SiteB,-1,0.591468131,0.142116434,0.757505476,0.358372325,0.481915934,0.739002933,0.188660802,0.69599218,-1.0,-1.0,-1.0,-1.0
2069,left,2,2,keys+remote control,Z,./stimuli/B_cropped_v1117/keys_remote2/IMG_3398.jpg,remote control,annotator2,14,SiteB,-1,0.530885753,0.185438631,0.687100562,0.37174612,0.438905181,0.739002933,0.11827957,0.704789834,-1.0,-1.0,-1.0,-1.0
2070,left,2,2,keys+remote control,Z,./stimuli/B_cropped_v1117/keys_remote2/IMG_3399.jpg,keys,annotator2,8,SiteB,keys,0.59368793,0.232865485,0.755285677,0.43771125,0.450635386,0.846529814,0.1485826,0.788856305,-1.0,-1.0,-1.0,-1.0
2071,left,2,2,keys+remote control,Z,./stimuli/B_cropped_v1117/keys_remote2/IMG_3400.jpg,remote control,annotator2,10,SiteB,keys,0.591468131,0.176329532,0.757505476,0.392585424,0.500488759,0.826979472,0.109481916,0.75659824,-1.0,-1.0,-1.0,-1.0
2072,left,2,2,keys+remote control,Z,./stimuli/B_cropped_v1117/keys_remote2/IMG_3401.jpg,remote control,annotator2,5,SiteB,remote control,0.585867793,0.185446376,0.74746554,0.38346858,0.458455523,0.801564027,0.188660802,0.72629521,-1.0,-1.0,-1.0,-1.0
2073,left,2,2,keys+remote control,Z,./stimuli/B_cropped_v1117/keys_remote2/IMG_3402.jpg,keys,annotator2,13,SiteB,remote control,0.585867793,0.188093789,0.74746554,0.380821167,0.470185728,0.796676442,0.188660802,0.721407625,-1.0,-1.0,-1.0,-1.0
2074,left,3,2,keys+remote control,Z,./stimuli/B_cropped_v1117/keys_remote2/IMG_3403.jpg,keys,annotator2,5,SiteB,-1,0.66211272,0.184111606,0.837398521,0.406308726,0.671554252,0.866080156,0.109481916,0.749755621,-1.0,-1.0,-1.0,-1.0
2075,left,3,2,keys+remote control,Z,./stimuli/B_cropped_v1117/keys_remote2/IMG_3404.jpg,remote control,annotator2,7,SiteB,-1,0.628878546,0.19934402,0.790476293,0.402806517,0.703812317,0.853372434,0.109481916,0.749755621,-1.0,-1.0,-1.0,-1.0
2076,left,3,2,keys+remote control,Z,./stimuli/B_cropped_v1117/keys_remote2/IMG_3405.jpg,keys,annotator2,9,SiteB,keys,0.630640663,0.215430217,0.802399415,0.431686108,0.666666667,0.853372434,0.11827957,0.762463343,-1.0,-1.0,-1.0,-1.0
2077,left,3,2,keys+remote control,Z,./stimuli/B_cropped_v1117/keys_remote2/IMG_3406.jpg,remote control,annotator2,-1,SiteB,keys,0.6376762,0.189976709,0.799273946,0.412173829,0.666666667,0.832844575,0.11827957,0.739002933,-1.0,-1.0,-1.0,-1.0
2078,left,3,2,keys+remote control,Z,./stimuli/B_cropped_v1117/keys_remote2/IMG_3407.jpg,remote control,annotator2,13,SiteB,remote control,0.590755379,0.237931128,0.752353125,0.426780504,0.660801564,0.845552297,0.11827957,0.72629521,-1.0,-1.0,-1.0,-1.0
2079,left,3,2,keys+remote control,Z,./stimuli/B_cropped_v1117/keys_remote2/IMG_3408.jpg,keys,annotator2,9,SiteB,remote control,0.585867793,0.2477063,0.74746554,0.436555675,0.666666667,0.853372434,0.109481916,0.744868035,-1.0,-1.0,-1.0,-1.0
2080,right,1,4,pen holder+bunny+tulips+kettle,Z,./stimuli/B_cropped_v1117/pens_bunny_tulip toy_kettle/IMG_4008.jpg,pen holder,annotator2,10,SiteB,-1,0.187786713,0.188541649,0.312702046,0.368643102,0.921798631,0.590420332,0.744868035,0.500488759,0.500488759,0.500488759,0.359726295,0.721407625
2081,right,1,4,pen holder+bunny+tulips+kettle,Z,./stimuli/B_cropped_v1117/pens_bunny_tulip toy_kettle/IMG_4009.jpg,bunny,annotator2,5,SiteB,-1,0.168667481,0.207114474,0.30054073,0.387215927,0.849462366,0.602150538,0.744868035,0.542521994,0.500488759,0.515151515,0.359726295,0.721407625
2082,right,1,4,pen holder+bunny+tulips+kettle,Z,./stimuli/B_cropped_v1117/pens_bunny_tulip toy_kettle/IMG_4010.jpg,tulips,annotator2,18,SiteB,-1,0.164757412,0.216889645,0.296630662,0.396991098,0.853372434,0.619745846,0.744868035,0.542521994,0.500488759,0.542521994,0.359726295,0.721407625
2083,right,1,4,pen holder+bunny+tulips+kettle,Z,./stimuli/B_cropped_v1117/pens_bunny_tulip toy_kettle/IMG_4011.jpg,kettle,annotator2,19,SiteB,-1,0.139855228,0.233507436,0.305892572,0.413608888,0.845552297,0.629521017,0.744868035,0.548387097,0.500488759,0.542521994,0.359726295,0.769305963
2084,right,1,4,pen holder+bunny+tulips+kettle,Z,./stimuli/B_cropped_v1117/pens_bunny_tulip toy_kettle/IMG_4012.jpg,pen holder,annotator2,14,SiteB,pen holder,0.187786713,0.255079916,0.312702046,0.429182059,0.91202346,0.632453568,0.744868035,0.579667644,0.500488759,0.548387097,0.335288368,0.769305963
2085,right,1,4,pen holder+bunny+tulips+kettle,Z,./stimuli/B_cropped_v1117/pens_bunny_tulip toy_kettle/IMG_4013.jpg,bunny,annotator2,0,SiteB,pen holder,0.1919284,0.224776886,0.353526146,0.398879028,0.853372434,0.608993157,0.744868035,0.542521994,0.500488759,0.523949169,0.359726295,0.744868035
2086,right,1,4,pen holder+bunny+tulips+kettle,Z,./stimuli/B_cropped_v1117/pens_bunny_tulip toy_kettle/IMG_4014.jpg,tulips,annotator2,3,SiteB,pen holder,0.190888932,0.224776886,0.340880374,0.398879028,0.853372434,0.613880743,0.744868035,0.542521994,0.500488759,0.525904203,0.359726295,0.721407625
2087,right,1,4,pen holder+bunny+tulips+kettle,Z,./stimuli/B_cropped_v1117/pens_bunny_tulip toy_kettle/IMG_4015.jpg,kettle,annotator2,14,SiteB,pen holder,0.184307754,0.230641988,0.316181004,0.404744131,0.913000978,0.629521017,0.744868035,0.548387097,0.500488759,0.542521994,0.335288368,0.744868035
2088,right,1,4,pen holder+bunny+tulips+kettle,Z,./stimuli/B_cropped_v1117/pens_bunny_tulip toy_kettle/IMG_4016.jpg,bunny,annotator2,7,SiteB,bunny,0.187786713,0.236507091,0.312702046,0.410609234,0.913000978,0.632453568,0.744868035,0.548387097,0.500488759,0.542521994,0.335288368,0.769305963
2089,right,1,4,pen holder+bunny+tulips+kettle,Z,./stimuli/B_cropped_v1117/pens_bunny_tulip toy_kettle/IMG_4017.jpg,pen holder,annotator2,14,SiteB,bunny,0.187786713,0.240417159,0.312702046,0.414519302,0.845552297,0.629521017,0.744868035,0.548387097,0.500488759,0.542521994,0.335288368,0.769305963
2090,right,1,4,pen holder+bunny+tulips+kettle,Z,./stimuli/B_cropped_v1117/pens_bunny_tulip toy_kettle/IMG_4018.jpg,tulips,annotator2,19,SiteB,bunny,0.187786713,0.240417159,0.312702046,0.414519302,0.913000978,0.632453568,0.744868035,0.548387097,0.500488759,0.542521994,0.335288368,0.769305963
2091,right,1,4,pen holder+bunny+tulips+kettle,Z,./stimuli/B_cropped_v1117/pens_bunny_tulip toy_kettle/IMG_4019.jpg,kettle,annotator2,4,SiteB,bunny,0.187786713,0.207114474,0.312702046,0.387215927,0.913000978,0.602150538,0.744868035,0.500488759,0.500488759,0.515151515,0.359726295,0.721407625
2092,right,1,4,pen holder+bunny+tulips+kettle,Z,./stimuli/B_cropped_v1117/pens_bunny_tulip toy_kettle/IMG_4020.jpg,tulips,annotator2,5,SiteB,tulips,0.163403411,0.207921524,0.297984664,0.394229014,0.853372434,0.602150538,0.744868035,0.500488759,0.500488759,0.500488759,0.335288368,0.721407625
2093,right,1,4,pen holder+bunny+tulips+kettle,Z,./stimuli/B_cropped_v1117/pens_bunny_tulip toy_kettle/IMG_4021.jpg,pen holder,annotator2,19,SiteB,tulips,0.162021605,0.20515944,0.29936647,0.385260892,0.913000978,0.594330401,0.744868035,0.500488759,0.500488759,0.500488759,0.359726295,0.721407625
2094,right,1,4,pen holder+bunny+tulips+kettle,Z,./stimuli/B_cropped_v1117/pens_bunny_tulip toy_kettle/IMG_4022.jpg,bunny,annotator2,6,SiteB,tulips,0.155698316,0.200271854,0.305689759,0.380373307,0.853372434,0.594330401,0.744868035,0.500488759,0.500488759,0.500488759,0.359726295,0.721407625
2095,right,1,4,pen holder+bunny+tulips+kettle,Z,./stimuli/B_cropped_v1117/pens_bunny_tulip toy_kettle/IMG_4023.jpg,kettle,annotator2,1,SiteB,tulips,0.147675365,0.19831682,0.313712709,0.378418273,0.849462366,0.590420332,0.744868035,0.500488759,0.500488759,0.500488759,0.359726295,0.721407625
2096,right,1,4,pen holder+bunny+tulips+kettle,Z,./stimuli/B_cropped_v1117/pens_bunny_tulip toy_kettle/IMG_4024.jpg,kettle,annotator2,3,SiteB,kettle,0.148686028,0.195897893,0.273601362,0.384747268,0.907135875,0.588465298,0.744868035,0.500488759,0.500488759,0.500488759,0.335288368,0.721407625
2097,right,1,4,pen holder+bunny+tulips+kettle,Z,./stimuli/B_cropped_v1117/pens_bunny_tulip toy_kettle/IMG_4025.jpg,pen holder,annotator2,12,SiteB,kettle,0.163348785,0.217403269,0.288264118,0.406252645,0.853372434,0.602150538,0.744868035,0.542521994,0.500488759,0.500488759,0.335288368,0.721407625
2098,right,1,4,pen holder+bunny+tulips+kettle,Z,./stimuli/B_cropped_v1117/pens_bunny_tulip toy_kettle/IMG_4026.jpg,bunny,annotator2,14,SiteB,kettle,0.163348785,0.218674212,0.288264118,0.404981702,0.853372434,0.602150538,0.744868035,0.542521994,0.500488759,0.515151515,0.359726295,0.721407625
2099,right,1,4,pen holder+bunny+tulips+kettle,Z,./stimuli/B_cropped_v1117/pens_bunny_tulip toy_kettle/IMG_4027.jpg,tulips,annotator2,16,SiteB,kettle,0.163348785,0.224776886,0.288264118,0.398879028,0.853372434,0.602150538,0.744868035,0.542521994,0.500488759,0.523949169,0.359726295,0.721407625
2100,right,2,4,pen holder+bunny+tulips+kettle,Z,./stimuli/B_cropped_v1117/pens_bunny_tulip toy_kettle/IMG_4029.jpg,pen holder,annotator2,9,SiteB,-1,0.187786713,0.178833582,0.312702046,0.352935724,0.913000978,0.569892473,0.744868035,0.500488759,0.51026393,0.470185728,0.188660802,0.721407625
2101,right,2,4,pen holder+bunny+tulips+kettle,Z,./stimuli/B_cropped_v1117/pens_bunny_tulip toy_kettle/IMG_4030.jpg,bunny,annotator2,17,SiteB,-1,0.154004724,0.175833927,0.285877974,0.355935379,0.900293255,0.560117302,0.744868035,0.500488759,0.500488759,0.467253177,0.188660802,0.721407625
2102,right,2,4,pen holder+bunny+tulips+kettle,Z,./stimuli/B_cropped_v1117/pens_bunny_tulip toy_kettle/IMG_4031.jpg,tulips,annotator2,12,SiteB,-1,0.142471263,0.175833927,0.279816128,0.355935379,0.890518084,0.569892473,0.744868035,0.500488759,0.500488759,0.470185728,0.165200391,0.721407625
2103,right,2,4,pen holder+bunny+tulips+kettle,Z,./stimuli/B_cropped_v1117/pens_bunny_tulip toy_kettle/IMG_4032.jpg,kettle,annotator2,4,SiteB,-1,0.142820926,0.182676547,0.267736259,0.362777999,0.900293255,0.579667644,0.744868035,0.500488759,0.500488759,0.476050831,0.165200391,0.721407625
2104,right,2,4,pen holder+bunny+tulips+kettle,Z,./stimuli/B_cropped_v1117/pens_bunny_tulip toy_kettle/IMG_4033.jpg,pen holder,annotator2,12,SiteB,pen holder,0.155698316,0.197406407,0.305689759,0.371508549,0.89540567,0.579667644,0.744868035,0.500488759,0.500488759,0.476050831,0.1485826,0.721407625
2105,right,2,4,pen holder+bunny+tulips+kettle,Z,./stimuli/B_cropped_v1117/pens_bunny_tulip toy_kettle/IMG_4034.jpg,bunny,annotator2,18,SiteB,pen holder,0.155698316,0.197406407,0.305689759,0.371508549,0.900293255,0.569892473,0.744868035,0.500488759,0.500488759,0.470185728,0.1485826,0.721407625
2106,right,2,4,pen holder+bunny+tulips+kettle,Z,./stimuli/B_cropped_v1117/pens_bunny_tulip toy_kettle/IMG_4035.jpg,tulips,annotator2,9,SiteB,pen holder,0.192664027,0.191541304,0.307824732,0.365643447,0.900293255,0.579667644,0.744868035,0.500488759,0.500488759,0.470185728,0.1485826,0.721407625
2107,right,2,4,pen holder+bunny+tulips+kettle,Z,./stimuli/B_cropped_v1117/pens_bunny_tulip toy_kettle/IMG_4036.jpg,kettle,annotator2,0,SiteB,pen holder,0.155698316,0.197406407,0.305689759,0.371508549,0.89540567,0.569892473,0.744868035,0.500488759,0.500488759,0.470185728,0.1485826,0.721407625
2108,right,2,4,pen holder+bunny+tulips+kettle,Z,./stimuli/B_cropped_v1117/pens_bunny_tulip toy_kettle/IMG_4037.jpg,bunny,annotator2,17,SiteB,bunny,0.154767666,0.197406407,0.296845237,0.371508549,0.900293255,0.569892473,0.744868035,0.500488759,0.500488759,0.470185728,0.1485826,0.721407625
2109,right,2,4,pen holder+bunny+tulips+kettle,Z,./stimuli/B_cropped_v1117/pens_bunny_tulip toy_kettle/IMG_4038.jpg,pen holder,annotator2,18,SiteB,bunny,0.157597745,0.197406407,0.294015158,0.371508549,0.900293255,0.569892473,0.744868035,0.500488759,0.500488759,0.470185728,0.1485826,0.721407625
2110,right,2,4,pen holder+bunny+tulips+kettle,Z,./stimuli/B_cropped_v1117/pens_bunny_tulip toy_kettle/IMG_4039.jpg,tulips,annotator2,15,SiteB,bunny,0.157597745,0.197406407,0.294015158,0.371508549,0.89540567,0.560117302,0.744868035,0.500488759,0.500488759,0.470185728,0.1485826,0.721407625
2111,right,2,4,pen holder+bunny+tulips+kettle,Z,./stimuli/B_cropped_v1117/pens_bunny_tulip toy_kettle/IMG_4040.jpg,kettle,annotator2,13,SiteB,bunny,0.154605757,0.197406407,0.28918701,0.371508549,0.89540567,0.569892473,0.744868035,0.500488759,0.500488759,0.476050831,0.1485826,0.744868035
2112,right,2,4,pen holder+bunny+tulips+kettle,Z,./stimuli/B_cropped_v1117/pens_bunny_tulip toy_kettle/IMG_4041.jpg,tulips,annotator2,15,SiteB,tulips,0.148686028,0.197406407,0.273601362,0.371508549,0.900293255,0.579667644,0.744868035,0.500488759,0.500488759,0.481915934,0.165200391,0.721407625
2113,right,2,4,pen holder+bunny+tulips+kettle,Z,./stimuli/B_cropped_v1117/pens_bunny_tulip toy_kettle/IMG_4042.jpg,pen holder,annotator2,13,SiteB,tulips,0.148686028,0.197406407,0.273601362,0.371508549,0.900293255,0.579667644,0.744868035,0.500488759,0.500488759,0.481915934,0.165200391,0.721407625
2114,right,2,4,pen holder+bunny+tulips+kettle,Z,./stimuli/B_cropped_v1117/pens_bunny_tulip toy_kettle/IMG_4043.jpg,bunny,annotator2,17,SiteB,tulips,0.150641063,0.197406407,0.275556396,0.371508549,0.900293255,0.579667644,0.744868035,0.500488759,0.500488759,0.481915934,0.188660802,0.744868035
2115,right,2,4,pen holder+bunny+tulips+kettle,Z,./stimuli/B_cropped_v1117/pens_bunny_tulip toy_kettle/IMG_4044.jpg,kettle,annotator2,3,SiteB,tulips,0.146900662,0.205226543,0.296892105,0.379328686,0.913000978,0.579667644,0.749755621,0.500488759,0.500488759,0.500488759,0.188660802,0.744868035
2116,right,2,4,pen holder+bunny+tulips+kettle,Z,./stimuli/B_cropped_v1117/pens_bunny_tulip toy_kettle/IMG_4045.jpg,kettle,annotator2,2,SiteB,kettle,0.14520707,0.217934266,0.27708032,0.392036409,0.907135875,0.590420332,0.744868035,0.500488759,0.500488759,0.500488759,0.188660802,0.769305963
2117,right,2,4,pen holder+bunny+tulips+kettle,Z,./stimuli/B_cropped_v1117/pens_bunny_tulip toy_kettle/IMG_4046.jpg,pen holder,annotator2,6,SiteB,kettle,0.157483682,0.212515684,0.282399016,0.401365059,0.875855327,0.590420332,0.769305963,0.500488759,0.520039101,0.500488759,0.188660802,0.744868035
2118,right,2,4,pen holder+bunny+tulips+kettle,Z,./stimuli/B_cropped_v1117/pens_bunny_tulip toy_kettle/IMG_4047.jpg,bunny,annotator2,15,SiteB,kettle,0.157483682,0.215464268,0.282399016,0.408191646,0.928641251,0.579667644,0.769305963,0.500488759,0.500488759,0.500488759,0.188660802,0.744868035
2119,right,2,4,pen holder+bunny+tulips+kettle,Z,./stimuli/B_cropped_v1117/pens_bunny_tulip toy_kettle/IMG_4048.jpg,tulips,annotator2,11,SiteB,kettle,0.155528648,0.206650581,0.280443981,0.395499957,0.866080156,0.579667644,0.769305963,0.500488759,0.500488759,0.481915934,0.188660802,0.744868035
2120,right,3,4,pen holder+bunny+tulips+kettle,Z,./stimuli/B_cropped_v1117/pens_bunny_tulip toy_kettle/IMG_4049.jpg,pen holder,annotator2,6,SiteB,-1,0.221999811,0.244862662,0.346915145,0.412028834,0.928641251,0.595307918,0.788856305,0.632453568,0.500488759,0.500488759,0.105571848,0.769305963
2121,right,3,4,pen holder+bunny+tulips+kettle,Z,./stimuli/B_cropped_v1117/pens_bunny_tulip toy_kettle/IMG_4050.jpg,bunny,annotator2,5,SiteB,-1,0.226877126,0.240417159,0.34203783,0.414519302,0.923753666,0.590420332,0.788856305,0.632453568,0.500488759,0.500488759,0.105571848,0.769305963
2122,right,3,4,pen holder+bunny+tulips+kettle,Z,./stimuli/B_cropped_v1117/pens_bunny_tulip toy_kettle/IMG_4051.jpg,tulips,annotator2,5,SiteB,-1,0.213964514,0.247097552,0.331490032,0.409793943,0.921798631,0.590420332,0.788856305,0.632453568,0.500488759,0.500488759,0.105571848,0.769305963
2123,right,3,4,pen holder+bunny+tulips+kettle,Z,./stimuli/B_cropped_v1117/pens_bunny_tulip toy_kettle/IMG_4052.jpg,kettle,annotator2,8,SiteB,-1,0.203426986,0.244862662,0.32834232,0.412028834,0.921798631,0.579667644,0.788856305,0.542521994,0.500488759,0.500488759,0.105571848,0.769305963
2124,right,3,4,pen holder+bunny+tulips+kettle,Z,./stimuli/B_cropped_v1117/pens_bunny_tulip toy_kettle/IMG_4053.jpg,pen holder,annotator2,19,SiteB,pen holder,0.248968879,0.260782792,0.355136693,0.423479183,0.921798631,0.594330401,0.788856305,0.632453568,0.500488759,0.515151515,0.105571848,0.769305963
2125,right,3,4,pen holder+bunny+tulips+kettle,Z,./stimuli/B_cropped_v1117/pens_bunny_tulip toy_kettle/IMG_4054.jpg,bunny,annotator2,6,SiteB,pen holder,0.252302842,0.278760137,0.377218175,0.432872316,0.935483871,0.613880743,0.788856305,0.632453568,0.500488759,0.542521994,0.105571848,0.788856305
2126,right,3,4,pen holder+bunny+tulips+kettle,Z,./stimuli/B_cropped_v1117/pens_bunny_tulip toy_kettle/IMG_4055.jpg,tulips,annotator2,1,SiteB,pen holder,0.254247605,0.260782792,0.369408309,0.423479183,0.942326491,0.590420332,0.788856305,0.632453568,0.500488759,0.515151515,0.105571848,0.788856305
2127,right,3,4,pen holder+bunny+tulips+kettle,Z,./stimuli/B_cropped_v1117/pens_bunny_tulip toy_kettle/IMG_4056.jpg,kettle,annotator2,0,SiteB,pen holder,0.254247605,0.260782792,0.369408309,0.423479183,0.942326491,0.595307918,0.788856305,0.632453568,0.500488759,0.515151515,0.105571848,0.769305963
2128,right,3,4,pen holder+bunny+tulips+kettle,Z,./stimuli/B_cropped_v1117/pens_bunny_tulip toy_kettle/IMG_4057.jpg,bunny,annotator2,5,SiteB,bunny,0.244472433,0.263715343,0.359633138,0.426411734,0.942326491,0.595307918,0.788856305,0.632453568,0.500488759,0.515151515,0.105571848,0.769305963
2129,right,3,4,pen holder+bunny+tulips+kettle,Z,./stimuli/B_cropped_v1117/pens_bunny_tulip toy_kettle/IMG_4058.jpg,pen holder,annotator2,16,SiteB,bunny,0.248968879,0.263715343,0.355136693,0.426411734,0.942326491,0.595307918,0.788856305,0.632453568,0.500488759,0.515151515,0.105571848,0.769305963
2130,right,3,4,pen holder+bunny+tulips+kettle,Z,./stimuli/B_cropped_v1117/pens_bunny_tulip toy_kettle/IMG_4059.jpg,tulips,annotator2,9,SiteB,bunny,0.233719745,0.263715343,0.34888045,0.426411734,0.942326491,0.595307918,0.788856305,0.632453568,0.500488759,0.523949169,0.105571848,0.788856305
2131,right,3,4,pen holder+bunny+tulips+kettle,Z,./stimuli/B_cropped_v1117/pens_bunny_tulip toy_kettle/IMG_4060.jpg,kettle,annotator2,13,SiteB,bunny,0.244472433,0.253940172,0.359633138,0.416636563,0.942326491,0.579667644,0.811339198,0.542521994,0.500488759,0.500488759,0.105571848,0.769305963
2132,right,3,4,pen holder+bunny+tulips+kettle,Z,./stimuli/B_cropped_v1117/pens_bunny_tulip toy_kettle/IMG_4061.jpg,tulips,annotator2,2,SiteB,tulips,0.213202157,0.253940172,0.338117491,0.416636563,0.942326491,0.579667644,0.788856305,0.632453568,0.500488759,0.500488759,0.105571848,0.769305963
2133,right,3,4,pen holder+bunny+tulips+kettle,Z,./stimuli/B_cropped_v1117/pens_bunny_tulip toy_kettle/IMG_4062.jpg,pen holder,annotator2,18,SiteB,tulips,0.221012023,0.256872723,0.336172728,0.419569114,0.942326491,0.595307918,0.811339198,0.632453568,0.500488759,0.515151515,0.105571848,0.769305963
2134,right,3,4,pen holder+bunny+tulips+kettle,Z,./stimuli/B_cropped_v1117/pens_bunny_tulip toy_kettle/IMG_4063.jpg,bunny,annotator2,10,SiteB,tulips,0.208117405,0.260782792,0.337337141,0.423479183,0.942326491,0.595307918,0.788856305,0.632453568,0.500488759,0.515151515,0.105571848,0.769305963
2135,right,3,4,pen holder+bunny+tulips+kettle,Z,./stimuli/B_cropped_v1117/pens_bunny_tulip toy_kettle/IMG_4064.jpg,kettle,annotator2,10,SiteB,tulips,0.210269606,0.263715343,0.335184939,0.426411734,0.942326491,0.595307918,0.788856305,0.632453568,0.500488759,0.523949169,0.105571848,0.769305963
2136,right,3,4,pen holder+bunny+tulips+kettle,Z,./stimuli/B_cropped_v1117/pens_bunny_tulip toy_kettle/IMG_4065.jpg,kettle,annotator2,15,SiteB,kettle,0.192664027,0.268765155,0.307824732,0.442867298,0.942326491,0.594330401,0.788856305,0.632453568,0.500488759,0.523949169,0.105571848,0.788856305
2137,right,3,4,pen holder+bunny+tulips+kettle,Z,./stimuli/B_cropped_v1117/pens_bunny_tulip toy_kettle/IMG_4066.jpg,pen holder,annotator2,2,SiteB,kettle,0.188208472,0.2783781,0.312280286,0.441074491,0.935483871,0.602150538,0.788856305,0.671554252,0.500488759,0.523949169,0.105571848,0.788856305
2138,right,3,4,pen holder+bunny+tulips+kettle,Z,./stimuli/B_cropped_v1117/pens_bunny_tulip toy_kettle/IMG_4067.jpg,bunny,annotator2,7,SiteB,kettle,0.204394232,0.272675224,0.319554937,0.446777367,0.942326491,0.608993157,0.788856305,0.632453568,0.500488759,0.523949169,0.105571848,0.788856305
2139,right,3,4,pen holder+bunny+tulips+kettle,Z,./stimuli/B_cropped_v1117/pens_bunny_tulip toy_kettle/IMG_4068.jpg,tulips,annotator2,11,SiteB,kettle,0.199301757,0.2783781,0.316827275,0.441074491,0.935483871,0.613880743,0.788856305,0.632453568,0.500488759,0.542521994,0.105571848,0.788856305
2140,front,1,4,pen holder+bunny+tulips+kettle,Z,./stimuli/B_cropped_v1117/pens_bunny_tulip toy_kettle/IMG_4069.jpg,pen holder,annotator2,17,SiteB,-1,0.4176729,0.236277265,0.567664343,0.43429947,0.769305963,0.716520039,0.579667644,0.671554252,0.359726295,0.523949169,0.105571848,0.769305963
2141,front,1,4,pen holder+bunny+tulips+kettle,Z,./stimuli/B_cropped_v1117/pens_bunny_tulip toy_kettle/IMG_4070.jpg,bunny,annotator2,17,SiteB,-1,0.419627934,0.212337626,0.569619377,0.417183391,0.782013685,0.69599218,0.602150538,0.671554252,0.373411535,0.500488759,0.105571848,0.721407625
2142,front,1,4,pen holder+bunny+tulips+kettle,Z,./stimuli/B_cropped_v1117/pens_bunny_tulip toy_kettle/IMG_4071.jpg,tulips,annotator2,16,SiteB,-1,0.406920212,0.206753704,0.556911655,0.412992141,0.782013685,0.686217009,0.602150538,0.671554252,0.373411535,0.500488759,0.105571848,0.744868035
2143,front,1,4,pen holder+bunny+tulips+kettle,Z,./stimuli/B_cropped_v1117/pens_bunny_tulip toy_kettle/IMG_4072.jpg,kettle,annotator2,11,SiteB,-1,0.414787216,0.209405075,0.556864788,0.414250839,0.788856305,0.69599218,0.602150538,0.632453568,0.382209189,0.500488759,0.105571848,0.721407625
2144,front,1,4,pen holder+bunny+tulips+kettle,Z,./stimuli/B_cropped_v1117/pens_bunny_tulip toy_kettle/IMG_4073.jpg,pen holder,annotator2,11,SiteB,pen holder,0.425493037,0.211360109,0.57548448,0.416205874,0.788856305,0.686217009,0.602150538,0.671554252,0.373411535,0.500488759,0.105571848,0.721407625
2145,front,1,4,pen holder+bunny+tulips+kettle,Z,./stimuli/B_cropped_v1117/pens_bunny_tulip toy_kettle/IMG_4074.jpg,bunny,annotator2,5,SiteB,pen holder,0.446942809,0.209405075,0.583360221,0.414250839,0.788856305,0.671554252,0.602150538,0.671554252,0.373411535,0.500488759,0.105571848,0.721407625
2146,front,1,4,pen holder+bunny+tulips+kettle,Z,./stimuli/B_cropped_v1117/pens_bunny_tulip toy_kettle/IMG_4075.jpg,tulips,annotator2,13,SiteB,pen holder,0.446942809,0.209405075,0.583360221,0.414250839,0.788856305,0.671554252,0.602150538,0.671554252,0.382209189,0.500488759,0.105571848,0.721407625
2147,front,1,4,pen holder+bunny+tulips+kettle,Z,./stimuli/B_cropped_v1117/pens_bunny_tulip toy_kettle/IMG_4076.jpg,kettle,annotator2,14,SiteB,pen holder,0.44554215,0.209405075,0.58476088,0.414250839,0.788856305,0.671554252,0.602150538,0.671554252,0.382209189,0.500488759,0.105571848,0.721407625
2148,front,1,4,pen holder+bunny+tulips+kettle,Z,./stimuli/B_cropped_v1117/pens_bunny_tulip toy_kettle/IMG_4077.jpg,bunny,annotator2,2,SiteB,bunny,0.425493037,0.217225211,0.57548448,0.422070976,0.788856305,0.686217009,0.602150538,0.671554252,0.373411535,0.500488759,0.105571848,0.744868035
2149,front,1,4,pen holder+bunny+tulips+kettle,Z,./stimuli/B_cropped_v1117/pens_bunny_tulip toy_kettle/IMG_4078.jpg,pen holder,annotator2,18,SiteB,bunny,0.440155794,0.224349012,0.590147237,0.430587449,0.788856305,0.674486804,0.602150538,0.671554252,0.39198436,0.500488759,0.109481916,0.744868035
2150,front,1,4,pen holder+bunny+tulips+kettle,Z,./stimuli/B_cropped_v1117/pens_bunny_tulip toy_kettle/IMG_4079.jpg,tulips,annotator2,10,SiteB,bunny,0.429465056,0.226022865,0.591062803,0.43086863,0.788856305,0.686217009,0.602150538,0.671554252,0.39198436,0.500488759,0.109481916,0.744868035
2151,front,1,4,pen holder+bunny+tulips+kettle,Z,./stimuli/B_cropped_v1117/pens_bunny_tulip toy_kettle/IMG_4080.jpg,kettle,annotator2,5,SiteB,bunny,0.425493037,0.225045348,0.57548448,0.429891113,0.801564027,0.693059629,0.602150538,0.671554252,0.302052786,0.548387097,0.105571848,0.744868035
2152,front,1,4,pen holder+bunny+tulips+kettle,Z,./stimuli/B_cropped_v1117/pens_bunny_tulip toy_kettle/IMG_4081.jpg,tulips,annotator2,2,SiteB,tulips,0.39666847,0.217225211,0.604309047,0.422070976,0.801564027,0.693059629,0.602150538,0.671554252,0.302052786,0.542521994,0.105571848,0.721407625
2153,front,1,4,pen holder+bunny+tulips+kettle,Z,./stimuli/B_cropped_v1117/pens_bunny_tulip toy_kettle/IMG_4082.jpg,pen holder,annotator2,8,SiteB,tulips,0.425493037,0.22113528,0.57548448,0.425981045,0.788856305,0.686217009,0.602150538,0.671554252,0.39198436,0.500488759,0.109481916,0.744868035
2154,front,1,4,pen holder+bunny+tulips+kettle,Z,./stimuli/B_cropped_v1117/pens_bunny_tulip toy_kettle/IMG_4083.jpg,bunny,annotator2,11,SiteB,tulips,0.39666847,0.22113528,0.604309047,0.425981045,0.801564027,0.693059629,0.602150538,0.671554252,0.382209189,0.500488759,0.105571848,0.721407625
2155,front,1,4,pen holder+bunny+tulips+kettle,Z,./stimuli/B_cropped_v1117/pens_bunny_tulip toy_kettle/IMG_4084.jpg,kettle,annotator2,12,SiteB,tulips,0.422908792,0.22113528,0.578068725,0.425981045,0.801564027,0.693059629,0.602150538,0.671554252,0.302052786,0.542521994,0.105571848,0.744868035
2156,front,1,4,pen holder+bunny+tulips+kettle,Z,./stimuli/B_cropped_v1117/pens_bunny_tulip toy_kettle/IMG_4085.jpg,kettle,annotator2,11,SiteB,kettle,0.406920212,0.226022865,0.556911655,0.43086863,0.801564027,0.693059629,0.602150538,0.671554252,0.302052786,0.542521994,0.105571848,0.721407625
2157,front,1,4,pen holder+bunny+tulips+kettle,Z,./stimuli/B_cropped_v1117/pens_bunny_tulip toy_kettle/IMG_4086.jpg,pen holder,annotator2,7,SiteB,kettle,0.409852763,0.23138968,0.559844206,0.429411884,0.801564027,0.69599218,0.602150538,0.671554252,0.382209189,0.500488759,0.109481916,0.744868035
2158,front,1,4,pen holder+bunny+tulips+kettle,Z,./stimuli/B_cropped_v1117/pens_bunny_tulip toy_kettle/IMG_4087.jpg,bunny,annotator2,11,SiteB,kettle,0.409852763,0.226022865,0.559844206,0.43086863,0.801564027,0.693059629,0.602150538,0.671554252,0.382209189,0.500488759,0.105571848,0.721407625
2159,front,1,4,pen holder+bunny+tulips+kettle,Z,./stimuli/B_cropped_v1117/pens_bunny_tulip toy_kettle/IMG_4088.jpg,tulips,annotator2,5,SiteB,kettle,0.409852763,0.228457128,0.559844206,0.426479333,0.788856305,0.686217009,0.602150538,0.671554252,0.39198436,0.500488759,0.109481916,0.744868035
2160,front,2,4,pen holder+bunny+tulips+kettle,Z,./stimuli/B_cropped_v1117/pens_bunny_tulip toy_kettle/IMG_4089.jpg,pen holder,annotator2,0,SiteB,-1,0.442908406,0.306703598,0.558069111,0.457714779,0.853372434,0.654936461,0.635386119,0.671554252,0.364613881,0.523949169,0.105571848,0.716520039
2161,front,2,4,pen holder+bunny+tulips+kettle,Z,./stimuli/B_cropped_v1117/pens_bunny_tulip toy_kettle/IMG_4090.jpg,bunny,annotator2,15,SiteB,-1,0.448119353,0.308222899,0.552858164,0.456195478,0.853372434,0.649071359,0.640273705,0.671554252,0.373411535,0.523949169,0.105571848,0.671554252
2162,front,2,4,pen holder+bunny+tulips+kettle,Z,./stimuli/B_cropped_v1117/pens_bunny_tulip toy_kettle/IMG_4091.jpg,tulips,annotator2,14,SiteB,-1,0.435674646,0.305153099,0.541842461,0.459265278,0.853372434,0.654936461,0.635386119,0.671554252,0.359726295,0.523949169,0.105571848,0.671554252
2163,front,2,4,pen holder+bunny+tulips+kettle,Z,./stimuli/B_cropped_v1117/pens_bunny_tulip toy_kettle/IMG_4092.jpg,kettle,annotator2,18,SiteB,-1,0.430600289,0.308222899,0.533231578,0.456195478,0.853372434,0.654936461,0.640273705,0.671554252,0.373411535,0.523949169,0.105571848,0.671554252
2164,front,2,4,pen holder+bunny+tulips+kettle,Z,./stimuli/B_cropped_v1117/pens_bunny_tulip toy_kettle/IMG_4093.jpg,pen holder,annotator2,4,SiteB,pen holder,0.457571163,0.31799807,0.572731868,0.465970649,0.866080156,0.666666667,0.640273705,0.671554252,0.373411535,0.523949169,0.109481916,0.716520039
2165,front,2,4,pen holder+bunny+tulips+kettle,Z,./stimuli/B_cropped_v1117/pens_bunny_tulip toy_kettle/IMG_4094.jpg,bunny,annotator2,17,SiteB,pen holder,0.463541777,0.316043036,0.572626356,0.464015615,0.853372434,0.644183773,0.640273705,0.671554252,0.373411535,0.523949169,0.105571848,0.671554252
2166,front,2,4,pen holder+bunny+tulips+kettle,Z,./stimuli/B_cropped_v1117/pens_bunny_tulip toy_kettle/IMG_4095.jpg,tulips,annotator2,3,SiteB,pen holder,0.463541777,0.316043036,0.572626356,0.464015615,0.853372434,0.640273705,0.640273705,0.671554252,0.373411535,0.523949169,0.105571848,0.671554252
2167,front,2,4,pen holder+bunny+tulips+kettle,Z,./stimuli/B_cropped_v1117/pens_bunny_tulip toy_kettle/IMG_4096.jpg,kettle,annotator2,18,SiteB,pen holder,0.452693849,0.312132968,0.577609182,0.460105547,0.866080156,0.650048876,0.649071359,0.671554252,0.382209189,0.523949169,0.105571848,0.671554252
2168,front,2,4,pen holder+bunny+tulips+kettle,Z,./stimuli/B_cropped_v1117/pens_bunny_tulip toy_kettle/IMG_4097.jpg,bunny,annotator2,6,SiteB,bunny,0.437043303,0.321908139,0.552204008,0.469880718,0.832844575,0.640273705,0.629521017,0.671554252,0.359726295,0.523949169,0.105571848,0.716520039
2169,front,2,4,pen holder+bunny+tulips+kettle,Z,./stimuli/B_cropped_v1117/pens_bunny_tulip toy_kettle/IMG_4098.jpg,pen holder,annotator2,4,SiteB,bunny,0.435674646,0.320930621,0.541842461,0.468903201,0.832844575,0.640273705,0.629521017,0.671554252,0.359726295,0.523949169,0.105571848,0.716520039
2170,front,2,4,pen holder+bunny+tulips+kettle,Z,./stimuli/B_cropped_v1117/pens_bunny_tulip toy_kettle/IMG_4099.jpg,tulips,annotator2,19,SiteB,bunny,0.442254251,0.32484069,0.546993061,0.472813269,0.853372434,0.671554252,0.635386119,0.671554252,0.359726295,0.542521994,0.105571848,0.716520039
2171,front,2,4,pen holder+bunny+tulips+kettle,Z,./stimuli/B_cropped_v1117/pens_bunny_tulip toy_kettle/IMG_4100.jpg,kettle,annotator2,12,SiteB,bunny,0.440081367,0.322885656,0.549165945,0.470858235,0.832844575,0.640273705,0.632453568,0.671554252,0.359726295,0.529814272,0.105571848,0.716520039
2172,front,2,4,pen holder+bunny+tulips+kettle,Z,./stimuli/B_cropped_v1117/pens_bunny_tulip toy_kettle/IMG_4101.jpg,tulips,annotator2,9,SiteB,tulips,0.431764578,0.327773241,0.537932392,0.47574582,0.853372434,0.666666667,0.635386119,0.671554252,0.364613881,0.542521994,0.105571848,0.721407625
2173,front,2,4,pen holder+bunny+tulips+kettle,Z,./stimuli/B_cropped_v1117/pens_bunny_tulip toy_kettle/IMG_4102.jpg,pen holder,annotator2,15,SiteB,tulips,0.429546528,0.325818207,0.534285339,0.473790786,0.853372434,0.666666667,0.635386119,0.671554252,0.364613881,0.542521994,0.105571848,0.716520039
2174,front,2,4,pen holder+bunny+tulips+kettle,Z,./stimuli/B_cropped_v1117/pens_bunny_tulip toy_kettle/IMG_4103.jpg,bunny,annotator2,9,SiteB,tulips,0.430306196,0.325818207,0.539390774,0.473790786,0.853372434,0.666666667,0.635386119,0.671554252,0.364613881,0.542521994,0.105571848,0.721407625
2175,front,2,4,pen holder+bunny+tulips+kettle,Z,./stimuli/B_cropped_v1117/pens_bunny_tulip toy_kettle/IMG_4104.jpg,kettle,annotator2,7,SiteB,tulips,0.435674646,0.325818207,0.541842461,0.473790786,0.853372434,0.654936461,0.640273705,0.671554252,0.373411535,0.529814272,0.105571848,0.721407625
2176,front,2,4,pen holder+bunny+tulips+kettle,Z,./stimuli/B_cropped_v1117/pens_bunny_tulip toy_kettle/IMG_4105.jpg,kettle,annotator2,16,SiteB,kettle,0.42541861,0.33168331,0.534503188,0.479655889,0.853372434,0.666666667,0.640273705,0.671554252,0.373411535,0.542521994,0.105571848,0.716520039
2177,front,2,4,pen holder+bunny+tulips+kettle,Z,./stimuli/B_cropped_v1117/pens_bunny_tulip toy_kettle/IMG_4106.jpg,pen holder,annotator2,10,SiteB,kettle,0.42541861,0.33168331,0.534503188,0.479655889,0.853372434,0.649071359,0.640273705,0.671554252,0.373411535,0.542521994,0.109481916,0.716520039
2178,front,2,4,pen holder+bunny+tulips+kettle,Z,./stimuli/B_cropped_v1117/pens_bunny_tulip toy_kettle/IMG_4107.jpg,bunny,annotator2,8,SiteB,kettle,0.429186176,0.338057915,0.540510794,0.48110142,0.866080156,0.671554252,0.649071359,0.671554252,0.373411535,0.542521994,0.109481916,0.721407625
2179,front,2,4,pen holder+bunny+tulips+kettle,Z,./stimuli/B_cropped_v1117/pens_bunny_tulip toy_kettle/IMG_4108.jpg,tulips,annotator2,14,SiteB,kettle,0.429186176,0.340012949,0.540510794,0.483056455,0.866080156,0.671554252,0.649071359,0.671554252,0.382209189,0.542521994,0.109481916,0.721407625
2180,front,3,4,pen holder+bunny+tulips+kettle,Z,./stimuli/B_cropped_v1117/pens_bunny_tulip toy_kettle/IMG_4109.jpg,pen holder,annotator2,16,SiteB,-1,0.474342886,0.401977022,0.573555452,0.538394434,0.866080156,0.693059629,0.671554252,0.721407625,0.327468231,0.594330401,0.064516129,0.742913001
2181,front,3,4,pen holder+bunny+tulips+kettle,Z,./stimuli/B_cropped_v1117/pens_bunny_tulip toy_kettle/IMG_4110.jpg,bunny,annotator2,1,SiteB,-1,0.432280052,0.396199439,0.568697465,0.544172018,0.866080156,0.686217009,0.671554252,0.721407625,0.332355816,0.590420332,0.064516129,0.742913001
2182,front,3,4,pen holder+bunny+tulips+kettle,Z,./stimuli/B_cropped_v1117/pens_bunny_tulip toy_kettle/IMG_4111.jpg,tulips,annotator2,3,SiteB,-1,0.465545232,0.39996255,0.564757798,0.534543803,0.884652981,0.704789834,0.674486804,0.721407625,0.335288368,0.594330401,0.099706745,0.721407625
2183,front,3,4,pen holder+bunny+tulips+kettle,Z,./stimuli/B_cropped_v1117/pens_bunny_tulip toy_kettle/IMG_4112.jpg,kettle,annotator2,3,SiteB,-1,0.458948286,0.40680517,0.561579574,0.541386423,0.875855327,0.693059629,0.674486804,0.721407625,0.335288368,0.594330401,0.099706745,0.742913001
2184,front,3,4,pen holder+bunny+tulips+kettle,Z,./stimuli/B_cropped_v1117/pens_bunny_tulip toy_kettle/IMG_4113.jpg,pen holder,annotator2,13,SiteB,pen holder,0.489438087,0.408760204,0.595605901,0.543341457,0.884652981,0.704789834,0.686217009,0.721407625,0.335288368,0.602150538,0.099706745,0.742913001
2185,front,3,4,pen holder+bunny+tulips+kettle,Z,./stimuli/B_cropped_v1117/pens_bunny_tulip toy_kettle/IMG_4114.jpg,bunny,annotator2,8,SiteB,pen holder,0.489438087,0.412670273,0.595605901,0.547251526,0.884652981,0.704789834,0.674486804,0.721407625,0.335288368,0.602150538,0.099706745,0.744868035
2186,front,3,4,pen holder+bunny+tulips+kettle,Z,./stimuli/B_cropped_v1117/pens_bunny_tulip toy_kettle/IMG_4115.jpg,tulips,annotator2,1,SiteB,pen holder,0.489438087,0.412670273,0.595605901,0.547251526,0.884652981,0.704789834,0.69599218,0.721407625,0.335288368,0.602150538,0.099706745,0.744868035
2187,front,3,4,pen holder+bunny+tulips+kettle,Z,./stimuli/B_cropped_v1117/pens_bunny_tulip toy_kettle/IMG_4116.jpg,kettle,annotator2,17,SiteB,pen holder,0.487979705,0.410351535,0.597064283,0.549570264,0.884652981,0.704789834,0.69599218,0.721407625,0.335288368,0.602150538,0.101661779,0.744868035
2188,front,3,4,pen holder+bunny+tulips+kettle,Z,./stimuli/B_cropped_v1117/pens_bunny_tulip toy_kettle/IMG_4117.jpg,bunny,annotator2,7,SiteB,bunny,0.486505535,0.419149188,0.59267335,0.558367918,0.890518084,0.721407625,0.69599218,0.721407625,0.345063539,0.602150538,0.099706745,0.744868035
2189,front,3,4,pen holder+bunny+tulips+kettle,Z,./stimuli/B_cropped_v1117/pens_bunny_tulip toy_kettle/IMG_4118.jpg,pen holder,annotator2,1,SiteB,bunny,0.488273799,0.419149188,0.590905087,0.558367918,0.890518084,0.721407625,0.69599218,0.721407625,0.345063539,0.607038123,0.099706745,0.744868035
2190,front,3,4,pen holder+bunny+tulips+kettle,Z,./stimuli/B_cropped_v1117/pens_bunny_tulip toy_kettle/IMG_4119.jpg,tulips,annotator2,6,SiteB,bunny,0.482595467,0.414625307,0.588763282,0.54920656,0.890518084,0.721407625,0.69599218,0.721407625,0.342130987,0.602150538,0.099706745,0.744868035
2191,front,3,4,pen holder+bunny+tulips+kettle,Z,./stimuli/B_cropped_v1117/pens_bunny_tulip toy_kettle/IMG_4120.jpg,kettle,annotator2,9,SiteB,bunny,0.486073092,0.437606465,0.585285657,0.563371052,0.869990225,0.716520039,0.69599218,0.749755621,0.345063539,0.619745846,0.105571848,0.769305963
2192,front,3,4,pen holder+bunny+tulips+kettle,Z,./stimuli/B_cropped_v1117/pens_bunny_tulip toy_kettle/IMG_4121.jpg,tulips,annotator2,16,SiteB,tulips,0.468477784,0.452147442,0.567690349,0.584020691,0.875855327,0.734115347,0.69599218,0.769305963,0.345063539,0.632453568,0.105571848,0.769305963
2193,front,3,4,pen holder+bunny+tulips+kettle,Z,./stimuli/B_cropped_v1117/pens_bunny_tulip toy_kettle/IMG_4122.jpg,pen holder,annotator2,13,SiteB,tulips,0.468477784,0.45079344,0.567690349,0.585374693,0.953079179,0.744868035,0.69599218,0.769305963,0.345063539,0.632453568,0.105571848,0.769305963
2194,front,3,4,pen holder+bunny+tulips+kettle,Z,./stimuli/B_cropped_v1117/pens_bunny_tulip toy_kettle/IMG_4123.jpg,bunny,annotator2,12,SiteB,tulips,0.465545232,0.452147442,0.564757798,0.584020691,0.953079179,0.744868035,0.69599218,0.769305963,0.345063539,0.632453568,0.105571848,0.769305963
2195,front,3,4,pen holder+bunny+tulips+kettle,Z,./stimuli/B_cropped_v1117/pens_bunny_tulip toy_kettle/IMG_4124.jpg,kettle,annotator2,3,SiteB,tulips,0.479662916,0.458012544,0.58583073,0.589885794,0.88856305,0.749755621,0.703812317,0.769305963,0.359726295,0.644183773,0.109481916,0.788856305
2197,front,3,4,pen holder+bunny+tulips+kettle,Z,./stimuli/B_cropped_v1117/pens_bunny_tulip toy_kettle/IMG_4126.jpg,pen holder,annotator2,1,SiteB,kettle,0.457180022,0.468197277,0.563347837,0.591431267,0.884652981,0.749755621,0.69599218,0.769305963,0.350928641,0.644183773,0.105571848,0.788856305
2198,front,3,4,pen holder+bunny+tulips+kettle,Z,./stimuli/B_cropped_v1117/pens_bunny_tulip toy_kettle/IMG_4127.jpg,bunny,annotator2,10,SiteB,kettle,0.454445307,0.467932383,0.54653221,0.583876024,0.884652981,0.749755621,0.69599218,0.769305963,0.350928641,0.649071359,0.105571848,0.788856305
2199,front,3,4,pen holder+bunny+tulips+kettle,Z,./stimuli/B_cropped_v1117/pens_bunny_tulip toy_kettle/IMG_4128.jpg,tulips,annotator2,13,SiteB,kettle,0.454445307,0.468197277,0.54653221,0.591431267,0.88172043,0.749755621,0.69599218,0.769305963,0.345063539,0.649071359,0.105571848,0.788856305
2200,left,1,4,pen holder+bunny+tulips+kettle,Z,./stimuli/B_cropped_v1117/pens_bunny_tulip toy_kettle/IMG_4129.jpg,pen holder,annotator2,10,SiteB,-1,0.689422656,0.200785478,0.839414099,0.389634854,0.602150538,0.671554252,0.440860215,0.671554252,0.335288368,0.500488759,0.11827957,0.671554252
2201,left,1,4,pen holder+bunny+tulips+kettle,Z,./stimuli/B_cropped_v1117/pens_bunny_tulip toy_kettle/IMG_4130.jpg,bunny,annotator2,7,SiteB,-1,0.681546915,0.202740513,0.817964327,0.391589888,0.602150538,0.671554252,0.440860215,0.671554252,0.272727273,0.500488759,0.109481916,0.671554252
2202,left,1,4,pen holder+bunny+tulips+kettle,Z,./stimuli/B_cropped_v1117/pens_bunny_tulip toy_kettle/IMG_4131.jpg,tulips,annotator2,7,SiteB,-1,0.670794226,0.202740513,0.807211639,0.391589888,0.703812317,0.686217009,0.440860215,0.671554252,0.265884653,0.500488759,0.109481916,0.671554252
2203,left,1,4,pen holder+bunny+tulips+kettle,Z,./stimuli/B_cropped_v1117/pens_bunny_tulip toy_kettle/IMG_4132.jpg,kettle,annotator2,18,SiteB,-1,0.653198918,0.21056065,0.789616331,0.399410025,0.700879765,0.693059629,0.440860215,0.671554252,0.261974585,0.500488759,0.109481916,0.671554252
2204,left,1,4,pen holder+bunny+tulips+kettle,Z,./stimuli/B_cropped_v1117/pens_bunny_tulip toy_kettle/IMG_4133.jpg,pen holder,annotator2,16,SiteB,pen holder,0.677739318,0.217403269,0.819816889,0.406252645,0.588465298,0.693059629,0.440860215,0.671554252,0.250244379,0.500488759,0.109481916,0.671554252
2205,left,1,4,pen holder+bunny+tulips+kettle,Z,./stimuli/B_cropped_v1117/pens_bunny_tulip toy_kettle/IMG_4134.jpg,bunny,annotator2,0,SiteB,pen holder,0.678716835,0.219358303,0.820794407,0.408207679,0.590420332,0.693059629,0.440860215,0.671554252,0.261974585,0.500488759,0.109481916,0.671554252
2206,left,1,4,pen holder+bunny+tulips+kettle,Z,./stimuli/B_cropped_v1117/pens_bunny_tulip toy_kettle/IMG_4136.jpg,tulips,annotator2,3,SiteB,pen holder,0.678716835,0.229133475,0.820794407,0.41798285,0.69599218,0.716520039,0.42228739,0.671554252,0.250244379,0.500488759,0.109481916,0.671554252
2207,left,1,4,pen holder+bunny+tulips+kettle,Z,./stimuli/B_cropped_v1117/pens_bunny_tulip toy_kettle/IMG_4136x.jpg,kettle,annotator2,0,SiteB,pen holder,0.596981078,0.211831593,0.795003282,0.398139082,0.632453568,0.671554252,0.373411535,0.632453568,0.203323558,0.481915934,0.109481916,0.671554252
2208,left,1,4,pen holder+bunny+tulips+kettle,Z,./stimuli/B_cropped_v1117/pens_bunny_tulip toy_kettle/IMG_4137.jpg,bunny,annotator2,8,SiteB,bunny,0.667964147,0.248977243,0.810041718,0.435284732,0.579667644,0.721407625,0.42228739,0.721407625,0.250244379,0.523949169,0.105571848,0.721407625
2209,left,1,4,pen holder+bunny+tulips+kettle,Z,./stimuli/B_cropped_v1117/pens_bunny_tulip toy_kettle/IMG_4138.jpg,pen holder,annotator2,14,SiteB,bunny,0.71172561,0.274392687,0.826886315,0.460700177,0.613880743,0.734115347,0.458455523,0.721407625,0.284457478,0.542521994,0.1485826,0.721407625
2210,left,1,4,pen holder+bunny+tulips+kettle,Z,./stimuli/B_cropped_v1117/pens_bunny_tulip toy_kettle/IMG_4139.jpg,tulips,annotator2,15,SiteB,bunny,0.697187188,0.283360809,0.833604601,0.463462261,0.721407625,0.744868035,0.458455523,0.744868035,0.295210166,0.548387097,0.1485826,0.721407625
2211,left,1,4,pen holder+bunny+tulips+kettle,Z,./stimuli/B_cropped_v1117/pens_bunny_tulip toy_kettle/IMG_4140.jpg,kettle,annotator2,13,SiteB,bunny,0.696209671,0.282212824,0.832627083,0.468520314,0.721407625,0.744868035,0.458455523,0.721407625,0.295210166,0.548387097,0.1485826,0.721407625
2212,left,1,4,pen holder+bunny+tulips+kettle,Z,./stimuli/B_cropped_v1117/pens_bunny_tulip toy_kettle/IMG_4141.jpg,tulips,annotator2,0,SiteB,tulips,0.682464994,0.296068531,0.817046247,0.476169983,0.690127077,0.769305963,0.458455523,0.769305963,0.284457478,0.560117302,0.1485826,0.749755621
2213,left,1,4,pen holder+bunny+tulips+kettle,Z,./stimuli/B_cropped_v1117/pens_bunny_tulip toy_kettle/IMG_4142.jpg,pen holder,annotator2,0,SiteB,tulips,0.676659329,0.302978254,0.813076741,0.477080397,0.690127077,0.769305963,0.440860215,0.769305963,0.284457478,0.560117302,0.1485826,0.744868035
2214,left,1,4,pen holder+bunny+tulips+kettle,Z,./stimuli/B_cropped_v1117/pens_bunny_tulip toy_kettle/IMG_4143.jpg,bunny,annotator2,13,SiteB,tulips,0.681546915,0.304933288,0.817964327,0.479035431,0.686217009,0.769305963,0.458455523,0.769305963,0.359726295,0.579667644,0.1485826,0.744868035
2215,left,1,4,pen holder+bunny+tulips+kettle,Z,./stimuli/B_cropped_v1117/pens_bunny_tulip toy_kettle/IMG_4144.jpg,kettle,annotator2,2,SiteB,tulips,0.681546915,0.301933634,0.817964327,0.482035086,0.716520039,0.769305963,0.458455523,0.769305963,0.284457478,0.569892473,0.1485826,0.749755621
2216,left,1,4,pen holder+bunny+tulips+kettle,Z,./stimuli/B_cropped_v1117/pens_bunny_tulip toy_kettle/IMG_4145.jpg,kettle,annotator2,0,SiteB,kettle,0.676976376,0.318618528,0.808849626,0.492720671,0.721407625,0.769305963,0.458455523,0.769305963,0.284457478,0.579667644,0.1485826,0.769305963
2217,left,1,4,pen holder+bunny+tulips+kettle,Z,./stimuli/B_cropped_v1117/pens_bunny_tulip toy_kettle/IMG_4146.jpg,pen holder,annotator2,3,SiteB,kettle,0.673066308,0.320573562,0.804939557,0.494675705,0.613880743,0.769305963,0.458455523,0.769305963,0.284457478,0.579667644,0.1485826,0.769305963
2218,left,1,4,pen holder+bunny+tulips+kettle,Z,./stimuli/B_cropped_v1117/pens_bunny_tulip toy_kettle/IMG_4147.jpg,bunny,annotator2,11,SiteB,kettle,0.682410369,0.330348733,0.807325702,0.504450876,0.721407625,0.788856305,0.458455523,0.769305963,0.359726295,0.594330401,0.1485826,0.769305963
2219,left,1,4,pen holder+bunny+tulips+kettle,Z,./stimuli/B_cropped_v1117/pens_bunny_tulip toy_kettle/IMG_4148.jpg,tulips,annotator2,5,SiteB,kettle,0.67893141,0.332303767,0.81080466,0.50640591,0.721407625,0.788856305,0.458455523,0.788856305,0.359726295,0.594330401,0.1485826,0.769305963
2220,left,2,4,pen holder+bunny+tulips+kettle,Z,./stimuli/B_cropped_v1117/pens_bunny_tulip toy_kettle/IMG_4149.jpg,pen holder,annotator2,0,SiteB,-1,0.67893141,0.211024543,0.81080466,0.391125995,0.744868035,0.671554252,0.500488759,0.671554252,0.250244379,0.481915934,0.099706745,0.632453568
2221,left,2,4,pen holder+bunny+tulips+kettle,Z,./stimuli/B_cropped_v1117/pens_bunny_tulip toy_kettle/IMG_4150.jpg,bunny,annotator2,2,SiteB,-1,0.673066308,0.224776886,0.804939557,0.398879028,0.749755621,0.671554252,0.500488759,0.671554252,0.250244379,0.500488759,0.105571848,0.632453568
2222,left,2,4,pen holder+bunny+tulips+kettle,Z,./stimuli/B_cropped_v1117/pens_bunny_tulip toy_kettle/IMG_4151.jpg,tulips,annotator2,13,SiteB,-1,0.673066308,0.22673192,0.804939557,0.400834063,0.749755621,0.671554252,0.500488759,0.671554252,0.250244379,0.500488759,0.105571848,0.671554252
2223,left,2,4,pen holder+bunny+tulips+kettle,Z,./stimuli/B_cropped_v1117/pens_bunny_tulip toy_kettle/IMG_4152.jpg,kettle,annotator2,18,SiteB,-1,0.663837544,0.240417159,0.788752877,0.414519302,0.749755621,0.686217009,0.500488759,0.671554252,0.250244379,0.500488759,0.105571848,0.671554252
2224,left,2,4,pen holder+bunny+tulips+kettle,Z,./stimuli/B_cropped_v1117/pens_bunny_tulip toy_kettle/IMG_4153.jpg,pen holder,annotator2,17,SiteB,pen holder,0.72291968,0.245304745,0.85479293,0.419406888,0.788856305,0.69599218,0.542521994,0.671554252,0.284457478,0.500488759,0.109481916,0.671554252
2225,left,2,4,pen holder+bunny+tulips+kettle,Z,./stimuli/B_cropped_v1117/pens_bunny_tulip toy_kettle/IMG_4154.jpg,bunny,annotator2,9,SiteB,pen holder,0.736343477,0.252080261,0.88633492,0.432181713,0.801564027,0.704789834,0.548387097,0.671554252,0.302052786,0.500488759,0.1485826,0.671554252
2226,left,2,4,pen holder+bunny+tulips+kettle,Z,./stimuli/B_cropped_v1117/pens_bunny_tulip toy_kettle/IMG_4155.jpg,tulips,annotator2,18,SiteB,pen holder,0.736343477,0.258012467,0.88633492,0.43211461,0.801564027,0.704789834,0.548387097,0.671554252,0.302052786,0.500488759,0.1485826,0.671554252
2227,left,2,4,pen holder+bunny+tulips+kettle,Z,./stimuli/B_cropped_v1117/pens_bunny_tulip toy_kettle/IMG_4156.jpg,kettle,annotator2,3,SiteB,pen holder,0.736343477,0.261922536,0.88633492,0.436024678,0.801564027,0.704789834,0.548387097,0.671554252,0.302052786,0.515151515,0.1485826,0.671554252
2228,left,2,4,pen holder+bunny+tulips+kettle,Z,./stimuli/B_cropped_v1117/pens_bunny_tulip toy_kettle/IMG_4157.jpg,bunny,annotator2,12,SiteB,bunny,0.73,0.272675224,0.860513037,0.446777367,0.801564027,0.716520039,0.542521994,0.671554252,0.302052786,0.515151515,0.1485826,0.671554252
2229,left,2,4,pen holder+bunny+tulips+kettle,Z,./stimuli/B_cropped_v1117/pens_bunny_tulip toy_kettle/IMG_4158.jpg,pen holder,annotator2,4,SiteB,bunny,0.735627402,0.272675224,0.867500652,0.446777367,0.801564027,0.721407625,0.548387097,0.671554252,0.359726295,0.542521994,0.1485826,0.671554252
2230,left,2,4,pen holder+bunny+tulips+kettle,Z,./stimuli/B_cropped_v1117/pens_bunny_tulip toy_kettle/IMG_4159.jpg,tulips,annotator2,3,SiteB,bunny,0.730739817,0.272675224,0.862613067,0.446777367,0.801564027,0.721407625,0.542521994,0.721407625,0.302052786,0.523949169,0.1485826,0.671554252
2231,left,2,4,pen holder+bunny+tulips+kettle,Z,./stimuli/B_cropped_v1117/pens_bunny_tulip toy_kettle/IMG_4160.jpg,kettle,annotator2,4,SiteB,bunny,0.730739817,0.288315497,0.862613067,0.46241764,0.796676442,0.734115347,0.542521994,0.721407625,0.302052786,0.542521994,0.1485826,0.671554252
2232,left,2,4,pen holder+bunny+tulips+kettle,Z,./stimuli/B_cropped_v1117/pens_bunny_tulip toy_kettle/IMG_4161.jpg,tulips,annotator2,13,SiteB,tulips,0.713144509,0.295158117,0.845017759,0.46926026,0.788856305,0.744868035,0.542521994,0.721407625,0.302052786,0.542521994,0.11827957,0.716520039
2233,left,2,4,pen holder+bunny+tulips+kettle,Z,./stimuli/B_cropped_v1117/pens_bunny_tulip toy_kettle/IMG_4162.jpg,pen holder,annotator2,14,SiteB,tulips,0.708256924,0.295158117,0.840130173,0.46926026,0.788856305,0.744868035,0.542521994,0.769305963,0.295210166,0.542521994,0.109481916,0.704789834
2234,left,2,4,pen holder+bunny+tulips+kettle,Z,./stimuli/B_cropped_v1117/pens_bunny_tulip toy_kettle/IMG_4163.jpg,bunny,annotator2,17,SiteB,tulips,0.705984842,0.304933288,0.842402255,0.479035431,0.788856305,0.744868035,0.542521994,0.769305963,0.295210166,0.542521994,0.109481916,0.716520039
2235,left,2,4,pen holder+bunny+tulips+kettle,Z,./stimuli/B_cropped_v1117/pens_bunny_tulip toy_kettle/IMG_4164.jpg,kettle,annotator2,19,SiteB,tulips,0.701097257,0.26387757,0.837514669,0.437979713,0.788856305,0.709677419,0.542521994,0.671554252,0.284457478,0.515151515,0.109481916,0.671554252
2236,left,2,4,pen holder+bunny+tulips+kettle,Z,./stimuli/B_cropped_v1117/pens_bunny_tulip toy_kettle/IMG_4165.jpg,kettle,annotator2,4,SiteB,kettle,0.680258167,0.290643117,0.809477903,0.460090021,0.788856305,0.72629521,0.542521994,0.721407625,0.284457478,0.542521994,0.109481916,0.703812317
2237,left,2,4,pen holder+bunny+tulips+kettle,Z,./stimuli/B_cropped_v1117/pens_bunny_tulip toy_kettle/IMG_4166.jpg,pen holder,annotator2,0,SiteB,kettle,0.676659329,0.297485737,0.813076741,0.466932641,0.788856305,0.734115347,0.542521994,0.721407625,0.284457478,0.542521994,0.109481916,0.703812317
2238,left,2,4,pen holder+bunny+tulips+kettle,Z,./stimuli/B_cropped_v1117/pens_bunny_tulip toy_kettle/IMG_4167.jpg,bunny,annotator2,15,SiteB,kettle,0.676659329,0.297485737,0.813076741,0.466932641,0.788856305,0.734115347,0.542521994,0.721407625,0.284457478,0.542521994,0.109481916,0.671554252
2239,left,2,4,pen holder+bunny+tulips+kettle,Z,./stimuli/B_cropped_v1117/pens_bunny_tulip toy_kettle/IMG_4168.jpg,tulips,annotator2,3,SiteB,kettle,0.676659329,0.307260908,0.813076741,0.476707812,0.782013685,0.734115347,0.542521994,0.721407625,0.284457478,0.542521994,0.109481916,0.716520039
2240,left,3,4,pen holder+bunny+tulips+kettle,Z,./stimuli/B_cropped_v1117/pens_bunny_tulip toy_kettle/IMG_4169.jpg,pen holder,annotator2,5,SiteB,-1,0.605418136,0.310636164,0.767015882,0.473332555,0.832844575,0.721407625,0.500488759,0.671554252,0.230694037,0.534701857,0.105571848,0.671554252
2241,left,3,4,pen holder+bunny+tulips+kettle,Z,./stimuli/B_cropped_v1117/pens_bunny_tulip toy_kettle/IMG_4170.jpg,bunny,annotator2,8,SiteB,-1,0.609086314,0.317860821,0.724247019,0.471973001,0.832844575,0.721407625,0.500488759,0.671554252,0.284457478,0.542521994,0.105571848,0.671554252
2242,left,3,4,pen holder+bunny+tulips+kettle,Z,./stimuli/B_cropped_v1117/pens_bunny_tulip toy_kettle/IMG_4171.jpg,tulips,annotator2,14,SiteB,-1,0.609086314,0.322748407,0.724247019,0.476860586,0.853372434,0.704789834,0.500488759,0.671554252,0.230694037,0.542521994,0.109481916,0.671554252
2243,left,3,4,pen holder+bunny+tulips+kettle,Z,./stimuli/B_cropped_v1117/pens_bunny_tulip toy_kettle/IMG_4172.jpg,kettle,annotator2,11,SiteB,-1,0.591670945,0.324703441,0.741662388,0.47881562,0.853372434,0.704789834,0.500488759,0.671554252,0.225806452,0.542521994,0.105571848,0.671554252
2244,left,3,4,pen holder+bunny+tulips+kettle,Z,./stimuli/B_cropped_v1117/pens_bunny_tulip toy_kettle/IMG_4173.jpg,pen holder,annotator2,1,SiteB,pen holder,0.623759342,0.324703441,0.748674675,0.47881562,0.853372434,0.721407625,0.500488759,0.671554252,0.230694037,0.542521994,0.10459433,0.671554252
2245,left,3,4,pen holder+bunny+tulips+kettle,Z,./stimuli/B_cropped_v1117/pens_bunny_tulip toy_kettle/IMG_4174.jpg,bunny,annotator2,10,SiteB,pen holder,0.632546725,0.32861351,0.74770743,0.482725689,0.853372434,0.734115347,0.500488759,0.744868035,0.234604106,0.548387097,0.109481916,0.671554252
2246,left,3,4,pen holder+bunny+tulips+kettle,Z,./stimuli/B_cropped_v1117/pens_bunny_tulip toy_kettle/IMG_4176.jpg,tulips,annotator2,6,SiteB,pen holder,0.623759342,0.340343715,0.748674675,0.494455894,0.832844575,0.734115347,0.500488759,0.721407625,0.230694037,0.548387097,0.105571848,0.671554252
2247,left,3,4,pen holder+bunny+tulips+kettle,Z,./stimuli/B_cropped_v1117/pens_bunny_tulip toy_kettle/IMG_4176x.jpg,kettle,annotator2,10,SiteB,pen holder,0.621453392,0.26387757,0.811586686,0.437979713,0.849462366,0.764418377,0.542521994,0.769305963,0.272727273,0.569892473,0.099706745,0.704789834
2248,left,3,4,pen holder+bunny+tulips+kettle,Z,./stimuli/B_cropped_v1117/pens_bunny_tulip toy_kettle/IMG_4177.jpg,bunny,annotator2,0,SiteB,bunny,0.616906451,0.3452313,0.732067156,0.49934348,0.832844575,0.744868035,0.500488759,0.721407625,0.284457478,0.569892473,0.109481916,0.671554252
2249,left,3,4,pen holder+bunny+tulips+kettle,Z,./stimuli/B_cropped_v1117/pens_bunny_tulip toy_kettle/IMG_4178.jpg,pen holder,annotator2,4,SiteB,bunny,0.6139739,0.347186335,0.729134605,0.501298514,0.853372434,0.744868035,0.500488759,0.721407625,0.230694037,0.560117302,0.109481916,0.671554252
2250,left,3,4,pen holder+bunny+tulips+kettle,Z,./stimuli/B_cropped_v1117/pens_bunny_tulip toy_kettle/IMG_4179.jpg,tulips,annotator2,10,SiteB,bunny,0.6139739,0.349141369,0.729134605,0.503253548,0.832844575,0.744868035,0.500488759,0.721407625,0.230694037,0.569892473,0.105571848,0.671554252
2251,left,3,4,pen holder+bunny+tulips+kettle,Z,./stimuli/B_cropped_v1117/pens_bunny_tulip toy_kettle/IMG_4180.jpg,kettle,annotator2,0,SiteB,bunny,0.609086314,0.340343715,0.724247019,0.494455894,0.832844575,0.744868035,0.500488759,0.721407625,0.272727273,0.569892473,0.099706745,0.671554252
2252,left,3,4,pen holder+bunny+tulips+kettle,Z,./stimuli/B_cropped_v1117/pens_bunny_tulip toy_kettle/IMG_4181.jpg,tulips,annotator2,0,SiteB,tulips,0.574137588,0.361008823,0.735735335,0.508981402,0.832844575,0.744868035,0.500488759,0.744868035,0.272727273,0.579667644,0.099706745,0.69599218
2253,left,3,4,pen holder+bunny+tulips+kettle,Z,./stimuli/B_cropped_v1117/pens_bunny_tulip toy_kettle/IMG_4182.jpg,pen holder,annotator2,16,SiteB,tulips,0.585805843,0.364918891,0.735797285,0.51289147,0.832844575,0.744868035,0.500488759,0.744868035,0.272727273,0.579667644,0.101661779,0.69599218
2254,left,3,4,pen holder+bunny+tulips+kettle,Z,./stimuli/B_cropped_v1117/pens_bunny_tulip toy_kettle/IMG_4183.jpg,bunny,annotator2,18,SiteB,tulips,0.574137588,0.36882896,0.735735335,0.516801539,0.832844575,0.744868035,0.500488759,0.721407625,0.225806452,0.579667644,0.099706745,0.704789834
2255,left,3,4,pen holder+bunny+tulips+kettle,Z,./stimuli/B_cropped_v1117/pens_bunny_tulip toy_kettle/IMG_4184.jpg,kettle,annotator2,17,SiteB,tulips,0.574137588,0.373579296,0.735735335,0.527691476,0.853372434,0.744868035,0.500488759,0.769305963,0.225806452,0.579667644,0.099706745,0.721407625
2256,left,3,4,pen holder+bunny+tulips+kettle,Z,./stimuli/B_cropped_v1117/pens_bunny_tulip toy_kettle/IMG_4185.jpg,kettle,annotator2,12,SiteB,kettle,0.574873215,0.38693377,0.69003392,0.529977276,0.832844575,0.764418377,0.500488759,0.744868035,0.219941349,0.579667644,0.099706745,0.716520039
2257,left,3,4,pen holder+bunny+tulips+kettle,Z,./stimuli/B_cropped_v1117/pens_bunny_tulip toy_kettle/IMG_4186.jpg,pen holder,annotator2,3,SiteB,kettle,0.569995901,0.38693377,0.694911235,0.529977276,0.942326491,0.769305963,0.500488759,0.769305963,0.272727273,0.594330401,0.099706745,0.721407625
2258,left,3,4,pen holder+bunny+tulips+kettle,Z,./stimuli/B_cropped_v1117/pens_bunny_tulip toy_kettle/IMG_4186x.jpg,bunny,annotator2,7,SiteB,kettle,0.569449494,0.268007449,0.701322744,0.422119628,0.832844575,0.659824047,0.500488759,0.671554252,0.261974585,0.529814272,0.099706745,0.671554252
2259,left,3,4,pen holder+bunny+tulips+kettle,Z,./stimuli/B_cropped_v1117/pens_bunny_tulip toy_kettle/IMG_4188.jpg,tulips,annotator2,5,SiteB,kettle,0.569995901,0.390843839,0.694911235,0.533887344,0.832844575,0.769305963,0.500488759,0.769305963,0.272727273,0.594330401,0.099706745,0.721407625
2260,right,1,2,tissue+stuffed bird,Z,./stimuli/B_cropped_v1117/tissue_bird/IMG_3841.jpg,tissue,annotator2,14,SiteB,-1,0.226141498,0.164599327,0.387739245,0.380855218,0.832844575,0.693059629,0.560117302,0.832844575,-1.0,-1.0,-1.0,-1.0
2261,right,1,2,tissue+stuffed bird,Z,./stimuli/B_cropped_v1117/tissue_bird/IMG_3842.jpg,stuffed bird,annotator2,17,SiteB,-1,0.203658605,0.183172152,0.365256351,0.399428043,0.810361681,0.716520039,0.548387097,0.853372434,-1.0,-1.0,-1.0,-1.0
2262,right,1,2,tissue+stuffed bird,Z,./stimuli/B_cropped_v1117/tissue_bird/IMG_3843.jpg,tissue,annotator2,11,SiteB,tissue,0.223945382,0.193677482,0.38016019,0.408473056,0.788856305,0.716520039,0.548387097,0.853372434,-1.0,-1.0,-1.0,-1.0
2263,right,1,2,tissue+stuffed bird,Z,./stimuli/B_cropped_v1117/tissue_bird/IMG_3844.jpg,stuffed bird,annotator2,4,SiteB,tissue,0.224186464,0.209256866,0.38578421,0.418309117,0.810361681,0.72629521,0.548387097,0.866080156,-1.0,-1.0,-1.0,-1.0
2264,right,1,2,tissue+stuffed bird,Z,./stimuli/B_cropped_v1117/tissue_bird/IMG_3845.jpg,stuffed bird,annotator2,3,SiteB,stuffed bird,0.220276396,0.182194635,0.381874142,0.398450526,0.810361681,0.704789834,0.579667644,0.853372434,-1.0,-1.0,-1.0,-1.0
2265,right,1,2,tissue+stuffed bird,Z,./stimuli/B_cropped_v1117/tissue_bird/IMG_3846.jpg,tissue,annotator2,10,SiteB,stuffed bird,0.220276396,0.192947323,0.381874142,0.409203214,0.832844575,0.721407625,0.579667644,0.853372434,-1.0,-1.0,-1.0,-1.0
2266,right,2,2,tissue+stuffed bird,Z,./stimuli/B_cropped_v1117/tissue_bird/IMG_3848.jpg,tissue,annotator2,8,SiteB,-1,0.236832236,0.123383569,0.386823678,0.328229334,0.810361681,0.632453568,0.440860215,0.769305963,-1.0,-1.0,-1.0,-1.0
2267,right,2,2,tissue+stuffed bird,Z,./stimuli/B_cropped_v1117/tissue_bird/IMG_3849.jpg,stuffed bird,annotator2,11,SiteB,-1,0.209461757,0.128271155,0.359453199,0.33311692,0.810361681,0.632453568,0.440860215,0.769305963,-1.0,-1.0,-1.0,-1.0
2268,right,2,2,tissue+stuffed bird,Z,./stimuli/B_cropped_v1117/tissue_bird/IMG_3850.jpg,tissue,annotator2,6,SiteB,tissue,0.222169479,0.151233277,0.372160922,0.349255481,0.810361681,0.632453568,0.440860215,0.788856305,-1.0,-1.0,-1.0,-1.0
2269,right,2,2,tissue+stuffed bird,Z,./stimuli/B_cropped_v1117/tissue_bird/IMG_3851.jpg,stuffed bird,annotator2,3,SiteB,tissue,0.223495303,0.147821497,0.378655235,0.352667262,0.810361681,0.640273705,0.440860215,0.788856305,-1.0,-1.0,-1.0,-1.0
2270,right,2,2,tissue+stuffed bird,Z,./stimuli/B_cropped_v1117/tissue_bird/IMG_3852.jpg,stuffed bird,annotator2,16,SiteB,stuffed bird,0.200664103,0.164153405,0.350655546,0.367615901,0.810361681,0.654936461,0.440860215,0.788856305,-1.0,-1.0,-1.0,-1.0
2271,right,2,2,tissue+stuffed bird,Z,./stimuli/B_cropped_v1117/tissue_bird/IMG_3853.jpg,tissue,annotator2,7,SiteB,stuffed bird,0.20164162,0.161628713,0.351633063,0.383825833,0.810361681,0.671554252,0.440860215,0.788856305,-1.0,-1.0,-1.0,-1.0
2272,right,3,2,tissue+stuffed bird,Z,./stimuli/B_cropped_v1117/tissue_bird/IMG_3854.jpg,tissue,annotator2,17,SiteB,-1,0.209461757,0.126795349,0.359453199,0.324817554,0.853372434,0.602150538,0.301075269,0.769305963,-1.0,-1.0,-1.0,-1.0
2273,right,3,2,tissue+stuffed bird,Z,./stimuli/B_cropped_v1117/tissue_bird/IMG_3855.jpg,stuffed bird,annotator2,10,SiteB,-1,0.186978863,0.126795349,0.336970306,0.324817554,0.853372434,0.594330401,0.301075269,0.769305963,-1.0,-1.0,-1.0,-1.0
2274,right,3,2,tissue+stuffed bird,Z,./stimuli/B_cropped_v1117/tissue_bird/IMG_3856.jpg,tissue,annotator2,13,SiteB,tissue,0.220261312,0.140179418,0.362338884,0.329028793,0.853372434,0.594330401,0.301075269,0.769305963,-1.0,-1.0,-1.0,-1.0
2275,right,3,2,tissue+stuffed bird,Z,./stimuli/B_cropped_v1117/tissue_bird/IMG_3857.jpg,stuffed bird,annotator2,9,SiteB,tissue,0.220214445,0.131682935,0.370205888,0.329705139,0.853372434,0.602150538,0.302052786,0.769305963,-1.0,-1.0,-1.0,-1.0
2276,right,3,2,tissue+stuffed bird,Z,./stimuli/B_cropped_v1117/tissue_bird/IMG_3858.jpg,stuffed bird,annotator2,10,SiteB,stuffed bird,0.18702573,0.167549897,0.329103302,0.356399272,0.849462366,0.608993157,0.284457478,0.769305963,-1.0,-1.0,-1.0,-1.0
2277,right,3,2,tissue+stuffed bird,Z,./stimuli/B_cropped_v1117/tissue_bird/IMG_3859.jpg,tissue,annotator2,10,SiteB,stuffed bird,0.19,0.172730908,0.33,0.359038398,0.849462366,0.619745846,0.301075269,0.788856305,-1.0,-1.0,-1.0,-1.0
2278,front,1,2,tissue+stuffed bird,Z,./stimuli/B_cropped_v1117/tissue_bird/IMG_3860.jpg,tissue,annotator2,14,SiteB,-1,0.400519801,0.08033981,0.576997306,0.326307307,0.632453568,0.853372434,0.1485826,0.866080156,-1.0,-1.0,-1.0,-1.0
2279,front,1,2,tissue+stuffed bird,Z,./stimuli/B_cropped_v1117/tissue_bird/IMG_3861.jpg,stuffed bird,annotator2,3,SiteB,-1,0.394185536,0.079769386,0.575511433,0.330787799,0.632453568,0.721407625,0.1485826,0.866080156,-1.0,-1.0,-1.0,-1.0
2280,front,1,2,tissue+stuffed bird,Z,./stimuli/B_cropped_v1117/tissue_bird/IMG_3862.jpg,tissue,annotator2,10,SiteB,tissue,0.428882522,0.086036691,0.619015816,0.320610426,0.671554252,0.811339198,0.188660802,0.832844575,-1.0,-1.0,-1.0,-1.0
2281,front,1,2,tissue+stuffed bird,Z,./stimuli/B_cropped_v1117/tissue_bird/IMG_3863.jpg,stuffed bird,annotator2,1,SiteB,tissue,0.43080317,0.085059173,0.628825374,0.319632909,0.671554252,0.788856305,0.188660802,0.832844575,-1.0,-1.0,-1.0,-1.0
2282,front,1,2,tissue+stuffed bird,Z,./stimuli/B_cropped_v1117/tissue_bird/IMG_3864.jpg,stuffed bird,annotator2,5,SiteB,stuffed bird,0.426912763,0.098529362,0.603390268,0.323758028,0.671554252,0.788856305,0.219941349,0.832844575,-1.0,-1.0,-1.0,-1.0
2283,front,1,2,tissue+stuffed bird,Z,./stimuli/B_cropped_v1117/tissue_bird/IMG_3865.jpg,tissue,annotator2,6,SiteB,stuffed bird,0.405422111,0.098529362,0.595555406,0.323758028,0.671554252,0.721407625,0.188660802,0.832844575,-1.0,-1.0,-1.0,-1.0
2284,front,2,2,tissue+stuffed bird,Z,./stimuli/B_cropped_v1117/tissue_bird/IMG_3866.jpg,tissue,annotator2,10,SiteB,-1,0.521351664,0.043349143,0.682949411,0.265546263,0.810361681,0.632453568,0.1485826,0.744868035,-1.0,-1.0,-1.0,-1.0
2285,front,2,2,tissue+stuffed bird,Z,./stimuli/B_cropped_v1117/tissue_bird/IMG_3867.jpg,stuffed bird,annotator2,8,SiteB,-1,0.479318429,0.131484887,0.640916175,0.337723324,0.769305963,0.674486804,0.1485826,0.788856305,-1.0,-1.0,-1.0,-1.0
2286,front,2,2,tissue+stuffed bird,Z,./stimuli/B_cropped_v1117/tissue_bird/IMG_3868.jpg,tissue,annotator2,12,SiteB,tissue,0.51392651,0.134296297,0.704059804,0.350552188,0.788856305,0.693059629,0.1485826,0.788856305,-1.0,-1.0,-1.0,-1.0
2287,front,2,2,tissue+stuffed bird,Z,./stimuli/B_cropped_v1117/tissue_bird/IMG_3869.jpg,stuffed bird,annotator2,11,SiteB,tissue,0.51,0.123505545,0.68,0.345702666,0.769305963,0.674486804,0.1485826,0.788856305,-1.0,-1.0,-1.0,-1.0
2288,front,2,2,tissue+stuffed bird,Z,./stimuli/B_cropped_v1117/tissue_bird/IMG_3870.jpg,stuffed bird,annotator2,11,SiteB,stuffed bird,0.473453326,0.146147644,0.635051073,0.352386081,0.769305963,0.674486804,0.1485826,0.788856305,-1.0,-1.0,-1.0,-1.0
2289,front,2,2,tissue+stuffed bird,Z,./stimuli/B_cropped_v1117/tissue_bird/IMG_3871.jpg,tissue,annotator2,3,SiteB,stuffed bird,0.479318429,0.147125161,0.640916175,0.353363598,0.769305963,0.686217009,0.1485826,0.788856305,-1.0,-1.0,-1.0,-1.0
2290,front,3,2,tissue+stuffed bird,Z,./stimuli/B_cropped_v1117/tissue_bird/IMG_3872.jpg,tissue,annotator2,13,SiteB,-1,0.490817016,0.363804125,0.615732349,0.517916305,0.788856305,0.769305963,0.109481916,0.866080156,-1.0,-1.0,-1.0,-1.0
2291,front,3,2,tissue+stuffed bird,Z,./stimuli/B_cropped_v1117/tissue_bird/IMG_3873.jpg,stuffed bird,annotator2,1,SiteB,-1,0.465934757,0.373579296,0.585873649,0.527691476,0.810361681,0.769305963,0.109481916,0.866080156,-1.0,-1.0,-1.0,-1.0
2292,front,3,2,tissue+stuffed bird,Z,./stimuli/B_cropped_v1117/tissue_bird/IMG_3874.jpg,tissue,annotator2,4,SiteB,tissue,0.496682118,0.368691711,0.621597452,0.52280389,0.810361681,0.769305963,0.109481916,0.866080156,-1.0,-1.0,-1.0,-1.0
2293,front,3,2,tissue+stuffed bird,Z,./stimuli/B_cropped_v1117/tissue_bird/IMG_3875.jpg,stuffed bird,annotator2,11,SiteB,tissue,0.491908596,0.355764178,0.628326008,0.529866321,0.810361681,0.769305963,0.109481916,0.866080156,-1.0,-1.0,-1.0,-1.0
2294,front,3,2,tissue+stuffed bird,Z,./stimuli/B_cropped_v1117/tissue_bird/IMG_3876.jpg,stuffed bird,annotator2,15,SiteB,stuffed bird,0.461491502,0.377107327,0.586406836,0.539803718,0.810361681,0.779081134,0.109481916,0.866080156,-1.0,-1.0,-1.0,-1.0
2295,front,3,2,tissue+stuffed bird,Z,./stimuli/B_cropped_v1117/tissue_bird/IMG_3877.jpg,tissue,annotator2,8,SiteB,stuffed bird,0.461491502,0.381017396,0.586406836,0.543713787,0.810361681,0.782013685,0.109481916,0.866080156,-1.0,-1.0,-1.0,-1.0
2296,left,1,2,tissue+stuffed bird,Z,./stimuli/B_cropped_v1117/tissue_bird/IMG_3878.jpg,tissue,annotator2,7,SiteB,-1,0.645856933,0.1,0.8,0.287679649,0.359726295,0.632453568,0.109481916,0.671554252,-1.0,-1.0,-1.0,-1.0
2297,left,1,2,tissue+stuffed bird,Z,./stimuli/B_cropped_v1117/tissue_bird/IMG_3881.jpg,stuffed bird,annotator2,13,SiteB,-1,0.64,0.20471158,0.8,0.397438958,0.359726295,0.744868035,0.109481916,0.788856305,-1.0,-1.0,-1.0,-1.0
2298,left,1,2,tissue+stuffed bird,Z,./stimuli/B_cropped_v1117/tissue_bird/IMG_3882.jpg,tissue,annotator2,4,SiteB,tissue,0.66935173,0.189976709,0.859485024,0.412173829,0.359726295,0.744868035,0.1485826,0.788856305,-1.0,-1.0,-1.0,-1.0
2299,left,1,2,tissue+stuffed bird,Z,./stimuli/B_cropped_v1117/tissue_bird/IMG_3883.jpg,stuffed bird,annotator2,6,SiteB,tissue,0.68,0.189976709,0.85,0.412173829,0.359726295,0.853372434,0.1485826,0.788856305,-1.0,-1.0,-1.0,-1.0
2300,left,1,2,tissue+stuffed bird,Z,./stimuli/B_cropped_v1117/tissue_bird/IMG_3884.jpg,stuffed bird,annotator2,8,SiteB,stuffed bird,0.658204059,0.209405075,0.819801806,0.414250839,0.359726295,0.853372434,0.1485826,0.788856305,-1.0,-1.0,-1.0,-1.0
2301,left,1,2,tissue+stuffed bird,Z,./stimuli/B_cropped_v1117/tissue_bird/IMG_3885.jpg,tissue,annotator2,7,SiteB,stuffed bird,0.67,0.215270177,0.83,0.420115942,0.39198436,0.764418377,0.1485826,0.788856305,-1.0,-1.0,-1.0,-1.0
2302,left,2,2,tissue+stuffed bird,Z,./stimuli/B_cropped_v1117/tissue_bird/IMG_3886.jpg,tissue,annotator2,8,SiteB,-1,0.69,0.192787284,0.85,0.397633049,0.500488759,0.788856305,0.11827957,0.721407625,-1.0,-1.0,-1.0,-1.0
2303,left,2,2,tissue+stuffed bird,Z,./stimuli/B_cropped_v1117/tissue_bird/IMG_3887.jpg,stuffed bird,annotator2,2,SiteB,-1,0.681602519,0.200801512,0.831593962,0.393528889,0.500488759,0.788856305,0.11827957,0.716520039,-1.0,-1.0,-1.0,-1.0
2304,left,2,2,tissue+stuffed bird,Z,./stimuli/B_cropped_v1117/tissue_bird/IMG_3888.jpg,tissue,annotator2,0,SiteB,tissue,0.7,0.203041684,0.863852026,0.401063888,0.500488759,0.788856305,0.11827957,0.721407625,-1.0,-1.0,-1.0,-1.0
2305,left,2,2,tissue+stuffed bird,Z,./stimuli/B_cropped_v1117/tissue_bird/IMG_3889.jpg,stuffed bird,annotator2,12,SiteB,tissue,0.7,0.203041684,0.857065011,0.401063888,0.500488759,0.788856305,0.11827957,0.721407625,-1.0,-1.0,-1.0,-1.0
2306,left,2,2,tissue+stuffed bird,Z,./stimuli/B_cropped_v1117/tissue_bird/IMG_3890.jpg,stuffed bird,annotator2,16,SiteB,stuffed bird,0.684,0.21056065,0.844301684,0.399410025,0.500488759,0.721407625,0.129032258,0.721407625,-1.0,-1.0,-1.0,-1.0
2307,left,2,2,tissue+stuffed bird,Z,./stimuli/B_cropped_v1117/tissue_bird/IMG_3891.jpg,tissue,annotator2,18,SiteB,stuffed bird,0.673829249,0.207628098,0.815906821,0.396477474,0.500488759,0.716520039,0.11827957,0.712609971,-1.0,-1.0,-1.0,-1.0
2308,left,3,2,tissue+stuffed bird,Z,./stimuli/B_cropped_v1117/tissue_bird/IMG_3892.jpg,tissue,annotator2,16,SiteB,-1,0.693789658,0.138240417,0.883922952,0.330967794,0.632453568,0.674486804,0.099706745,0.660801564,-1.0,-1.0,-1.0,-1.0
2309,left,3,2,tissue+stuffed bird,Z,./stimuli/B_cropped_v1117/tissue_bird/IMG_3893.jpg,stuffed bird,annotator2,15,SiteB,-1,0.68,0.157090635,0.82238987,0.343398124,0.632453568,0.674486804,0.10459433,0.660801564,-1.0,-1.0,-1.0,-1.0
2310,left,3,2,tissue+stuffed bird,Z,./stimuli/B_cropped_v1117/tissue_bird/IMG_3894.jpg,tissue,annotator2,1,SiteB,tissue,0.713860584,0.15388069,0.863852026,0.346608068,0.632453568,0.674486804,0.10459433,0.660801564,-1.0,-1.0,-1.0,-1.0
2311,left,3,2,tissue+stuffed bird,Z,./stimuli/B_cropped_v1117/tissue_bird/IMG_3895.jpg,stuffed bird,annotator2,13,SiteB,tissue,0.713860584,0.15388069,0.863852026,0.346608068,0.632453568,0.674486804,0.101661779,0.644183773,-1.0,-1.0,-1.0,-1.0
2312,left,3,2,tissue+stuffed bird,Z,./stimuli/B_cropped_v1117/tissue_bird/IMG_3896.jpg,stuffed bird,annotator2,16,SiteB,stuffed bird,0.659119626,0.174923513,0.809111068,0.349025656,0.632453568,0.674486804,0.101661779,0.644183773,-1.0,-1.0,-1.0,-1.0
2313,left,3,2,tissue+stuffed bird,Z,./stimuli/B_cropped_v1117/tissue_bird/IMG_3897.jpg,tissue,annotator2,17,SiteB,stuffed bird,0.659119626,0.171923858,0.809111068,0.352025311,0.632453568,0.674486804,0.101661779,0.644183773,-1.0,-1.0,-1.0,-1.0
2314,right,1,2,tulips+kettle,Z,./stimuli/B_cropped_v1117/tulip toy_kettle/IMG_3777.jpg,tulips,annotator1,7,SiteB,-1,0.23878727,0.230110992,0.388778713,0.418960367,0.810361681,0.500488759,0.671554252,0.721407625,-1.0,-1.0,-1.0,-1.0
2315,right,1,2,tulips+kettle,Z,./stimuli/B_cropped_v1117/tulip toy_kettle/IMG_3778.jpg,kettle,annotator1,7,SiteB,-1,0.241003747,0.229133475,0.372876996,0.41798285,0.810361681,0.500488759,0.671554252,0.721407625,-1.0,-1.0,-1.0,-1.0
2316,right,1,2,tulips+kettle,Z,./stimuli/B_cropped_v1117/tulip toy_kettle/IMG_3779.jpg,tulips,annotator1,7,SiteB,tulips,0.245891332,0.248977243,0.377764582,0.435284732,0.801564027,0.515151515,0.671554252,0.744868035,-1.0,-1.0,-1.0,-1.0
2317,right,1,2,tulips+kettle,Z,./stimuli/B_cropped_v1117/tulip toy_kettle/IMG_3780.jpg,kettle,annotator1,6,SiteB,tulips,0.243619251,0.2477063,0.380036663,0.436555675,0.801564027,0.515151515,0.671554252,0.744868035,-1.0,-1.0,-1.0,-1.0
2318,right,1,2,tulips+kettle,Z,./stimuli/B_cropped_v1117/tulip toy_kettle/IMG_3781.jpg,kettle,annotator1,2,SiteB,kettle,0.236116161,0.255819862,0.367989411,0.442127352,0.801564027,0.523949169,0.671554252,0.744868035,-1.0,-1.0,-1.0,-1.0
2319,right,1,2,tulips+kettle,Z,./stimuli/B_cropped_v1117/tulip toy_kettle/IMG_3782.jpg,tulips,annotator1,13,SiteB,kettle,0.245891332,0.256503954,0.377764582,0.445353329,0.810361681,0.542521994,0.671554252,0.769305963,-1.0,-1.0,-1.0,-1.0
2320,right,2,2,tulips+kettle,Z,./stimuli/B_cropped_v1117/tulip toy_kettle/IMG_3783.jpg,tulips,annotator1,15,SiteB,-1,0.236116161,0.207628098,0.367989411,0.396477474,0.829912023,0.500488759,0.542521994,0.721407625,-1.0,-1.0,-1.0,-1.0
2321,right,2,2,tulips+kettle,Z,./stimuli/B_cropped_v1117/tulip toy_kettle/IMG_3784.jpg,kettle,annotator1,16,SiteB,-1,0.213316221,0.202740513,0.349733633,0.391589888,0.820136852,0.481915934,0.542521994,0.721407625,-1.0,-1.0,-1.0,-1.0
2322,right,2,2,tulips+kettle,Z,./stimuli/B_cropped_v1117/tulip toy_kettle/IMG_3785.jpg,tulips,annotator1,0,SiteB,tulips,0.225363473,0.202740513,0.357236723,0.391589888,0.810361681,0.474095797,0.542521994,0.671554252,-1.0,-1.0,-1.0,-1.0
2323,right,2,2,tulips+kettle,Z,./stimuli/B_cropped_v1117/tulip toy_kettle/IMG_3786.jpg,kettle,annotator1,16,SiteB,tulips,0.225363473,0.207921524,0.357236723,0.394229014,0.810361681,0.481915934,0.542521994,0.721407625,-1.0,-1.0,-1.0,-1.0
2324,right,2,2,tulips+kettle,Z,./stimuli/B_cropped_v1117/tulip toy_kettle/IMG_3787.jpg,kettle,annotator1,13,SiteB,kettle,0.209723199,0.200785478,0.341596449,0.389634854,0.820136852,0.470185728,0.542521994,0.671554252,-1.0,-1.0,-1.0,-1.0
2325,right,2,2,tulips+kettle,Z,./stimuli/B_cropped_v1117/tulip toy_kettle/IMG_3788.jpg,tulips,annotator1,11,SiteB,kettle,0.209919943,0.200785478,0.347264808,0.389634854,0.827956989,0.476050831,0.542521994,0.671554252,-1.0,-1.0,-1.0,-1.0
2326,right,3,2,tulips+kettle,Z,./stimuli/B_cropped_v1117/tulip toy_kettle/IMG_3789.jpg,tulips,annotator1,2,SiteB,-1,0.221999811,0.200785478,0.346915145,0.389634854,0.884652981,0.476050831,0.359726295,0.721407625,-1.0,-1.0,-1.0,-1.0
2327,right,3,2,tulips+kettle,Z,./stimuli/B_cropped_v1117/tulip toy_kettle/IMG_3790.jpg,kettle,annotator1,5,SiteB,-1,0.19603796,0.206650581,0.327911209,0.395499957,0.884652981,0.476050831,0.359726295,0.721407625,-1.0,-1.0,-1.0,-1.0
2328,right,3,2,tulips+kettle,Z,./stimuli/B_cropped_v1117/tulip toy_kettle/IMG_3791.jpg,tulips,annotator1,6,SiteB,tulips,0.225363473,0.213786627,0.357236723,0.400094116,0.884652981,0.481915934,0.359726295,0.744868035,-1.0,-1.0,-1.0,-1.0
2329,right,3,2,tulips+kettle,Z,./stimuli/B_cropped_v1117/tulip toy_kettle/IMG_3792.jpg,kettle,annotator1,2,SiteB,tulips,0.225363473,0.218674212,0.357236723,0.404981702,0.884652981,0.488758553,0.359726295,0.744868035,-1.0,-1.0,-1.0,-1.0
2330,right,3,2,tulips+kettle,Z,./stimuli/B_cropped_v1117/tulip toy_kettle/IMG_3793.jpg,kettle,annotator1,7,SiteB,kettle,0.194845867,0.226494349,0.336923439,0.412801839,0.884652981,0.500488759,0.359726295,0.744868035,-1.0,-1.0,-1.0,-1.0
2331,right,3,2,tulips+kettle,Z,./stimuli/B_cropped_v1117/tulip toy_kettle/IMG_3794.jpg,tulips,annotator1,18,SiteB,kettle,0.190888932,0.230110992,0.340880374,0.418960367,0.884652981,0.500488759,0.359726295,0.769305963,-1.0,-1.0,-1.0,-1.0
2332,front,1,2,tulips+kettle,Z,./stimuli/B_cropped_v1117/tulip toy_kettle/IMG_3795.jpg,tulips,annotator1,4,SiteB,-1,0.440155794,0.097150647,0.590147237,0.313406538,0.632453568,0.39198436,0.359726295,0.671554252,-1.0,-1.0,-1.0,-1.0
2333,front,1,2,tulips+kettle,Z,./stimuli/B_cropped_v1117/tulip toy_kettle/IMG_3796.jpg,kettle,annotator1,4,SiteB,-1,0.448953448,0.094180032,0.598944891,0.316377152,0.744868035,0.42228739,0.359726295,0.632453568,-1.0,-1.0,-1.0,-1.0
2334,front,1,2,tulips+kettle,Z,./stimuli/B_cropped_v1117/tulip toy_kettle/IMG_3797.jpg,tulips,annotator1,1,SiteB,tulips,0.419689885,0.169608054,0.581287632,0.375846491,0.602150538,0.458455523,0.335288368,0.721407625,-1.0,-1.0,-1.0,-1.0
2335,front,1,2,tulips+kettle,Z,./stimuli/B_cropped_v1117/tulip toy_kettle/IMG_3798.jpg,kettle,annotator1,15,SiteB,tulips,0.422908792,0.162765434,0.578068725,0.369003872,0.602150538,0.442815249,0.335288368,0.671554252,-1.0,-1.0,-1.0,-1.0
2336,front,1,2,tulips+kettle,Z,./stimuli/B_cropped_v1117/tulip toy_kettle/IMG_3799.jpg,kettle,annotator1,13,SiteB,kettle,0.422381354,0.169608054,0.578596163,0.375846491,0.709677419,0.470185728,0.335288368,0.671554252,-1.0,-1.0,-1.0,-1.0
2337,front,1,2,tulips+kettle,Z,./stimuli/B_cropped_v1117/tulip toy_kettle/IMG_3800.jpg,tulips,annotator1,1,SiteB,kettle,0.425493037,0.169608054,0.57548448,0.375846491,0.629521017,0.442815249,0.335288368,0.671554252,-1.0,-1.0,-1.0,-1.0
2338,front,2,2,tulips+kettle,Z,./stimuli/B_cropped_v1117/tulip toy_kettle/IMG_3801.jpg,tulips,annotator1,13,SiteB,-1,0.419689885,0.233694793,0.581287632,0.442747044,0.744868035,0.500488759,0.188660802,0.769305963,-1.0,-1.0,-1.0,-1.0
2339,front,2,2,tulips+kettle,Z,./stimuli/B_cropped_v1117/tulip toy_kettle/IMG_3802.jpg,kettle,annotator1,17,SiteB,-1,0.440155794,0.233694793,0.590147237,0.442747044,0.769305963,0.500488759,0.250244379,0.769305963,-1.0,-1.0,-1.0,-1.0
2340,front,2,2,tulips+kettle,Z,./stimuli/B_cropped_v1117/tulip toy_kettle/IMG_3803.jpg,tulips,annotator1,14,SiteB,tulips,0.455166857,0.223919622,0.610326789,0.432971873,0.769305963,0.500488759,0.250244379,0.769305963,-1.0,-1.0,-1.0,-1.0
2341,front,2,2,tulips+kettle,Z,./stimuli/B_cropped_v1117/tulip toy_kettle/IMG_3804.jpg,kettle,annotator1,15,SiteB,tulips,0.448324237,0.216407734,0.603484169,0.432663625,0.765395894,0.500488759,0.250244379,0.769305963,-1.0,-1.0,-1.0,-1.0
2342,front,2,2,tulips+kettle,Z,./stimuli/B_cropped_v1117/tulip toy_kettle/IMG_3805.jpg,kettle,annotator1,1,SiteB,kettle,0.443088345,0.225874656,0.593079788,0.434926908,0.769305963,0.500488759,0.250244379,0.769305963,-1.0,-1.0,-1.0,-1.0
2343,front,2,2,tulips+kettle,Z,./stimuli/B_cropped_v1117/tulip toy_kettle/IMG_3806.jpg,tulips,annotator1,1,SiteB,kettle,0.443088345,0.233694793,0.593079788,0.442747044,0.769305963,0.500488759,0.250244379,0.769305963,-1.0,-1.0,-1.0,-1.0
2344,front,3,2,tulips+kettle,Z,./stimuli/B_cropped_v1117/tulip toy_kettle/IMG_3807.jpg,tulips,annotator1,7,SiteB,-1,0.477131776,0.296909733,0.602047109,0.467508645,0.849462366,0.500488759,0.11827957,0.721407625,-1.0,-1.0,-1.0,-1.0
2345,front,3,2,tulips+kettle,Z,./stimuli/B_cropped_v1117/tulip toy_kettle/IMG_3808.jpg,kettle,annotator1,5,SiteB,-1,0.451501171,0.290067113,0.569026689,0.460666025,0.849462366,0.500488759,0.109481916,0.721407625,-1.0,-1.0,-1.0,-1.0
2346,front,3,2,tulips+kettle,Z,./stimuli/B_cropped_v1117/tulip toy_kettle/IMG_3809.jpg,tulips,annotator1,10,SiteB,tulips,0.492953698,0.286360463,0.609685598,0.460462606,0.849462366,0.500488759,0.11827957,0.671554252,-1.0,-1.0,-1.0,-1.0
2347,front,3,2,tulips+kettle,Z,./stimuli/B_cropped_v1117/tulip toy_kettle/IMG_3810.jpg,kettle,annotator1,9,SiteB,tulips,0.486691786,0.284405429,0.604217304,0.458507572,0.849462366,0.500488759,0.11827957,0.671554252,-1.0,-1.0,-1.0,-1.0
2348,front,3,2,tulips+kettle,Z,./stimuli/B_cropped_v1117/tulip toy_kettle/IMG_3811.jpg,kettle,annotator1,1,SiteB,kettle,0.452693849,0.295158117,0.577609182,0.46926026,0.853372434,0.500488759,0.11827957,0.721407625,-1.0,-1.0,-1.0,-1.0
2349,front,3,2,tulips+kettle,Z,./stimuli/B_cropped_v1117/tulip toy_kettle/IMG_3812.jpg,tulips,annotator1,13,SiteB,kettle,0.452693849,0.296909733,0.577609182,0.467508645,0.849462366,0.500488759,0.11827957,0.721407625,-1.0,-1.0,-1.0,-1.0
2350,left,1,2,tulips+kettle,Z,./stimuli/B_cropped_v1117/tulip toy_kettle/IMG_3819.jpg,tulips,annotator1,9,SiteB,-1,0.640068055,0.19003279,0.779286784,0.378882166,0.434995112,0.500488759,0.1485826,0.671554252,-1.0,-1.0,-1.0,-1.0
2351,left,1,2,tulips+kettle,Z,./stimuli/B_cropped_v1117/tulip toy_kettle/IMG_3820.jpg,kettle,annotator1,17,SiteB,-1,0.611221287,0.191303733,0.76121273,0.377611223,0.419354839,0.500488759,0.109481916,0.671554252,-1.0,-1.0,-1.0,-1.0
2352,left,1,2,tulips+kettle,Z,./stimuli/B_cropped_v1117/tulip toy_kettle/IMG_3821.jpg,tulips,annotator1,9,SiteB,tulips,0.668941664,0.19003279,0.811019235,0.378882166,0.458455523,0.500488759,0.188660802,0.671554252,-1.0,-1.0,-1.0,-1.0
2353,left,1,2,tulips+kettle,Z,./stimuli/B_cropped_v1117/tulip toy_kettle/IMG_3822.jpg,kettle,annotator1,2,SiteB,tulips,0.671874215,0.19003279,0.813951787,0.378882166,0.500488759,0.442815249,0.188660802,0.671554252,-1.0,-1.0,-1.0,-1.0
2354,left,1,2,tulips+kettle,Z,./stimuli/B_cropped_v1117/tulip toy_kettle/IMG_3823.jpg,kettle,annotator1,16,SiteB,kettle,0.655256424,0.19003279,0.797333996,0.378882166,0.500488759,0.440860215,0.188660802,0.632453568,-1.0,-1.0,-1.0,-1.0
2355,left,1,2,tulips+kettle,Z,./stimuli/B_cropped_v1117/tulip toy_kettle/IMG_3824.jpg,tulips,annotator1,4,SiteB,kettle,0.650368839,0.19003279,0.79244641,0.378882166,0.500488759,0.442815249,0.172043011,0.632453568,-1.0,-1.0,-1.0,-1.0
2356,left,2,2,tulips+kettle,Z,./stimuli/B_cropped_v1117/tulip toy_kettle/IMG_3825.jpg,tulips,annotator1,16,SiteB,-1,0.694310241,0.179296135,0.844301684,0.372023513,0.500488759,0.458455523,0.11827957,0.632453568,-1.0,-1.0,-1.0,-1.0
2357,left,2,2,tulips+kettle,Z,./stimuli/B_cropped_v1117/tulip toy_kettle/IMG_3826.jpg,kettle,annotator1,19,SiteB,-1,0.676195603,0.19003279,0.813540468,0.378882166,0.500488759,0.458455523,0.11827957,0.632453568,-1.0,-1.0,-1.0,-1.0
2358,left,2,2,tulips+kettle,Z,./stimuli/B_cropped_v1117/tulip toy_kettle/IMG_3827.jpg,tulips,annotator1,18,SiteB,tulips,0.703154763,0.176363584,0.845232334,0.369090962,0.500488759,0.458455523,0.1485826,0.632453568,-1.0,-1.0,-1.0,-1.0
2359,left,2,2,tulips+kettle,Z,./stimuli/B_cropped_v1117/tulip toy_kettle/IMG_3828.jpg,kettle,annotator1,0,SiteB,tulips,0.698267177,0.169520964,0.840344749,0.362248342,0.500488759,0.442815249,0.11827957,0.632453568,-1.0,-1.0,-1.0,-1.0
2360,left,2,2,tulips+kettle,Z,./stimuli/B_cropped_v1117/tulip toy_kettle/IMG_3829.jpg,kettle,annotator1,1,SiteB,kettle,0.665906641,0.173414999,0.802324053,0.362264375,0.500488759,0.440860215,0.109481916,0.632453568,-1.0,-1.0,-1.0,-1.0
2361,left,2,2,tulips+kettle,Z,./stimuli/B_cropped_v1117/tulip toy_kettle/IMG_3830.jpg,tulips,annotator1,18,SiteB,kettle,0.663076561,0.175370034,0.805154133,0.364219409,0.500488759,0.440860215,0.109481916,0.632453568,-1.0,-1.0,-1.0,-1.0
2362,left,3,2,tulips+kettle,Z,./stimuli/B_cropped_v1117/tulip toy_kettle/IMG_3831.jpg,tulips,annotator1,8,SiteB,-1,0.717817519,0.155819692,0.859895091,0.344669067,0.744868035,0.442815249,0.109481916,0.632453568,-1.0,-1.0,-1.0,-1.0
2363,left,3,2,tulips+kettle,Z,./stimuli/B_cropped_v1117/tulip toy_kettle/IMG_3832.jpg,kettle,annotator1,8,SiteB,-1,0.703154763,0.147999555,0.845232334,0.33684893,0.744868035,0.442815249,0.109481916,0.602150538,-1.0,-1.0,-1.0,-1.0
2364,left,3,2,tulips+kettle,Z,./stimuli/B_cropped_v1117/tulip toy_kettle/IMG_3833.jpg,tulips,annotator1,1,SiteB,tulips,0.736343477,0.135113774,0.88633492,0.339959539,0.744868035,0.442815249,0.109481916,0.602150538,-1.0,-1.0,-1.0,-1.0
2365,left,3,2,tulips+kettle,Z,./stimuli/B_cropped_v1117/tulip toy_kettle/IMG_3834.jpg,kettle,annotator1,3,SiteB,tulips,0.74220858,0.135113774,0.892200023,0.339959539,0.744868035,0.442815249,0.109481916,0.590420332,-1.0,-1.0,-1.0,-1.0
2366,left,3,2,tulips+kettle,Z,./stimuli/B_cropped_v1117/tulip toy_kettle/IMG_3835.jpg,kettle,annotator1,18,SiteB,kettle,0.699197827,0.164617345,0.84918927,0.353466721,0.716520039,0.442815249,0.109481916,0.632453568,-1.0,-1.0,-1.0,-1.0
2367,left,3,2,tulips+kettle,Z,./stimuli/B_cropped_v1117/tulip toy_kettle/IMG_3836.jpg,tulips,annotator1,16,SiteB,kettle,0.694310241,0.165594863,0.844301684,0.354444238,0.716520039,0.442815249,0.109481916,0.632453568,-1.0,-1.0,-1.0,-1.0
